MONTH,AIRLINE,ORIGIN_AIRPORT,total_voos,total_atrasados,soma_delay
1,AA,ABQ,123,10,580.0
1,AA,ATL,396,65,3265.0
1,AA,AUS,634,92,3822.0
1,AA,BDL,87,16,1374.0
1,AA,BHM,58,10,2198.0
1,AA,BNA,289,41,1558.0
1,AA,BOS,812,130,7679.0
1,AA,BWI,216,51,3502.0
1,AA,CLE,93,26,2252.0
1,AA,CLT,395,39,1605.0
1,AA,CMH,125,20,1234.0
1,AA,COS,58,15,1552.0
1,AA,DAY,87,11,706.0
1,AA,DCA,909,139,7198.0
1,AA,DEN,479,145,7459.0
1,AA,DFW,12259,2854,144796.0
1,AA,DSM,56,13,1080.0
1,AA,DTW,236,37,1817.0
1,AA,EGE,195,40,3374.0
1,AA,ELP,115,25,1521.0
1,AA,EWR,303,67,4385.0
1,AA,FAT,50,10,2953.0
1,AA,FLL,310,55,2130.0
1,AA,GUC,31,6,680.0
1,AA,HDN,40,9,409.0
1,AA,HNL,169,36,4506.0
1,AA,HOU,56,5,25.0
1,AA,IAD,211,32,1570.0
1,AA,IAH,443,64,2752.0
1,AA,ICT,60,7,721.0
1,AA,IND,152,28,1928.0
1,AA,JAC,36,3,-130.0
1,AA,JAX,117,18,2579.0
1,AA,JFK,1283,276,18004.0
1,AA,KOA,36,6,104.0
1,AA,LAS,881,113,8073.0
1,AA,LAX,2591,296,9291.0
1,AA,LGA,1106,211,9001.0
1,AA,LIH,44,6,25.0
1,AA,LIT,9,2,113.0
1,AA,MCI,211,30,792.0
1,AA,MCO,932,159,7281.0
1,AA,MEM,75,14,1850.0
1,AA,MFE,150,25,713.0
1,AA,MIA,4248,1045,53463.0
1,AA,MKE,93,14,684.0
1,AA,MSP,349,73,7514.0
1,AA,MSY,242,36,2720.0
1,AA,MTJ,5,3,117.0
1,AA,OGG,97,17,889.0
1,AA,OKC,175,20,740.0
1,AA,OMA,145,12,2583.0
1,AA,ONT,111,17,1625.0
1,AA,ORD,3812,961,54172.0
1,AA,ORF,57,12,263.0
1,AA,PBI,204,38,1823.0
1,AA,PDX,113,13,458.0
1,AA,PHL,267,53,3870.0
1,AA,PHX,506,81,6126.0
1,AA,PIT,110,19,997.0
1,AA,PSP,118,22,785.0
1,AA,RDU,314,30,1507.0
1,AA,RIC,62,8,486.0
1,AA,RNO,91,16,1171.0
1,AA,RSW,178,33,1448.0
1,AA,SAN,434,50,1413.0
1,AA,SAT,438,58,1637.0
1,AA,SDF,26,8,340.0
1,AA,SEA,369,53,2956.0
1,AA,SFO,862,153,8572.0
1,AA,SJC,176,32,2576.0
1,AA,SJU,371,78,4338.0
1,AA,SLC,173,36,1974.0
1,AA,SMF,113,17,2496.0
1,AA,SNA,390,43,928.0
1,AA,STL,424,69,2201.0
1,AA,STT,108,23,1300.0
1,AA,STX,50,4,324.0
1,AA,TPA,503,71,2260.0
1,AA,TUL,244,32,1074.0
1,AA,TUS,263,32,689.0
1,AS,ABQ,31,2,-222.0
1,AS,ADK,9,1,-60.0
1,AS,ADQ,29,2,-256.0
1,AS,ANC,992,81,400.0
1,AS,ATL,31,10,300.0
1,AS,AUS,31,2,-62.0
1,AS,BET,80,5,-185.0
1,AS,BLI,93,4,96.0
1,AS,BOS,105,31,1935.0
1,AS,BRW,80,14,567.0
1,AS,BUR,93,12,362.0
1,AS,BWI,31,6,171.0
1,AS,CDV,60,7,-500.0
1,AS,DCA,120,13,89.0
1,AS,DEN,124,13,105.0
1,AS,DFW,105,13,306.0
1,AS,DTW,31,8,255.0
1,AS,EWR,57,9,472.0
1,AS,FAI,154,14,138.0
1,AS,FLL,31,6,91.0
1,AS,GEG,145,18,447.0
1,AS,HNL,183,29,741.0
1,AS,IAH,31,5,212.0
1,AS,JNU,296,47,2049.0
1,AS,KOA,133,22,1153.0
1,AS,KTN,178,26,516.0
1,AS,LAS,383,46,541.0
1,AS,LAX,591,45,444.0
1,AS,LIH,123,18,244.0
1,AS,MCI,31,2,-177.0
1,AS,MCO,63,9,123.0
1,AS,MSP,35,5,30.0
1,AS,MSY,31,3,-71.0
1,AS,OAK,198,17,-379.0
1,AS,OGG,275,49,1796.0
1,AS,OME,58,6,6.0
1,AS,ONT,13,2,26.0
1,AS,ORD,100,22,1290.0
1,AS,OTZ,60,8,330.0
1,AS,PDX,1126,114,2270.0
1,AS,PHL,31,12,486.0
1,AS,PHX,207,33,1508.0
1,AS,PSG,61,12,557.0
1,AS,PSP,156,21,216.0
1,AS,SAN,439,29,-740.0
1,AS,SAT,31,3,-180.0
1,AS,SCC,78,14,491.0
1,AS,SEA,4044,556,20490.0
1,AS,SFO,450,69,2890.0
1,AS,SIT,92,12,165.0
1,AS,SJC,407,49,1580.0
1,AS,SLC,211,10,-592.0
1,AS,SMF,162,17,306.0
1,AS,SNA,271,24,-578.0
1,AS,STL,31,3,23.0
1,AS,TPA,31,3,-19.0
1,AS,TUS,32,2,-161.0
1,AS,WRG,60,10,278.0
1,AS,YAK,59,7,-473.0
1,B6,ABQ,20,5,233.0
1,B6,AUS,186,30,915.0
1,B6,BDL,304,78,3992.0
1,B6,BOS,3034,587,26777.0
1,B6,BQN,78,13,717.0
1,B6,BTV,85,14,163.0
1,B6,BUF,311,67,2499.0
1,B6,BUR,30,5,229.0
1,B6,BWI,115,20,212.0
1,B6,CHS,142,22,1178.0
1,B6,CLT,107,26,1085.0
1,B6,DCA,817,113,5139.0
1,B6,DEN,75,23,1282.0
1,B6,DFW,45,12,432.0
1,B6,DTW,84,6,-244.0
1,B6,EWR,587,114,5790.0
1,B6,FLL,1599,385,18986.0
1,B6,HOU,63,19,871.0
1,B6,HPN,306,68,4257.0
1,B6,IAD,157,28,1446.0
1,B6,JAX,240,36,1558.0
1,B6,JFK,3318,631,31641.0
1,B6,LAS,316,53,2480.0
1,B6,LAX,340,59,2640.0
1,B6,LGA,559,199,11062.0
1,B6,LGB,636,84,2591.0
1,B6,MCO,1524,389,23595.0
1,B6,MSY,93,24,1141.0
1,B6,OAK,111,14,299.0
1,B6,ORD,161,33,1081.0
1,B6,ORH,52,10,260.0
1,B6,PBI,721,213,11588.0
1,B6,PDX,80,8,-117.0
1,B6,PHL,123,33,1855.0
1,B6,PHX,57,15,732.0
1,B6,PIT,119,21,567.0
1,B6,PSE,72,8,-149.0
1,B6,PVD,88,8,-162.0
1,B6,PWM,82,16,610.0
1,B6,RDU,198,32,1559.0
1,B6,RIC,176,22,595.0
1,B6,ROC,87,10,119.0
1,B6,RSW,424,109,4934.0
1,B6,SAN,93,14,580.0
1,B6,SAV,85,17,830.0
1,B6,SEA,137,38,1867.0
1,B6,SFO,384,55,2700.0
1,B6,SJC,22,3,88.0
1,B6,SJU,962,237,10443.0
1,B6,SLC,141,34,1399.0
1,B6,SMF,75,13,512.0
1,B6,SRQ,88,27,1383.0
1,B6,STT,100,15,-90.0
1,B6,STX,31,7,409.0
1,B6,SWF,56,11,629.0
1,B6,SYR,120,27,1130.0
1,B6,TPA,505,133,7081.0
1,DL,ABE,23,1,44.0
1,DL,ABQ,67,7,565.0
1,DL,AGS,38,2,7.0
1,DL,ALB,59,9,698.0
1,DL,ANC,116,8,-203.0
1,DL,ATL,18452,2232,98177.0
1,DL,ATW,38,1,-54.0
1,DL,AUS,258,25,922.0
1,DL,AVL,61,5,225.0
1,DL,AVP,5,1,9.0
1,DL,BDL,274,41,2529.0
1,DL,BHM,242,27,1624.0
1,DL,BIL,68,1,-263.0
1,DL,BIS,30,1,-27.0
1,DL,BNA,344,36,1416.0
1,DL,BOI,87,2,-164.0
1,DL,BOS,1187,222,13336.0
1,DL,BTR,20,0,-37.0
1,DL,BUF,157,11,478.0
1,DL,BWI,513,42,2968.0
1,DL,BZN,74,10,502.0
1,DL,CAE,76,4,1172.0
1,DL,CAK,111,10,916.0
1,DL,CHA,95,6,128.0
1,DL,CHO,24,1,-47.0
1,DL,CHS,235,21,550.0
1,DL,CLE,181,6,-109.0
1,DL,CLT,516,50,2519.0
1,DL,CMH,240,29,1401.0
1,DL,COS,27,3,530.0
1,DL,CRW,27,2,72.0
1,DL,CVG,474,27,787.0
1,DL,DAB,120,9,55.0
1,DL,DAL,120,24,898.0
1,DL,DAY,126,8,58.0
1,DL,DCA,726,81,5430.0
1,DL,DEN,552,95,3974.0
1,DL,DFW,406,50,2707.0
1,DL,DLH,27,3,73.0
1,DL,DSM,77,5,442.0
1,DL,DTW,3853,599,31183.0
1,DL,ECP,142,16,1755.0
1,DL,EGE,32,6,353.0
1,DL,ELP,57,5,240.0
1,DL,EVV,27,0,-78.0
1,DL,EWR,386,47,4059.0
1,DL,EYW,107,5,667.0
1,DL,FAR,60,3,-33.0
1,DL,FAY,30,3,459.0
1,DL,FLL,996,97,3871.0
1,DL,FNT,88,9,345.0
1,DL,FSD,30,4,75.0
1,DL,GEG,109,10,1470.0
1,DL,GNV,30,2,214.0
1,DL,GPT,81,8,178.0
1,DL,GRB,1,0,1.0
1,DL,GRR,176,23,2257.0
1,DL,GSO,115,7,320.0
1,DL,GSP,140,14,832.0
1,DL,HDN,27,6,233.0
1,DL,HNL,262,29,1991.0
1,DL,HOU,190,14,46.0
1,DL,HSV,182,18,668.0
1,DL,IAD,184,17,1582.0
1,DL,IAH,224,29,809.0
1,DL,ICT,71,9,374.0
1,DL,ILM,27,1,51.0
1,DL,IND,384,42,2149.0
1,DL,JAC,52,13,1198.0
1,DL,JAN,165,11,194.0
1,DL,JAX,322,26,782.0
1,DL,JFK,1981,510,27964.0
1,DL,KOA,31,1,-75.0
1,DL,LAS,825,76,3366.0
1,DL,LAX,1792,214,7447.0
1,DL,LEX,60,6,450.0
1,DL,LFT,30,2,13.0
1,DL,LGA,2082,441,23096.0
1,DL,LIH,31,3,872.0
1,DL,LIT,158,7,-69.0
1,DL,MCI,306,21,718.0
1,DL,MCO,1358,145,7298.0
1,DL,MDT,76,10,1123.0
1,DL,MDW,217,28,2052.0
1,DL,MEM,331,24,422.0
1,DL,MHT,33,2,283.0
1,DL,MIA,734,119,8209.0
1,DL,MKE,365,38,1942.0
1,DL,MLB,118,8,510.0
1,DL,MOB,28,1,-26.0
1,DL,MSN,152,10,114.0
1,DL,MSO,38,4,23.0
1,DL,MSP,4151,564,24959.0
1,DL,MSY,563,64,3133.0
1,DL,MTJ,8,0,-27.0
1,DL,MYR,30,1,-14.0
1,DL,OAK,81,5,-120.0
1,DL,OGG,93,13,721.0
1,DL,OKC,117,5,-240.0
1,DL,OMA,163,7,636.0
1,DL,ONT,34,2,-67.0
1,DL,ORD,567,81,4999.0
1,DL,ORF,189,6,24.0
1,DL,PBI,505,65,3387.0
1,DL,PDX,338,29,225.0
1,DL,PHL,513,67,2992.0
1,DL,PHX,587,56,1968.0
1,DL,PIT,258,34,1703.0
1,DL,PNS,195,18,36.0
1,DL,PSC,22,2,94.0
1,DL,PSP,29,6,1418.0
1,DL,PVD,78,4,236.0
1,DL,PWM,27,2,297.0
1,DL,RDU,400,35,1657.0
1,DL,RIC,220,24,1779.0
1,DL,RNO,88,5,-143.0
1,DL,ROA,27,3,232.0
1,DL,ROC,88,9,1697.0
1,DL,RSW,581,49,991.0
1,DL,SAN,454,23,779.0
1,DL,SAT,211,19,480.0
1,DL,SAV,220,20,571.0
1,DL,SDF,209,16,188.0
1,DL,SEA,891,135,5996.0
1,DL,SFO,616,49,2760.0
1,DL,SGF,31,1,-51.0
1,DL,SHV,23,2,47.0
1,DL,SJC,53,5,370.0
1,DL,SJU,290,38,2311.0
1,DL,SLC,2675,303,13358.0
1,DL,SMF,128,13,347.0
1,DL,SNA,223,19,890.0
1,DL,SRQ,188,19,1394.0
1,DL,STL,311,28,945.0
1,DL,STT,100,13,466.0
1,DL,STX,5,2,30.0
1,DL,SYR,86,10,611.0
1,DL,TLH,87,8,493.0
1,DL,TPA,952,102,3225.0
1,DL,TRI,50,2,-79.0
1,DL,TUL,100,7,224.0
1,DL,TUS,71,2,-197.0
1,DL,TYS,72,5,-49.0
1,DL,VPS,130,6,-49.0
1,DL,XNA,46,4,295.0
1,EV,ABE,136,24,1108.0
1,EV,ABQ,90,12,1039.0
1,EV,ABY,79,9,444.0
1,EV,AEX,189,19,1317.0
1,EV,AGS,162,30,1804.0
1,EV,ALB,37,7,337.0
1,EV,AMA,113,14,558.0
1,EV,ATL,5207,1030,52306.0
1,EV,ATW,142,29,1781.0
1,EV,AUS,55,5,246.0
1,EV,AVL,112,12,337.0
1,EV,AVP,110,23,917.0
1,EV,AZO,62,12,1456.0
1,EV,BDL,161,37,2302.0
1,EV,BHM,311,70,2906.0
1,EV,BIS,49,4,-108.0
1,EV,BMI,65,10,1186.0
1,EV,BNA,453,61,1636.0
1,EV,BOS,170,31,1555.0
1,EV,BPT,59,20,1628.0
1,EV,BQK,84,8,197.0
1,EV,BRO,192,29,916.0
1,EV,BTR,473,82,5648.0
1,EV,BTV,146,29,2033.0
1,EV,BUF,134,34,2201.0
1,EV,BWI,21,8,222.0
1,EV,CAE,359,61,5042.0
1,EV,CAK,113,16,545.0
1,EV,CHA,132,10,-200.0
1,EV,CHO,80,12,233.0
1,EV,CHS,170,35,1827.0
1,EV,CID,215,30,1952.0
1,EV,CLE,969,115,3526.0
1,EV,CLL,55,8,871.0
1,EV,CLT,329,70,3329.0
1,EV,CMH,202,50,3136.0
1,EV,COS,88,9,174.0
1,EV,CRP,285,55,2370.0
1,EV,CRW,148,35,2517.0
1,EV,CSG,80,14,680.0
1,EV,CVG,311,60,2903.0
1,EV,CWA,60,11,352.0
1,EV,DAL,202,15,470.0
1,EV,DAY,176,22,314.0
1,EV,DCA,259,36,1571.0
1,EV,DEN,1182,332,18717.0
1,EV,DFW,1327,318,18235.0
1,EV,DHN,116,22,1557.0
1,EV,DIK,53,12,1554.0
1,EV,DRO,17,4,218.0
1,EV,DSM,71,12,1086.0
1,EV,DTW,2405,440,26629.0
1,EV,ECP,22,6,216.0
1,EV,ELM,158,28,1151.0
1,EV,ELP,194,23,829.0
1,EV,ERI,119,24,1572.0
1,EV,EVV,132,24,1182.0
1,EV,EWN,55,3,77.0
1,EV,EWR,2391,493,22849.0
1,EV,EYW,32,0,-158.0
1,EV,FAR,115,22,1585.0
1,EV,FAY,125,18,1149.0
1,EV,FNT,62,11,466.0
1,EV,FSD,255,38,3186.0
1,EV,FSM,79,12,773.0
1,EV,FWA,37,10,679.0
1,EV,GGG,31,10,414.0
1,EV,GJT,28,5,253.0
1,EV,GNV,139,25,1853.0
1,EV,GPT,167,17,-33.0
1,EV,GRB,127,15,284.0
1,EV,GRK,136,26,1250.0
1,EV,GRR,223,49,2186.0
1,EV,GSO,338,68,3139.0
1,EV,GSP,222,42,2548.0
1,EV,GTR,83,9,290.0
1,EV,GUC,32,10,719.0
1,EV,HDN,2,2,250.0
1,EV,HOB,43,2,3.0
1,EV,HPN,268,61,3748.0
1,EV,HRL,107,9,-88.0
1,EV,HSV,138,20,474.0
1,EV,IAD,1184,323,20557.0
1,EV,IAH,5738,775,28907.0
1,EV,ICT,155,19,946.0
1,EV,ILM,121,17,458.0
1,EV,IND,252,43,1765.0
1,EV,ISN,119,25,841.0
1,EV,JAN,254,27,1544.0
1,EV,JAX,199,50,2587.0
1,EV,LAN,76,15,1067.0
1,EV,LAW,54,7,307.0
1,EV,LBB,143,27,1192.0
1,EV,LCH,116,19,448.0
1,EV,LEX,288,59,3152.0
1,EV,LFT,341,68,2553.0
1,EV,LGA,898,271,18010.0
1,EV,LIT,247,38,2100.0
1,EV,LNK,147,13,438.0
1,EV,LRD,82,4,-370.0
1,EV,MAF,216,38,1630.0
1,EV,MBS,24,3,171.0
1,EV,MCI,410,50,2104.0
1,EV,MCO,18,7,302.0
1,EV,MDT,90,9,503.0
1,EV,MDW,222,49,3746.0
1,EV,MEI,83,15,669.0
1,EV,MEM,263,45,2869.0
1,EV,MFE,192,23,385.0
1,EV,MGM,193,28,1158.0
1,EV,MHK,31,3,34.0
1,EV,MHT,98,17,1348.0
1,EV,MKE,216,22,1153.0
1,EV,MLI,200,43,2328.0
1,EV,MLU,224,36,1645.0
1,EV,MOB,353,48,1774.0
1,EV,MOT,60,5,494.0
1,EV,MSN,196,44,1684.0
1,EV,MSP,775,177,11455.0
1,EV,MSY,42,4,82.0
1,EV,MTJ,53,1,-469.0
1,EV,MYR,82,11,454.0
1,EV,OAJ,110,14,585.0
1,EV,OKC,185,21,527.0
1,EV,OMA,272,47,1920.0
1,EV,ORD,3664,927,52198.0
1,EV,ORF,177,30,1681.0
1,EV,PBI,11,3,28.0
1,EV,PHF,136,17,859.0
1,EV,PHL,30,7,297.0
1,EV,PHX,1,0,13.0
1,EV,PIA,145,23,1815.0
1,EV,PIB,53,8,704.0
1,EV,PIT,210,37,2695.0
1,EV,PNS,120,14,568.0
1,EV,PVD,226,40,1383.0
1,EV,PWM,11,4,334.0
1,EV,RAP,56,10,540.0
1,EV,RDU,213,36,2390.0
1,EV,RIC,417,92,6515.0
1,EV,ROA,109,16,820.0
1,EV,ROC,127,30,2056.0
1,EV,RST,59,11,451.0
1,EV,SAF,31,6,197.0
1,EV,SAT,111,19,1355.0
1,EV,SAV,193,47,2623.0
1,EV,SBN,110,27,2180.0
1,EV,SCE,63,18,1669.0
1,EV,SDF,215,37,1292.0
1,EV,SGF,143,17,516.0
1,EV,SHV,431,87,5238.0
1,EV,SJT,28,1,-68.0
1,EV,SLC,15,10,742.0
1,EV,SPS,11,4,142.0
1,EV,STL,284,42,1560.0
1,EV,SYR,64,5,12.0
1,EV,TLH,83,18,1388.0
1,EV,TRI,113,13,441.0
1,EV,TUL,371,27,-116.0
1,EV,TUS,101,19,881.0
1,EV,TVC,93,19,1542.0
1,EV,TYR,102,11,594.0
1,EV,TYS,352,69,4996.0
1,EV,VLD,85,9,464.0
1,EV,VPS,105,16,877.0
1,EV,XNA,256,44,1682.0
1,F9,ATL,184,70,4120.0
1,F9,AUS,53,18,804.0
1,F9,BIS,2,1,83.0
1,F9,BMI,12,7,380.0
1,F9,BNA,33,7,216.0
1,F9,BZN,19,1,59.0
1,F9,CID,2,1,142.0
1,F9,CLE,284,74,5545.0
1,F9,CLT,19,8,277.0
1,F9,CVG,120,17,1469.0
1,F9,DCA,91,22,1460.0
1,F9,DEN,1933,412,19144.0
1,F9,DFW,136,28,1507.0
1,F9,DSM,13,2,66.0
1,F9,DTW,23,14,1097.0
1,F9,FAR,14,5,377.0
1,F9,FAT,2,1,38.0
1,F9,FLL,103,31,1875.0
1,F9,FSD,25,7,407.0
1,F9,GEG,5,1,220.0
1,F9,GSO,2,1,39.0
1,F9,IAD,224,66,4963.0
1,F9,IAH,115,25,1578.0
1,F9,IDA,2,0,9.0
1,F9,ILG,26,7,688.0
1,F9,IND,38,5,666.0
1,F9,LAS,227,52,3907.0
1,F9,LAX,86,12,635.0
1,F9,LGA,58,32,2130.0
1,F9,MCI,39,10,911.0
1,F9,MCO,428,158,12027.0
1,F9,MDT,24,2,49.0
1,F9,MDW,20,8,464.0
1,F9,MEM,25,6,282.0
1,F9,MIA,173,88,6900.0
1,F9,MKE,80,26,1914.0
1,F9,MOT,3,1,12.0
1,F9,MSN,27,2,3.0
1,F9,MSO,3,0,-8.0
1,F9,MSP,71,19,1225.0
1,F9,MSY,33,11,576.0
1,F9,OKC,25,4,102.0
1,F9,OMA,39,3,60.0
1,F9,ORD,280,101,9245.0
1,F9,PBI,48,17,986.0
1,F9,PDX,49,12,546.0
1,F9,PHF,3,1,24.0
1,F9,PHL,114,51,5945.0
1,F9,PHX,227,63,4670.0
1,F9,PSP,4,2,28.0
1,F9,RDU,18,5,240.0
1,F9,RSW,142,34,2632.0
1,F9,SAN,73,17,390.0
1,F9,SBA,3,2,67.0
1,F9,SEA,45,12,580.0
1,F9,SFO,140,28,1194.0
1,F9,SLC,154,38,2115.0
1,F9,SNA,87,8,-65.0
1,F9,STL,91,14,1323.0
1,F9,TPA,175,73,6142.0
1,F9,TTN,227,78,5942.0
1,F9,TYS,3,1,92.0
1,F9,UST,16,5,92.0
1,HA,HNL,2803,211,928.0
1,HA,ITO,491,48,651.0
1,HA,JFK,29,3,1983.0
1,HA,KOA,641,61,917.0
1,HA,LAS,75,7,149.0
1,HA,LAX,129,11,-101.0
1,HA,LIH,646,53,-133.0
1,HA,OAK,62,4,-50.0
1,HA,OGG,1219,128,3309.0
1,HA,PDX,31,1,-51.0
1,HA,PHX,31,1,-146.0
1,HA,PPG,10,1,11.0
1,HA,SAN,31,3,59.0
1,HA,SEA,62,2,-167.0
1,HA,SFO,61,6,-38.0
1,HA,SJC,62,10,873.0
1,HA,SMF,31,3,186.0
1,MQ,ABI,225,37,1382.0
1,MQ,ABQ,27,11,1210.0
1,MQ,ACT,142,28,1113.0
1,MQ,AEX,92,18,525.0
1,MQ,ALO,49,14,839.0
1,MQ,AMA,226,55,2905.0
1,MQ,ASE,86,40,3111.0
1,MQ,ATL,119,41,3170.0
1,MQ,AZO,106,31,1348.0
1,MQ,BDL,26,9,483.0
1,MQ,BHM,91,17,425.0
1,MQ,BIS,59,14,821.0
1,MQ,BMI,131,29,1805.0
1,MQ,BNA,302,69,4564.0
1,MQ,BPT,30,13,561.0
1,MQ,BTR,145,31,1214.0
1,MQ,BUF,58,21,1170.0
1,MQ,BWI,83,38,2496.0
1,MQ,CAE,80,22,941.0
1,MQ,CHA,78,23,1141.0
1,MQ,CHO,26,8,571.0
1,MQ,CHS,123,25,1605.0
1,MQ,CID,261,86,5113.0
1,MQ,CLE,160,71,4634.0
1,MQ,CLL,142,33,1897.0
1,MQ,CMH,466,149,11283.0
1,MQ,CMI,187,45,2937.0
1,MQ,COU,120,29,1639.0
1,MQ,CRP,141,34,1412.0
1,MQ,CVG,442,119,7131.0
1,MQ,CWA,50,16,987.0
1,MQ,DAY,157,42,2420.0
1,MQ,DBQ,71,15,904.0
1,MQ,DCA,130,39,2782.0
1,MQ,DFW,6465,1711,81763.0
1,MQ,DRO,65,20,1156.0
1,MQ,DSM,255,70,4341.0
1,MQ,DTW,358,127,9131.0
1,MQ,ELP,24,9,629.0
1,MQ,EVV,135,39,2223.0
1,MQ,EYW,104,9,-124.0
1,MQ,FAR,115,29,1474.0
1,MQ,FNT,79,19,1109.0
1,MQ,FSD,81,33,1769.0
1,MQ,FSM,116,22,960.0
1,MQ,FWA,158,42,2073.0
1,MQ,GCK,60,10,449.0
1,MQ,GGG,21,4,49.0
1,MQ,GJT,59,7,127.0
1,MQ,GNV,52,4,-39.0
1,MQ,GPT,85,13,395.0
1,MQ,GRB,105,29,1633.0
1,MQ,GRI,58,10,657.0
1,MQ,GRK,236,51,1339.0
1,MQ,GRR,244,93,6027.0
1,MQ,GSO,181,44,2371.0
1,MQ,GSP,54,17,965.0
1,MQ,GUC,4,1,111.0
1,MQ,HOU,78,23,1350.0
1,MQ,HPN,75,16,1173.0
1,MQ,HSV,92,18,644.0
1,MQ,IND,145,56,3815.0
1,MQ,JAN,210,55,2433.0
1,MQ,JAX,28,10,920.0
1,MQ,JFK,460,150,8933.0
1,MQ,JLN,58,11,505.0
1,MQ,LAW,61,18,699.0
1,MQ,LAX,29,5,603.0
1,MQ,LBB,111,40,2389.0
1,MQ,LCH,29,3,190.0
1,MQ,LEX,141,33,2113.0
1,MQ,LFT,112,18,807.0
1,MQ,LGA,1132,328,15514.0
1,MQ,LIT,206,59,3768.0
1,MQ,LRD,120,19,464.0
1,MQ,LSE,94,22,1608.0
1,MQ,MAF,193,54,2974.0
1,MQ,MDT,29,11,627.0
1,MQ,MEM,136,25,1246.0
1,MQ,MGM,84,19,939.0
1,MQ,MHK,109,20,555.0
1,MQ,MIA,721,77,1740.0
1,MQ,MKE,9,4,167.0
1,MQ,MLI,128,33,1961.0
1,MQ,MLU,22,6,310.0
1,MQ,MOB,56,19,782.0
1,MQ,MQT,25,7,329.0
1,MQ,MSN,250,56,3930.0
1,MQ,MSP,54,20,1620.0
1,MQ,OKC,102,42,2970.0
1,MQ,OMA,49,15,905.0
1,MQ,ORD,5052,1934,125944.0
1,MQ,ORF,126,25,921.0
1,MQ,PIA,158,35,1707.0
1,MQ,PIT,23,9,838.0
1,MQ,PNS,241,52,2310.0
1,MQ,RAP,29,6,318.0
1,MQ,RDU,293,77,4248.0
1,MQ,RIC,74,19,1066.0
1,MQ,ROC,32,15,883.0
1,MQ,ROW,80,20,1594.0
1,MQ,RST,103,27,1962.0
1,MQ,SAF,58,14,974.0
1,MQ,SAV,89,15,668.0
1,MQ,SDF,124,45,2180.0
1,MQ,SGF,331,82,4227.0
1,MQ,SHV,90,20,1000.0
1,MQ,SJT,113,20,742.0
1,MQ,SPI,34,5,338.0
1,MQ,SPS,87,19,558.0
1,MQ,STL,144,44,2607.0
1,MQ,SUX,52,12,475.0
1,MQ,SYR,105,36,2660.0
1,MQ,TLH,156,19,447.0
1,MQ,TOL,73,14,643.0
1,MQ,TUL,106,30,2141.0
1,MQ,TVC,83,26,1911.0
1,MQ,TXK,83,16,684.0
1,MQ,TYR,85,25,1570.0
1,MQ,TYS,156,42,2418.0
1,MQ,VPS,142,36,1808.0
1,MQ,XNA,397,91,5730.0
1,NK,ACY,335,39,957.0
1,NK,ATL,246,61,2938.0
1,NK,BOS,118,26,947.0
1,NK,BQN,13,2,91.0
1,NK,BWI,155,15,506.0
1,NK,CLE,17,2,8.0
1,NK,DEN,273,76,4213.0
1,NK,DFW,714,123,6040.0
1,NK,DTW,692,213,12459.0
1,NK,FLL,1076,263,14033.0
1,NK,IAG,29,3,103.0
1,NK,IAH,359,90,4510.0
1,NK,LAS,734,135,5780.0
1,NK,LAX,273,75,4213.0
1,NK,LBE,93,19,821.0
1,NK,LGA,320,111,6666.0
1,NK,MCI,131,37,2515.0
1,NK,MCO,416,88,3635.0
1,NK,MSP,340,120,7995.0
1,NK,MSY,153,30,1285.0
1,NK,MYR,144,32,1052.0
1,NK,OAK,123,9,-110.0
1,NK,ORD,761,245,16512.0
1,NK,PBG,30,9,217.0
1,NK,PBI,60,7,-134.0
1,NK,PDX,36,3,-6.0
1,NK,PHL,59,23,1872.0
1,NK,PHX,124,28,2179.0
1,NK,RSW,331,90,6205.0
1,NK,SAN,127,20,652.0
1,NK,SJU,61,16,443.0
1,NK,STT,31,12,914.0
1,NK,TPA,271,54,3954.0
1,OO,ABQ,252,34,658.0
1,OO,ABR,60,7,1470.0
1,OO,ACV,147,42,3688.0
1,OO,ALB,7,5,538.0
1,OO,AMA,21,7,584.0
1,OO,APN,49,14,1257.0
1,OO,ASE,504,158,9201.0
1,OO,ATL,300,90,5851.0
1,OO,ATW,42,7,304.0
1,OO,AUS,255,54,3050.0
1,OO,AVL,33,4,382.0
1,OO,AZO,24,5,173.0
1,OO,BDL,7,2,72.0
1,OO,BFL,226,42,3179.0
1,OO,BHM,35,6,93.0
1,OO,BIL,93,6,-19.0
1,OO,BIS,164,43,4795.0
1,OO,BJI,61,5,257.0
1,OO,BMI,23,4,431.0
1,OO,BNA,226,28,1274.0
1,OO,BOI,441,131,9963.0
1,OO,BOS,28,6,460.0
1,OO,BRD,52,1,-82.0
1,OO,BTM,59,1,-422.0
1,OO,BUF,4,1,51.0
1,OO,BUR,343,50,2553.0
1,OO,BWI,1,1,156.0
1,OO,BZN,116,28,1399.0
1,OO,CAK,2,1,127.0
1,OO,CDC,53,4,-109.0
1,OO,CEC,59,20,1704.0
1,OO,CHO,53,21,1513.0
1,OO,CHS,2,2,64.0
1,OO,CID,158,51,3120.0
1,OO,CIU,57,9,636.0
1,OO,CLD,200,14,-81.0
1,OO,CLE,55,15,727.0
1,OO,CLT,55,10,307.0
1,OO,CMH,58,16,1338.0
1,OO,CMX,49,8,620.0
1,OO,CNY,54,0,-480.0
1,OO,COD,58,7,311.0
1,OO,COS,412,94,8228.0
1,OO,CPR,163,16,759.0
1,OO,CVG,304,48,1946.0
1,OO,CWA,1,0,-8.0
1,OO,DAL,5,3,135.0
1,OO,DAY,61,16,691.0
1,OO,DCA,101,26,1762.0
1,OO,DEN,3505,1200,72055.0
1,OO,DFW,380,101,6540.0
1,OO,DIK,53,3,-125.0
1,OO,DLH,122,24,1511.0
1,OO,DRO,100,9,98.0
1,OO,DSM,151,39,2549.0
1,OO,DTW,716,164,12812.0
1,OO,DVL,43,15,1532.0
1,OO,EAU,60,11,1405.0
1,OO,EKO,61,1,-540.0
1,OO,ELP,137,19,381.0
1,OO,ESC,48,9,1040.0
1,OO,EUG,313,55,2932.0
1,OO,FAR,162,41,2267.0
1,OO,FAT,631,136,9271.0
1,OO,FCA,123,13,257.0
1,OO,FLG,139,18,743.0
1,OO,FNT,16,1,-3.0
1,OO,FSD,189,45,2383.0
1,OO,FWA,84,20,749.0
1,OO,GCC,118,18,953.0
1,OO,GEG,211,41,2768.0
1,OO,GFK,50,8,561.0
1,OO,GJT,187,22,981.0
1,OO,GRB,113,12,1246.0
1,OO,GRR,160,34,1660.0
1,OO,GTF,143,17,1036.0
1,OO,GUC,1,1,69.0
1,OO,HDN,41,13,624.0
1,OO,HIB,75,10,235.0
1,OO,HLN,107,6,-73.0
1,OO,HYS,51,7,419.0
1,OO,IAD,19,5,188.0
1,OO,IAH,1140,273,14634.0
1,OO,ICT,181,62,4608.0
1,OO,IDA,182,30,1505.0
1,OO,IMT,55,9,1781.0
1,OO,IND,53,18,1317.0
1,OO,INL,53,5,657.0
1,OO,ISN,137,20,1562.0
1,OO,JAC,182,49,4033.0
1,OO,JMS,62,23,2128.0
1,OO,LAN,111,18,1606.0
1,OO,LAR,62,7,295.0
1,OO,LAS,260,56,3253.0
1,OO,LAX,4144,705,30527.0
1,OO,LEX,3,0,-12.0
1,OO,LGA,5,1,96.0
1,OO,LGB,124,10,10.0
1,OO,LIT,53,14,930.0
1,OO,LNK,50,10,478.0
1,OO,LSE,12,0,-63.0
1,OO,LWS,53,0,-337.0
1,OO,MAF,81,16,773.0
1,OO,MBS,136,31,1931.0
1,OO,MCI,127,39,2242.0
1,OO,MDW,4,2,52.0
1,OO,MEM,96,21,706.0
1,OO,MFE,29,2,-84.0
1,OO,MFR,214,42,2525.0
1,OO,MIA,2,2,36.0
1,OO,MKE,588,159,9542.0
1,OO,MKG,54,12,468.0
1,OO,MLI,74,9,813.0
1,OO,MMH,35,6,124.0
1,OO,MOT,101,22,1081.0
1,OO,MRY,313,42,1239.0
1,OO,MSN,164,39,1905.0
1,OO,MSO,93,15,449.0
1,OO,MSP,1868,312,19042.0
1,OO,MSY,36,5,546.0
1,OO,MTJ,80,20,1056.0
1,OO,OAK,191,25,1244.0
1,OO,OKC,191,33,1305.0
1,OO,OMA,261,51,4081.0
1,OO,ONT,445,78,3765.0
1,OO,ORD,3030,1046,68811.0
1,OO,ORF,47,6,338.0
1,OO,OTH,16,7,486.0
1,OO,PAH,58,5,415.0
1,OO,PBI,8,2,46.0
1,OO,PDX,499,94,5299.0
1,OO,PHX,1568,191,6757.0
1,OO,PIA,40,14,756.0
1,OO,PIH,60,5,1418.0
1,OO,PIT,52,13,1038.0
1,OO,PLN,48,8,714.0
1,OO,PSC,153,19,744.0
1,OO,PSP,725,148,9128.0
1,OO,PUB,48,11,351.0
1,OO,RAP,119,22,1094.0
1,OO,RDD,85,16,791.0
1,OO,RDM,158,32,1529.0
1,OO,RDU,39,9,337.0
1,OO,RHI,84,11,671.0
1,OO,RKS,114,14,332.0
1,OO,RNO,254,53,2669.0
1,OO,RST,9,2,44.0
1,OO,SAF,17,6,156.0
1,OO,SAN,707,98,3392.0
1,OO,SAT,324,74,4629.0
1,OO,SBA,559,108,6177.0
1,OO,SBN,258,58,4654.0
1,OO,SBP,411,76,4082.0
1,OO,SDF,20,11,813.0
1,OO,SEA,949,247,15361.0
1,OO,SFO,3442,878,51943.0
1,OO,SGF,69,15,1248.0
1,OO,SGU,146,13,308.0
1,OO,SJC,541,71,3350.0
1,OO,SLC,4050,498,18011.0
1,OO,SMF,545,126,9597.0
1,OO,SMX,59,6,729.0
1,OO,SNA,225,62,2974.0
1,OO,SPI,88,14,659.0
1,OO,STC,55,15,1018.0
1,OO,STL,146,31,1698.0
1,OO,SUN,86,15,492.0
1,OO,SYR,18,5,235.0
1,OO,TUL,74,16,649.0
1,OO,TUS,589,94,2899.0
1,OO,TVC,8,3,354.0
1,OO,TWF,56,2,-309.0
1,OO,VEL,50,4,236.0
1,OO,XNA,35,6,281.0
1,OO,YUM,164,17,967.0
1,UA,ALB,50,7,555.0
1,UA,ANC,41,14,1038.0
1,UA,ATL,204,45,2151.0
1,UA,AUS,279,51,3638.0
1,UA,BDL,69,16,917.0
1,UA,BIL,56,10,465.0
1,UA,BOI,52,13,474.0
1,UA,BOS,670,152,8419.0
1,UA,BQN,22,10,611.0
1,UA,BTR,2,2,112.0
1,UA,BUF,4,2,36.0
1,UA,BWI,176,41,1647.0
1,UA,BZN,41,8,518.0
1,UA,CLE,683,77,3808.0
1,UA,CLT,23,7,467.0
1,UA,CMH,31,9,1379.0
1,UA,DCA,301,66,4569.0
1,UA,DEN,3702,1242,66774.0
1,UA,DFW,282,28,1226.0
1,UA,DSM,83,23,1814.0
1,UA,DTW,48,7,556.0
1,UA,EGE,65,25,1459.0
1,UA,EWR,3417,1032,56761.0
1,UA,FLL,513,71,2569.0
1,UA,GEG,58,11,373.0
1,UA,GRR,8,2,38.0
1,UA,GUC,5,1,34.0
1,UA,GUM,31,13,421.0
1,UA,HDN,39,11,231.0
1,UA,HNL,402,64,3471.0
1,UA,IAD,1322,352,23024.0
1,UA,IAH,4775,1215,64880.0
1,UA,ICT,34,3,876.0
1,UA,IND,50,5,207.0
1,UA,ITO,13,5,390.0
1,UA,JAC,73,25,1343.0
1,UA,JFK,361,49,2240.0
1,UA,KOA,111,21,1172.0
1,UA,LAS,1031,160,6357.0
1,UA,LAX,2325,467,26386.0
1,UA,LGA,666,162,9751.0
1,UA,LIH,76,11,768.0
1,UA,MCI,20,3,184.0
1,UA,MCO,1028,198,12283.0
1,UA,MDT,42,6,296.0
1,UA,MIA,353,107,5822.0
1,UA,MSP,157,25,1219.0
1,UA,MSY,392,36,1498.0
1,UA,MTJ,18,5,279.0
1,UA,OGG,170,41,2551.0
1,UA,OKC,25,0,-141.0
1,UA,OMA,82,17,1347.0
1,UA,ORD,4251,1466,102619.0
1,UA,PBI,194,33,1912.0
1,UA,PDX,376,63,4101.0
1,UA,PHL,264,50,2659.0
1,UA,PHX,542,99,5173.0
1,UA,PIT,143,28,1974.0
1,UA,PSP,3,1,26.0
1,UA,RDU,53,12,1069.0
1,UA,RIC,28,5,1067.0
1,UA,RNO,66,7,152.0
1,UA,ROC,43,6,876.0
1,UA,RSW,250,36,1341.0
1,UA,SAN,559,98,5609.0
1,UA,SAT,216,22,773.0
1,UA,SEA,667,126,6553.0
1,UA,SFO,3677,753,40022.0
1,UA,SJC,63,7,-12.0
1,UA,SJU,166,68,4402.0
1,UA,SLC,135,32,1401.0
1,UA,SMF,172,25,1268.0
1,UA,SNA,424,61,3252.0
1,UA,SRQ,31,14,1153.0
1,UA,STL,4,2,112.0
1,UA,STT,68,25,2081.0
1,UA,TPA,552,82,2907.0
1,US,ALB,62,5,156.0
1,US,ANC,25,0,-55.0
1,US,ATL,500,51,317.0
1,US,AUS,69,14,932.0
1,US,BDL,127,9,614.0
1,US,BNA,117,6,-198.0
1,US,BOI,66,11,511.0
1,US,BOS,1272,170,4822.0
1,US,BUF,110,14,788.0
1,US,BWI,321,34,830.0
1,US,CHS,46,5,156.0
1,US,CLE,145,9,-316.0
1,US,CLT,7629,1097,43661.0
1,US,CMH,85,18,528.0
1,US,DCA,1563,224,8461.0
1,US,DEN,369,45,1582.0
1,US,DFW,510,63,2125.0
1,US,DSM,1,0,0.0
1,US,DTW,286,38,1806.0
1,US,EWR,308,40,1582.0
1,US,FLL,536,72,2696.0
1,US,GEG,36,1,-60.0
1,US,HNL,62,10,564.0
1,US,IAH,412,51,1586.0
1,US,ILM,1,0,5.0
1,US,IND,143,22,620.0
1,US,JAX,230,19,10.0
1,US,JFK,239,59,3489.0
1,US,KOA,34,2,-250.0
1,US,LAS,491,31,-54.0
1,US,LAX,563,48,814.0
1,US,LGA,882,125,4120.0
1,US,LIH,33,2,86.0
1,US,MCI,203,14,229.0
1,US,MCO,775,89,2890.0
1,US,MDT,26,2,10.0
1,US,MEM,88,6,32.0
1,US,MIA,331,54,2341.0
1,US,MKE,54,8,473.0
1,US,MSP,356,43,2058.0
1,US,MSY,180,24,553.0
1,US,OAK,61,9,685.0
1,US,OGG,51,4,-127.0
1,US,OMA,54,5,185.0
1,US,ONT,85,15,889.0
1,US,ORD,612,97,3795.0
1,US,ORF,80,4,-87.0
1,US,PBI,352,41,921.0
1,US,PDX,149,9,-201.0
1,US,PHL,3348,624,30917.0
1,US,PHX,4417,614,25200.0
1,US,PIT,390,40,964.0
1,US,PVD,95,7,117.0
1,US,PWM,29,4,159.0
1,US,RDU,355,32,455.0
1,US,RIC,107,9,506.0
1,US,RNO,83,9,242.0
1,US,ROC,31,7,186.0
1,US,RSW,328,39,1320.0
1,US,SAN,278,17,166.0
1,US,SAT,47,4,399.0
1,US,SEA,224,27,2225.0
1,US,SFO,424,37,449.0
1,US,SJC,133,18,304.0
1,US,SJU,169,42,1868.0
1,US,SLC,208,29,1352.0
1,US,SMF,137,13,527.0
1,US,SNA,119,13,594.0
1,US,STL,178,31,1757.0
1,US,STT,64,16,945.0
1,US,STX,5,5,131.0
1,US,SYR,49,2,-200.0
1,US,TPA,581,54,1731.0
1,US,TUS,1,1,81.0
1,VX,AUS,56,8,262.0
1,VX,BOS,121,27,1220.0
1,VX,DAL,350,69,3329.0
1,VX,DCA,108,16,598.0
1,VX,EWR,138,27,962.0
1,VX,FLL,162,34,1994.0
1,VX,IAD,117,24,778.0
1,VX,JFK,323,53,3337.0
1,VX,LAS,337,58,3108.0
1,VX,LAX,1000,139,6937.0
1,VX,LGA,103,25,1485.0
1,VX,MCO,31,8,437.0
1,VX,ORD,76,20,980.0
1,VX,PDX,30,0,-150.0
1,VX,PSP,31,4,93.0
1,VX,SAN,138,24,1093.0
1,VX,SEA,192,27,1066.0
1,VX,SFO,1338,139,4613.0
1,WN,ABQ,957,223,10641.0
1,WN,ALB,333,48,2571.0
1,WN,AMA,145,20,731.0
1,WN,ATL,3610,849,39690.0
1,WN,AUS,1446,243,9924.0
1,WN,BDL,522,92,4635.0
1,WN,BHM,397,58,2836.0
1,WN,BNA,2237,438,20231.0
1,WN,BOI,270,48,2130.0
1,WN,BOS,672,122,6228.0
1,WN,BUF,468,87,5375.0
1,WN,BUR,1196,165,8016.0
1,WN,BWI,5131,1294,66576.0
1,WN,CAK,325,41,1354.0
1,WN,CHS,177,21,715.0
1,WN,CLE,322,46,1699.0
1,WN,CLT,148,35,1487.0
1,WN,CMH,775,130,5847.0
1,WN,CRP,110,9,189.0
1,WN,DAL,4400,920,40304.0
1,WN,DAY,143,18,832.0
1,WN,DCA,1229,129,3556.0
1,WN,DEN,4623,1261,64506.0
1,WN,DSM,90,16,338.0
1,WN,DTW,540,116,4694.0
1,WN,ECP,68,9,208.0
1,WN,ELP,542,112,6155.0
1,WN,EWR,451,102,6683.0
1,WN,FLL,1720,276,12152.0
1,WN,FNT,132,14,423.0
1,WN,GEG,254,41,2005.0
1,WN,GRR,198,30,1545.0
1,WN,GSP,118,20,1326.0
1,WN,HOU,4193,864,36842.0
1,WN,HRL,172,14,336.0
1,WN,IAD,204,36,2343.0
1,WN,ICT,137,22,596.0
1,WN,IND,813,128,4991.0
1,WN,ISP,352,78,4415.0
1,WN,JAX,341,61,3122.0
1,WN,LAS,5957,1328,61697.0
1,WN,LAX,3226,770,37938.0
1,WN,LBB,192,10,479.0
1,WN,LGA,824,223,13519.0
1,WN,LIT,210,42,2001.0
1,WN,MAF,274,46,1628.0
1,WN,MCI,1709,306,13525.0
1,WN,MCO,3321,609,27703.0
1,WN,MDW,6050,1551,78884.0
1,WN,MEM,200,26,652.0
1,WN,MHT,311,44,2204.0
1,WN,MKE,1089,184,8407.0
1,WN,MSP,637,126,6023.0
1,WN,MSY,1541,224,8701.0
1,WN,OAK,2766,518,22928.0
1,WN,OKC,539,79,2715.0
1,WN,OMA,437,80,3246.0
1,WN,ONT,886,164,7786.0
1,WN,ORF,151,38,2187.0
1,WN,PBI,248,60,2948.0
1,WN,PDX,793,138,6023.0
1,WN,PHL,718,137,8274.0
1,WN,PHX,4766,1097,50971.0
1,WN,PIT,721,94,4015.0
1,WN,PNS,65,12,619.0
1,WN,PVD,462,90,5205.0
1,WN,PWM,63,5,372.0
1,WN,RDU,755,118,4916.0
1,WN,RIC,119,14,1347.0
1,WN,RNO,505,62,2222.0
1,WN,ROC,178,31,1620.0
1,WN,RSW,825,147,6153.0
1,WN,SAN,2696,574,26666.0
1,WN,SAT,1179,227,10002.0
1,WN,SDF,325,49,1590.0
1,WN,SEA,789,164,7874.0
1,WN,SFO,1203,259,14717.0
1,WN,SJC,1828,311,14636.0
1,WN,SJU,290,46,1565.0
1,WN,SLC,814,160,7235.0
1,WN,SMF,1805,292,12679.0
1,WN,SNA,1417,226,11435.0
1,WN,STL,2375,489,19410.0
1,WN,TPA,2297,392,16416.0
1,WN,TUL,376,73,2908.0
1,WN,TUS,382,46,1491.0
2,AA,ABQ,117,24,1895.0
2,AA,ATL,339,39,2510.0
2,AA,AUS,555,56,1055.0
2,AA,BDL,73,13,265.0
2,AA,BHM,48,9,843.0
2,AA,BNA,232,35,4406.0
2,AA,BOS,659,138,7843.0
2,AA,BWI,181,36,4776.0
2,AA,CLE,70,18,1721.0
2,AA,CLT,335,43,2011.0
2,AA,CMH,96,11,955.0
2,AA,COS,39,3,-10.0
2,AA,DAY,75,7,217.0
2,AA,DCA,757,133,8842.0
2,AA,DEN,423,104,5198.0
2,AA,DFW,10302,1919,96181.0
2,AA,DSM,50,14,889.0
2,AA,DTW,210,38,2325.0
2,AA,EGE,167,25,2076.0
2,AA,ELP,102,12,380.0
2,AA,EWR,273,44,1779.0
2,AA,FAT,40,9,911.0
2,AA,FLL,292,49,3357.0
2,AA,GUC,26,3,102.0
2,AA,HDN,30,2,184.0
2,AA,HNL,153,26,6133.0
2,AA,HOU,52,7,392.0
2,AA,IAD,179,27,4899.0
2,AA,IAH,375,44,1126.0
2,AA,ICT,53,11,893.0
2,AA,IND,131,23,1706.0
2,AA,JAC,30,1,-161.0
2,AA,JAX,102,15,934.0
2,AA,JFK,1133,288,22740.0
2,AA,KOA,30,3,635.0
2,AA,LAS,757,97,8734.0
2,AA,LAX,2311,302,16096.0
2,AA,LGA,989,198,10217.0
2,AA,LIH,36,4,485.0
2,AA,MCI,179,26,3081.0
2,AA,MCO,791,116,6909.0
2,AA,MEM,47,7,433.0
2,AA,MFE,127,24,2940.0
2,AA,MIA,3799,761,34945.0
2,AA,MKE,78,11,1597.0
2,AA,MSP,312,62,3689.0
2,AA,MSY,223,33,1967.0
2,AA,MTJ,3,0,-12.0
2,AA,OGG,88,19,537.0
2,AA,OKC,155,16,1079.0
2,AA,OMA,137,13,930.0
2,AA,ONT,95,9,449.0
2,AA,ORD,3374,926,51483.0
2,AA,ORF,44,6,587.0
2,AA,PBI,188,29,1050.0
2,AA,PDX,95,13,560.0
2,AA,PHL,236,36,1320.0
2,AA,PHX,431,62,5207.0
2,AA,PIT,89,16,1328.0
2,AA,PSP,120,24,951.0
2,AA,RDU,269,33,1521.0
2,AA,RIC,48,8,438.0
2,AA,RNO,75,8,90.0
2,AA,RSW,186,38,2109.0
2,AA,SAN,367,36,117.0
2,AA,SAT,373,43,452.0
2,AA,SDF,23,2,-6.0
2,AA,SEA,314,27,1024.0
2,AA,SFO,752,125,9726.0
2,AA,SJC,134,6,652.0
2,AA,SJU,326,40,2942.0
2,AA,SLC,150,21,1561.0
2,AA,SMF,82,12,492.0
2,AA,SNA,343,31,648.0
2,AA,STL,367,57,4172.0
2,AA,STT,100,16,811.0
2,AA,STX,45,9,488.0
2,AA,TPA,450,63,3425.0
2,AA,TUL,212,20,252.0
2,AA,TUS,232,27,165.0
2,AS,ABQ,28,0,-295.0
2,AS,ADK,8,2,40.0
2,AS,ADQ,24,1,-155.0
2,AS,ANC,853,88,1307.0
2,AS,ATL,28,3,68.0
2,AS,AUS,28,7,652.0
2,AS,BET,75,11,327.0
2,AS,BLI,84,1,-190.0
2,AS,BOS,85,13,1806.0
2,AS,BRW,68,15,144.0
2,AS,BUR,84,6,-422.0
2,AS,BWI,28,2,15.0
2,AS,CDV,54,4,-612.0
2,AS,DCA,108,15,965.0
2,AS,DEN,112,8,116.0
2,AS,DFW,96,9,189.0
2,AS,DTW,28,4,131.0
2,AS,EWR,48,3,-1.0
2,AS,FAI,137,14,-147.0
2,AS,FLL,28,4,47.0
2,AS,GEG,132,6,-52.0
2,AS,HNL,160,31,1089.0
2,AS,IAH,28,1,-70.0
2,AS,JNU,269,32,1250.0
2,AS,KOA,120,21,668.0
2,AS,KTN,164,22,388.0
2,AS,LAS,356,34,-296.0
2,AS,LAX,557,53,1086.0
2,AS,LIH,112,15,489.0
2,AS,MCI,28,1,-206.0
2,AS,MCO,56,6,4.0
2,AS,MSP,28,1,-142.0
2,AS,MSY,28,5,56.0
2,AS,OAK,180,16,-258.0
2,AS,OGG,247,31,1456.0
2,AS,OME,52,13,228.0
2,AS,ORD,83,13,859.0
2,AS,OTZ,50,12,179.0
2,AS,PDX,1025,88,1259.0
2,AS,PHL,28,5,279.0
2,AS,PHX,204,22,211.0
2,AS,PSG,54,10,-314.0
2,AS,PSP,203,22,784.0
2,AS,SAN,389,21,-1093.0
2,AS,SAT,28,0,-475.0
2,AS,SCC,67,10,93.0
2,AS,SEA,3754,473,18256.0
2,AS,SFO,412,83,5235.0
2,AS,SIT,83,13,1090.0
2,AS,SJC,383,23,-965.0
2,AS,SLC,192,12,-111.0
2,AS,SMF,156,13,-333.0
2,AS,SNA,253,20,-1042.0
2,AS,STL,28,1,76.0
2,AS,TPA,28,3,82.0
2,AS,TUS,31,1,-193.0
2,AS,WRG,54,6,-284.0
2,AS,YAK,55,4,-674.0
2,B6,ABQ,16,4,292.0
2,B6,AUS,160,38,2604.0
2,B6,BDL,272,101,6284.0
2,B6,BOS,2731,887,56124.0
2,B6,BQN,53,9,222.0
2,B6,BTV,80,13,1133.0
2,B6,BUF,290,69,4788.0
2,B6,BUR,26,8,348.0
2,B6,BWI,97,30,1682.0
2,B6,CHS,128,38,2475.0
2,B6,CLT,95,35,2119.0
2,B6,DCA,727,196,11568.0
2,B6,DEN,72,36,2369.0
2,B6,DFW,40,14,1606.0
2,B6,DTW,71,18,1281.0
2,B6,EWR,521,133,7577.0
2,B6,FLL,1451,539,29893.0
2,B6,HOU,52,24,1514.0
2,B6,HPN,279,96,7125.0
2,B6,IAD,127,34,2595.0
2,B6,JAX,226,79,4039.0
2,B6,JFK,3036,910,59744.0
2,B6,LAS,289,81,6309.0
2,B6,LAX,310,81,4491.0
2,B6,LGA,506,219,12826.0
2,B6,LGB,560,106,5669.0
2,B6,MCO,1403,441,27158.0
2,B6,MSY,90,34,2359.0
2,B6,OAK,101,15,777.0
2,B6,ORD,134,49,3295.0
2,B6,ORH,46,12,524.0
2,B6,PBI,616,268,16661.0
2,B6,PDX,72,7,-91.0
2,B6,PHL,100,38,2671.0
2,B6,PHX,55,25,1459.0
2,B6,PIT,92,26,1556.0
2,B6,PSE,54,7,314.0
2,B6,PVD,76,20,1286.0
2,B6,PWM,64,11,726.0
2,B6,RDU,169,53,2848.0
2,B6,RIC,140,37,1753.0
2,B6,ROC,79,15,839.0
2,B6,RSW,425,172,10720.0
2,B6,SAN,91,33,1749.0
2,B6,SAV,78,27,1949.0
2,B6,SEA,126,33,1974.0
2,B6,SFO,384,95,6330.0
2,B6,SJC,13,3,147.0
2,B6,SJU,830,267,16688.0
2,B6,SLC,121,35,1915.0
2,B6,SMF,70,15,490.0
2,B6,SRQ,77,31,2158.0
2,B6,STT,92,29,1732.0
2,B6,STX,28,8,585.0
2,B6,SWF,56,16,1247.0
2,B6,SYR,105,31,2215.0
2,B6,TPA,453,168,11012.0
2,DL,ABE,23,5,603.0
2,DL,ABQ,50,7,572.0
2,DL,AGS,45,6,406.0
2,DL,ALB,56,10,675.0
2,DL,ANC,102,12,497.0
2,DL,ATL,16957,3055,155457.0
2,DL,ATW,33,5,328.0
2,DL,AUS,236,33,1316.0
2,DL,AVL,52,8,859.0
2,DL,BDL,257,46,2166.0
2,DL,BHM,226,36,2574.0
2,DL,BIL,67,2,43.0
2,DL,BIS,10,1,5.0
2,DL,BNA,314,61,4155.0
2,DL,BOI,80,5,765.0
2,DL,BOS,1033,394,33209.0
2,DL,BTR,21,3,299.0
2,DL,BUF,154,26,1544.0
2,DL,BWI,482,74,5146.0
2,DL,BZN,75,8,1349.0
2,DL,CAE,92,13,589.0
2,DL,CAK,110,11,643.0
2,DL,CHA,82,14,504.0
2,DL,CHO,22,0,-103.0
2,DL,CHS,221,17,821.0
2,DL,CLE,177,26,2939.0
2,DL,CLT,465,73,3548.0
2,DL,CMH,226,39,2643.0
2,DL,COS,24,1,-28.0
2,DL,CRW,28,9,742.0
2,DL,CVG,469,64,3880.0
2,DL,DAB,120,21,1429.0
2,DL,DAL,109,17,902.0
2,DL,DAY,115,18,1340.0
2,DL,DCA,615,92,7586.0
2,DL,DEN,506,107,6155.0
2,DL,DFW,408,93,6256.0
2,DL,DLH,24,3,21.0
2,DL,DSM,78,13,1204.0
2,DL,DTW,3607,974,62495.0
2,DL,ECP,146,28,1679.0
2,DL,EGE,28,10,620.0
2,DL,ELP,50,12,843.0
2,DL,EVV,29,7,745.0
2,DL,EWR,364,76,4398.0
2,DL,EYW,96,13,346.0
2,DL,FAR,55,6,1194.0
2,DL,FAY,27,3,1143.0
2,DL,FLL,920,197,12480.0
2,DL,FNT,76,5,50.0
2,DL,FSD,37,5,519.0
2,DL,GEG,113,9,1251.0
2,DL,GNV,32,7,409.0
2,DL,GPT,91,12,351.0
2,DL,GRB,20,0,-65.0
2,DL,GRR,167,26,1760.0
2,DL,GSO,122,12,461.0
2,DL,GSP,131,21,1435.0
2,DL,HDN,26,10,542.0
2,DL,HNL,227,37,3071.0
2,DL,HOU,178,25,904.0
2,DL,HSV,137,11,246.0
2,DL,IAD,173,22,1632.0
2,DL,IAH,199,35,1644.0
2,DL,ICT,63,8,247.0
2,DL,ILM,27,2,191.0
2,DL,IND,326,56,3751.0
2,DL,JAC,63,6,233.0
2,DL,JAN,144,19,1005.0
2,DL,JAX,301,37,1718.0
2,DL,JFK,1854,747,58635.0
2,DL,KOA,28,5,210.0
2,DL,LAS,775,119,6293.0
2,DL,LAX,1618,302,16317.0
2,DL,LEX,56,7,341.0
2,DL,LFT,35,2,266.0
2,DL,LGA,1972,853,63676.0
2,DL,LIH,28,5,237.0
2,DL,LIT,144,24,790.0
2,DL,MCI,311,43,2206.0
2,DL,MCO,1252,194,11789.0
2,DL,MDT,77,17,1679.0
2,DL,MDW,202,52,3336.0
2,DL,MEM,287,46,4167.0
2,DL,MHT,28,2,120.0
2,DL,MIA,665,185,12524.0
2,DL,MKE,349,74,4929.0
2,DL,MLB,105,14,924.0
2,DL,MOB,28,3,60.0
2,DL,MOT,4,0,-23.0
2,DL,MSN,196,26,1367.0
2,DL,MSO,38,0,-165.0
2,DL,MSP,3909,683,38018.0
2,DL,MSY,590,115,6104.0
2,DL,MTJ,6,1,27.0
2,DL,MYR,40,3,477.0
2,DL,OAK,77,3,-201.0
2,DL,OGG,80,18,1522.0
2,DL,OKC,112,14,842.0
2,DL,OMA,166,25,2781.0
2,DL,ONT,28,0,-184.0
2,DL,ORD,515,132,10732.0
2,DL,ORF,175,35,5388.0
2,DL,PBI,452,109,7065.0
2,DL,PDX,290,21,1603.0
2,DL,PHF,21,3,720.0
2,DL,PHL,471,74,4854.0
2,DL,PHX,560,60,2644.0
2,DL,PIT,249,49,2963.0
2,DL,PNS,175,30,1729.0
2,DL,PSC,26,2,211.0
2,DL,PSP,28,7,323.0
2,DL,PVD,76,10,1110.0
2,DL,PWM,25,7,1152.0
2,DL,RDU,354,65,6183.0
2,DL,RIC,196,45,3163.0
2,DL,RNO,80,7,98.0
2,DL,ROA,23,5,594.0
2,DL,ROC,78,15,2648.0
2,DL,RSW,588,81,4250.0
2,DL,SAN,392,33,1209.0
2,DL,SAT,227,23,1625.0
2,DL,SAV,215,29,2239.0
2,DL,SDF,210,38,3149.0
2,DL,SEA,795,118,7590.0
2,DL,SFO,548,76,5383.0
2,DL,SGF,27,3,657.0
2,DL,SHV,21,4,177.0
2,DL,SJC,43,7,455.0
2,DL,SJU,255,53,2479.0
2,DL,SLC,2535,299,13499.0
2,DL,SMF,115,15,195.0
2,DL,SNA,210,16,1091.0
2,DL,SRQ,192,38,2373.0
2,DL,STL,281,28,1075.0
2,DL,STT,87,19,1357.0
2,DL,STX,4,1,39.0
2,DL,SYR,62,15,546.0
2,DL,TLH,96,15,1202.0
2,DL,TPA,895,169,10878.0
2,DL,TRI,33,4,128.0
2,DL,TUL,82,14,649.0
2,DL,TUS,71,8,420.0
2,DL,TYS,65,8,368.0
2,DL,VPS,110,20,2205.0
2,DL,XNA,36,4,244.0
2,EV,ABE,129,32,1932.0
2,EV,ABQ,70,9,539.0
2,EV,ABY,73,12,703.0
2,EV,AEX,170,26,949.0
2,EV,AGS,129,32,1583.0
2,EV,ALB,70,15,980.0
2,EV,AMA,98,10,571.0
2,EV,ATL,4424,973,51056.0
2,EV,ATW,144,34,1611.0
2,EV,AUS,41,5,187.0
2,EV,AVL,96,14,756.0
2,EV,AVP,84,19,1382.0
2,EV,AZO,23,7,348.0
2,EV,BDL,95,16,1236.0
2,EV,BGM,36,9,625.0
2,EV,BGR,19,3,445.0
2,EV,BHM,294,61,3489.0
2,EV,BIS,35,6,679.0
2,EV,BMI,80,16,902.0
2,EV,BNA,331,54,2317.0
2,EV,BOS,148,46,2484.0
2,EV,BPT,48,10,688.0
2,EV,BQK,77,9,668.0
2,EV,BRO,174,16,861.0
2,EV,BTR,446,78,4258.0
2,EV,BTV,87,25,1182.0
2,EV,BUF,134,32,1843.0
2,EV,BWI,37,8,241.0
2,EV,CAE,295,67,4437.0
2,EV,CAK,103,23,1483.0
2,EV,CHA,114,16,487.0
2,EV,CHO,69,11,553.0
2,EV,CHS,106,16,828.0
2,EV,CID,168,36,3203.0
2,EV,CLE,934,218,10803.0
2,EV,CLL,50,1,-198.0
2,EV,CLT,295,45,2665.0
2,EV,CMH,226,60,2878.0
2,EV,COS,89,15,749.0
2,EV,CRP,266,43,1183.0
2,EV,CRW,126,32,2852.0
2,EV,CSG,89,11,412.0
2,EV,CVG,292,57,3170.0
2,EV,CWA,52,9,630.0
2,EV,DAL,166,8,116.0
2,EV,DAY,168,30,1521.0
2,EV,DCA,244,51,1810.0
2,EV,DEN,958,267,14528.0
2,EV,DFW,1079,239,12393.0
2,EV,DHN,98,13,246.0
2,EV,DIK,46,13,1346.0
2,EV,DRO,14,3,141.0
2,EV,DSM,114,30,1110.0
2,EV,DTW,2139,547,35702.0
2,EV,ECP,8,1,-4.0
2,EV,ELM,159,30,1624.0
2,EV,ELP,187,22,255.0
2,EV,ERI,69,11,753.0
2,EV,EVV,111,23,2216.0
2,EV,EWN,49,5,338.0
2,EV,EWR,2137,486,21724.0
2,EV,EYW,28,1,-4.0
2,EV,FAR,84,19,1206.0
2,EV,FAY,112,21,1237.0
2,EV,FNT,62,12,502.0
2,EV,FSD,201,35,1473.0
2,EV,FSM,76,15,1140.0
2,EV,FWA,27,10,809.0
2,EV,GGG,26,5,226.0
2,EV,GJT,15,6,306.0
2,EV,GNV,124,22,1452.0
2,EV,GPT,138,7,-375.0
2,EV,GRB,134,23,1942.0
2,EV,GRK,158,31,1655.0
2,EV,GRR,161,35,2140.0
2,EV,GSO,307,81,5409.0
2,EV,GSP,177,26,799.0
2,EV,GTR,70,10,1037.0
2,EV,GUC,37,8,258.0
2,EV,HOB,46,5,87.0
2,EV,HPN,259,91,6335.0
2,EV,HRL,104,10,446.0
2,EV,HSV,158,30,996.0
2,EV,IAD,706,176,10588.0
2,EV,IAH,5162,545,10419.0
2,EV,ICT,127,20,805.0
2,EV,ILM,97,9,767.0
2,EV,IND,247,52,2986.0
2,EV,ISN,84,24,2539.0
2,EV,ITH,4,1,48.0
2,EV,JAN,208,23,1208.0
2,EV,JAX,146,40,1973.0
2,EV,LAN,96,20,1169.0
2,EV,LAW,48,7,523.0
2,EV,LBB,128,21,781.0
2,EV,LCH,120,11,-151.0
2,EV,LEX,215,50,2304.0
2,EV,LFT,301,31,1079.0
2,EV,LGA,804,293,19166.0
2,EV,LIT,216,38,1495.0
2,EV,LNK,115,16,806.0
2,EV,LRD,75,6,-111.0
2,EV,MAF,205,23,606.0
2,EV,MBS,35,7,400.0
2,EV,MCI,326,49,1447.0
2,EV,MCO,13,5,403.0
2,EV,MDT,59,10,1347.0
2,EV,MDW,168,50,3819.0
2,EV,MEI,71,18,803.0
2,EV,MEM,256,52,2943.0
2,EV,MFE,169,12,-436.0
2,EV,MGM,174,27,1279.0
2,EV,MHK,11,2,37.0
2,EV,MHT,75,22,1574.0
2,EV,MKE,201,38,1189.0
2,EV,MLI,214,60,3961.0
2,EV,MLU,179,29,1379.0
2,EV,MOB,323,50,2068.0
2,EV,MOT,22,3,157.0
2,EV,MSN,172,41,1625.0
2,EV,MSP,624,170,12842.0
2,EV,MSY,21,4,33.0
2,EV,MTJ,36,1,-232.0
2,EV,MYR,59,9,497.0
2,EV,OAJ,96,14,770.0
2,EV,OKC,154,29,1380.0
2,EV,OMA,206,38,1993.0
2,EV,ORD,3464,1119,64326.0
2,EV,ORF,169,37,2285.0
2,EV,PBI,11,2,80.0
2,EV,PHF,71,10,611.0
2,EV,PHL,18,5,419.0
2,EV,PIA,106,30,2270.0
2,EV,PIB,46,8,380.0
2,EV,PIT,240,46,1978.0
2,EV,PNS,118,18,194.0
2,EV,PVD,103,21,1258.0
2,EV,PWM,59,11,371.0
2,EV,RAP,33,7,545.0
2,EV,RDU,190,41,3942.0
2,EV,RIC,384,109,7367.0
2,EV,ROA,103,14,742.0
2,EV,ROC,107,24,845.0
2,EV,RST,53,18,1209.0
2,EV,RSW,2,1,28.0
2,EV,SAF,41,9,349.0
2,EV,SAT,83,11,232.0
2,EV,SAV,165,34,1989.0
2,EV,SBN,104,38,2877.0
2,EV,SCE,54,14,1452.0
2,EV,SDF,172,40,1732.0
2,EV,SGF,122,27,2623.0
2,EV,SHV,338,59,2720.0
2,EV,SJT,23,7,173.0
2,EV,SPS,15,2,425.0
2,EV,STL,242,54,3063.0
2,EV,SWF,10,5,473.0
2,EV,SYR,126,27,1847.0
2,EV,TLH,58,16,958.0
2,EV,TRI,109,20,851.0
2,EV,TUL,339,45,1861.0
2,EV,TUS,72,11,940.0
2,EV,TVC,103,29,1701.0
2,EV,TYR,92,15,500.0
2,EV,TYS,288,76,4395.0
2,EV,VLD,75,11,543.0
2,EV,VPS,97,9,425.0
2,EV,XNA,247,51,3289.0
2,F9,ATL,159,64,5996.0
2,F9,AUS,44,16,992.0
2,F9,BMI,8,5,350.0
2,F9,BNA,27,6,75.0
2,F9,BZN,16,0,-86.0
2,F9,CLE,229,101,8548.0
2,F9,CLT,17,7,534.0
2,F9,CVG,101,29,2903.0
2,F9,DCA,79,23,1129.0
2,F9,DEN,1606,378,21152.0
2,F9,DFW,84,30,2592.0
2,F9,DSM,12,4,38.0
2,F9,DTW,16,10,1087.0
2,F9,FAR,12,8,723.0
2,F9,FLL,96,51,4776.0
2,F9,FSD,16,8,1000.0
2,F9,IAD,181,75,6164.0
2,F9,IAH,104,12,893.0
2,F9,ILG,18,7,757.0
2,F9,IND,28,2,-21.0
2,F9,LAS,213,85,5442.0
2,F9,LAX,72,18,750.0
2,F9,LGA,53,31,1838.0
2,F9,MCI,32,4,-53.0
2,F9,MCO,384,174,16457.0
2,F9,MDT,20,4,631.0
2,F9,MDW,11,5,556.0
2,F9,MEM,16,3,415.0
2,F9,MIA,156,74,5887.0
2,F9,MKE,74,17,1200.0
2,F9,MSN,28,4,1094.0
2,F9,MSP,56,12,619.0
2,F9,MSY,28,10,500.0
2,F9,OKC,22,6,534.0
2,F9,OMA,35,4,97.0
2,F9,ORD,256,127,10130.0
2,F9,PBI,41,16,992.0
2,F9,PDX,40,12,1021.0
2,F9,PHL,101,33,3054.0
2,F9,PHX,205,67,5029.0
2,F9,RDU,15,6,733.0
2,F9,RSW,130,58,3941.0
2,F9,SAN,51,17,974.0
2,F9,SEA,36,13,1140.0
2,F9,SFO,128,37,2573.0
2,F9,SLC,127,37,2231.0
2,F9,SNA,79,20,1050.0
2,F9,STL,80,28,2045.0
2,F9,TPA,155,75,5899.0
2,F9,TTN,193,90,9397.0
2,F9,UST,11,5,429.0
2,HA,HNL,2527,236,4810.0
2,HA,ITO,444,42,572.0
2,HA,JFK,20,3,2442.0
2,HA,KOA,579,60,1215.0
2,HA,LAS,68,6,1090.0
2,HA,LAX,112,8,306.0
2,HA,LIH,582,43,298.0
2,HA,OAK,56,3,-225.0
2,HA,OGG,1100,124,3254.0
2,HA,PDX,28,3,-44.0
2,HA,PHX,28,2,159.0
2,HA,PPG,8,2,94.0
2,HA,SAN,28,2,258.0
2,HA,SEA,56,5,279.0
2,HA,SFO,56,5,259.0
2,HA,SJC,56,3,10.0
2,HA,SMF,28,4,128.0
2,MQ,ABI,183,24,960.0
2,MQ,ABQ,21,9,463.0
2,MQ,ACT,110,20,1155.0
2,MQ,AEX,71,17,980.0
2,MQ,ALO,45,11,943.0
2,MQ,AMA,169,35,1506.0
2,MQ,ASE,60,19,1265.0
2,MQ,ATL,129,40,2684.0
2,MQ,AZO,92,26,1715.0
2,MQ,BDL,24,11,731.0
2,MQ,BHM,75,13,1130.0
2,MQ,BIS,48,15,933.0
2,MQ,BMI,114,25,1144.0
2,MQ,BNA,232,80,5604.0
2,MQ,BPT,25,11,384.0
2,MQ,BRO,13,3,62.0
2,MQ,BTR,122,26,1382.0
2,MQ,BUF,48,24,1711.0
2,MQ,BWI,54,28,3584.0
2,MQ,CAE,72,15,818.0
2,MQ,CHA,68,18,724.0
2,MQ,CHO,22,11,386.0
2,MQ,CHS,102,22,1292.0
2,MQ,CID,212,69,5284.0
2,MQ,CLE,132,60,3733.0
2,MQ,CLL,115,27,854.0
2,MQ,CMH,408,131,9525.0
2,MQ,CMI,161,42,3426.0
2,MQ,COU,99,25,2208.0
2,MQ,CRP,118,24,1093.0
2,MQ,CVG,378,125,7377.0
2,MQ,CWA,60,14,1113.0
2,MQ,DAY,131,44,2680.0
2,MQ,DBQ,63,25,1443.0
2,MQ,DCA,107,36,2296.0
2,MQ,DFW,5204,1356,69506.0
2,MQ,DRO,35,14,843.0
2,MQ,DSM,210,88,6493.0
2,MQ,DTW,269,115,8227.0
2,MQ,ELP,24,14,826.0
2,MQ,EVV,122,40,2020.0
2,MQ,EYW,78,12,526.0
2,MQ,FAR,89,30,1633.0
2,MQ,FNT,68,20,1013.0
2,MQ,FSD,84,38,2377.0
2,MQ,FSM,92,19,716.0
2,MQ,FWA,135,45,2703.0
2,MQ,GCK,47,6,264.0
2,MQ,GGG,19,4,91.0
2,MQ,GJT,48,10,308.0
2,MQ,GNV,50,14,1133.0
2,MQ,GPT,69,9,295.0
2,MQ,GRB,93,29,1661.0
2,MQ,GRI,48,14,1156.0
2,MQ,GRK,170,28,939.0
2,MQ,GRR,213,87,5398.0
2,MQ,GSO,142,41,3323.0
2,MQ,GSP,43,11,552.0
2,MQ,GUC,4,1,61.0
2,MQ,HOU,47,8,288.0
2,MQ,HPN,78,27,1150.0
2,MQ,HSV,55,15,790.0
2,MQ,IND,140,52,2330.0
2,MQ,JAN,162,46,3175.0
2,MQ,JAX,10,4,310.0
2,MQ,JFK,400,135,7067.0
2,MQ,JLN,48,8,629.0
2,MQ,LAW,47,14,681.0
2,MQ,LAX,26,4,124.0
2,MQ,LBB,95,22,725.0
2,MQ,LCH,39,5,298.0
2,MQ,LEX,110,26,1753.0
2,MQ,LFT,89,19,1685.0
2,MQ,LGA,970,363,19018.0
2,MQ,LIT,182,56,3290.0
2,MQ,LRD,95,14,262.0
2,MQ,LSE,84,25,1264.0
2,MQ,MAF,164,41,1837.0
2,MQ,MDT,49,19,1158.0
2,MQ,MEM,111,40,3856.0
2,MQ,MGM,69,14,546.0
2,MQ,MHK,107,22,1366.0
2,MQ,MIA,615,134,6948.0
2,MQ,MLI,112,29,1801.0
2,MQ,MLU,18,7,390.0
2,MQ,MOB,45,13,1268.0
2,MQ,MQT,22,5,328.0
2,MQ,MSN,208,43,2182.0
2,MQ,MSP,48,23,1105.0
2,MQ,OKC,90,30,1864.0
2,MQ,OMA,44,22,1719.0
2,MQ,ORD,4365,1886,111471.0
2,MQ,ORF,102,21,1765.0
2,MQ,PIA,139,36,2838.0
2,MQ,PIT,37,12,829.0
2,MQ,PNS,200,44,1620.0
2,MQ,RAP,24,3,18.0
2,MQ,RDU,254,91,6900.0
2,MQ,RIC,61,18,1193.0
2,MQ,ROC,25,12,579.0
2,MQ,ROW,70,15,775.0
2,MQ,RST,100,28,1722.0
2,MQ,SAF,46,11,518.0
2,MQ,SAV,73,16,774.0
2,MQ,SDF,106,37,2349.0
2,MQ,SGF,275,66,5467.0
2,MQ,SHV,68,15,968.0
2,MQ,SJT,93,14,428.0
2,MQ,SPI,36,8,169.0
2,MQ,SPS,73,14,1077.0
2,MQ,STL,130,52,3271.0
2,MQ,SUX,44,15,1178.0
2,MQ,SYR,46,18,1260.0
2,MQ,TLH,128,24,1268.0
2,MQ,TOL,67,19,1030.0
2,MQ,TUL,92,37,2106.0
2,MQ,TVC,72,22,1470.0
2,MQ,TXK,63,5,125.0
2,MQ,TYR,66,13,462.0
2,MQ,TYS,124,51,2970.0
2,MQ,VPS,119,26,1244.0
2,MQ,XNA,337,112,9023.0
2,NK,ACY,304,53,1540.0
2,NK,ATL,218,41,2899.0
2,NK,BOS,104,43,2992.0
2,NK,BQN,12,4,106.0
2,NK,BWI,142,22,1112.0
2,NK,CLE,74,23,928.0
2,NK,DEN,237,69,4776.0
2,NK,DFW,639,121,5913.0
2,NK,DTW,632,225,13060.0
2,NK,FLL,976,231,13009.0
2,NK,IAG,29,5,80.0
2,NK,IAH,322,67,4563.0
2,NK,LAS,658,170,9812.0
2,NK,LAX,247,84,5801.0
2,NK,LBE,86,25,1429.0
2,NK,LGA,288,121,7269.0
2,NK,MCI,113,30,2003.0
2,NK,MCO,353,96,5659.0
2,NK,MSP,304,105,7798.0
2,NK,MSY,136,28,1093.0
2,NK,MYR,173,52,1901.0
2,NK,OAK,109,15,664.0
2,NK,ORD,684,280,19573.0
2,NK,PBG,28,12,710.0
2,NK,PBI,53,19,1127.0
2,NK,PDX,28,9,432.0
2,NK,PHL,50,11,1141.0
2,NK,PHX,107,40,2435.0
2,NK,RSW,305,114,7267.0
2,NK,SAN,111,15,1008.0
2,NK,SJU,28,4,164.0
2,NK,STT,27,6,326.0
2,NK,TPA,246,51,3460.0
2,OO,ABQ,236,33,1854.0
2,OO,ABR,56,9,911.0
2,OO,ACV,125,29,1796.0
2,OO,ALB,1,0,-10.0
2,OO,AMA,22,7,416.0
2,OO,APN,43,12,606.0
2,OO,ASE,486,134,7336.0
2,OO,ATL,361,107,8178.0
2,OO,ATW,23,3,93.0
2,OO,AUS,240,44,3944.0
2,OO,AVL,26,4,1420.0
2,OO,AZO,13,2,236.0
2,OO,BDL,10,3,291.0
2,OO,BFL,204,30,1322.0
2,OO,BHM,26,5,164.0
2,OO,BIL,87,14,326.0
2,OO,BIS,175,42,2648.0
2,OO,BJI,56,4,757.0
2,OO,BMI,10,3,244.0
2,OO,BNA,210,47,2794.0
2,OO,BOI,406,83,4213.0
2,OO,BOS,25,7,314.0
2,OO,BRD,47,4,-126.0
2,OO,BTM,54,0,-351.0
2,OO,BUF,4,3,199.0
2,OO,BUR,293,64,3057.0
2,OO,BZN,126,27,1090.0
2,OO,CDC,47,2,303.0
2,OO,CEC,49,15,978.0
2,OO,CHA,37,8,328.0
2,OO,CHO,45,20,2271.0
2,OO,CHS,2,0,-4.0
2,OO,CID,182,48,3003.0
2,OO,CIU,48,9,369.0
2,OO,CLD,180,23,1803.0
2,OO,CLE,24,8,564.0
2,OO,CLT,28,6,537.0
2,OO,CMH,50,22,1418.0
2,OO,CMX,47,8,413.0
2,OO,CNY,47,2,-251.0
2,OO,COD,54,9,271.0
2,OO,COS,378,54,2444.0
2,OO,CPR,144,18,303.0
2,OO,CVG,267,79,4961.0
2,OO,DAY,79,10,793.0
2,OO,DCA,131,29,2024.0
2,OO,DEN,3397,1036,54788.0
2,OO,DFW,285,72,4368.0
2,OO,DIK,47,3,32.0
2,OO,DLH,105,22,1428.0
2,OO,DRO,101,20,2309.0
2,OO,DSM,115,28,2036.0
2,OO,DTW,707,173,13718.0
2,OO,DVL,36,5,147.0
2,OO,EAU,52,4,272.0
2,OO,EKO,52,2,-33.0
2,OO,ELP,70,10,191.0
2,OO,ESC,45,5,221.0
2,OO,EUG,281,46,2233.0
2,OO,EWR,1,1,593.0
2,OO,FAR,151,35,1385.0
2,OO,FAT,559,94,6080.0
2,OO,FCA,120,13,123.0
2,OO,FLG,122,12,96.0
2,OO,FNT,11,0,-60.0
2,OO,FSD,157,44,2548.0
2,OO,FWA,171,51,3194.0
2,OO,GCC,82,7,-114.0
2,OO,GEG,195,13,-349.0
2,OO,GFK,50,11,363.0
2,OO,GJT,160,15,-88.0
2,OO,GRB,99,13,769.0
2,OO,GRR,115,20,1303.0
2,OO,GTF,131,9,-152.0
2,OO,GUC,7,3,267.0
2,OO,HDN,56,14,704.0
2,OO,HIB,76,12,786.0
2,OO,HLN,105,7,158.0
2,OO,HYS,47,11,529.0
2,OO,IAD,45,5,430.0
2,OO,IAH,955,171,7822.0
2,OO,ICT,221,68,5005.0
2,OO,IDA,160,19,677.0
2,OO,IMT,51,2,-172.0
2,OO,IND,37,13,532.0
2,OO,INL,48,7,1006.0
2,OO,ISN,134,24,1327.0
2,OO,JAC,136,35,2808.0
2,OO,JMS,59,13,426.0
2,OO,LAN,77,26,2363.0
2,OO,LAR,45,7,309.0
2,OO,LAS,259,33,1464.0
2,OO,LAX,3820,668,31387.0
2,OO,LEX,14,3,339.0
2,OO,LGA,7,3,101.0
2,OO,LGB,107,10,821.0
2,OO,LIT,34,8,319.0
2,OO,LNK,65,13,588.0
2,OO,LSE,12,0,-91.0
2,OO,LWS,48,2,-137.0
2,OO,MAF,94,18,1062.0
2,OO,MBS,103,29,1667.0
2,OO,MCI,92,17,980.0
2,OO,MDW,12,3,101.0
2,OO,MEM,66,17,825.0
2,OO,MFE,33,7,363.0
2,OO,MFR,182,27,1776.0
2,OO,MKE,520,179,12257.0
2,OO,MKG,46,19,1265.0
2,OO,MLI,31,4,123.0
2,OO,MMH,36,8,237.0
2,OO,MOT,102,21,1152.0
2,OO,MRY,277,56,3998.0
2,OO,MSN,125,35,2388.0
2,OO,MSO,74,9,106.0
2,OO,MSP,1744,283,15140.0
2,OO,MSY,33,5,166.0
2,OO,MTJ,98,26,1340.0
2,OO,OAK,173,22,1419.0
2,OO,OKC,167,26,1172.0
2,OO,OMA,211,47,4128.0
2,OO,ONT,398,75,2977.0
2,OO,ORD,2665,1057,67095.0
2,OO,ORF,37,5,158.0
2,OO,OTH,14,6,365.0
2,OO,PAH,47,8,981.0
2,OO,PBI,7,1,15.0
2,OO,PDX,441,56,1552.0
2,OO,PHL,1,0,1.0
2,OO,PHX,1440,139,5677.0
2,OO,PIA,48,18,846.0
2,OO,PIH,52,0,-443.0
2,OO,PIT,29,10,352.0
2,OO,PLN,46,10,1403.0
2,OO,PSC,132,10,54.0
2,OO,PSP,648,141,7495.0
2,OO,PUB,47,12,337.0
2,OO,RAP,145,16,526.0
2,OO,RDD,80,16,460.0
2,OO,RDM,147,20,343.0
2,OO,RDU,15,2,20.0
2,OO,RHI,80,5,-399.0
2,OO,RKS,54,6,52.0
2,OO,RNO,241,59,3552.0
2,OO,RST,9,2,92.0
2,OO,SAF,20,2,139.0
2,OO,SAN,636,99,3429.0
2,OO,SAT,221,57,3967.0
2,OO,SBA,469,100,4887.0
2,OO,SBN,267,75,6267.0
2,OO,SBP,368,58,3122.0
2,OO,SDF,10,2,107.0
2,OO,SEA,915,121,3348.0
2,OO,SFO,2975,735,40411.0
2,OO,SGF,64,20,1473.0
2,OO,SGU,136,11,5.0
2,OO,SJC,516,64,1354.0
2,OO,SLC,3605,379,8059.0
2,OO,SMF,551,96,6117.0
2,OO,SMX,55,12,1778.0
2,OO,SNA,196,38,2253.0
2,OO,SPI,76,16,1132.0
2,OO,STC,23,10,440.0
2,OO,STL,117,29,1514.0
2,OO,SUN,80,10,138.0
2,OO,SYR,6,0,-21.0
2,OO,TUL,89,21,995.0
2,OO,TUS,585,97,4410.0
2,OO,TWF,53,0,-388.0
2,OO,VEL,48,1,112.0
2,OO,XNA,63,11,726.0
2,OO,YUM,154,14,872.0
2,UA,ALB,45,19,1784.0
2,UA,ANC,30,4,314.0
2,UA,ATL,209,50,3252.0
2,UA,AUS,281,57,4061.0
2,UA,BDL,60,20,1121.0
2,UA,BIL,55,13,706.0
2,UA,BOI,46,4,-45.0
2,UA,BOS,631,234,14630.0
2,UA,BQN,17,6,1741.0
2,UA,BUF,2,1,49.0
2,UA,BWI,178,51,2895.0
2,UA,BZN,49,15,990.0
2,UA,CLE,627,100,5635.0
2,UA,CLT,7,1,10.0
2,UA,CMH,26,9,637.0
2,UA,DCA,293,74,4825.0
2,UA,DEN,3511,1118,58801.0
2,UA,DFW,258,54,3367.0
2,UA,DSM,46,15,1098.0
2,UA,DTW,45,15,1042.0
2,UA,EGE,55,15,558.0
2,UA,EWR,3324,1135,63697.0
2,UA,FLL,503,106,5701.0
2,UA,GEG,51,13,594.0
2,UA,GRR,18,8,406.0
2,UA,GUC,2,1,38.0
2,UA,GUM,28,7,225.0
2,UA,HDN,38,12,1205.0
2,UA,HNL,344,58,3257.0
2,UA,IAD,1176,282,18927.0
2,UA,IAH,4485,1088,60844.0
2,UA,ICT,25,3,276.0
2,UA,IND,45,10,329.0
2,UA,ITO,16,1,204.0
2,UA,JAC,81,28,1482.0
2,UA,JFK,332,47,2647.0
2,UA,KOA,113,39,3055.0
2,UA,LAS,976,207,11627.0
2,UA,LAX,2096,390,21788.0
2,UA,LGA,633,205,13652.0
2,UA,LIH,57,8,260.0
2,UA,MCI,20,4,111.0
2,UA,MCO,975,212,11868.0
2,UA,MDT,45,5,170.0
2,UA,MIA,317,83,4435.0
2,UA,MSP,156,29,1809.0
2,UA,MSY,482,71,2796.0
2,UA,MTJ,14,7,561.0
2,UA,OGG,154,43,2406.0
2,UA,OKC,27,4,102.0
2,UA,OMA,77,15,965.0
2,UA,ORD,3973,1592,91321.0
2,UA,PBI,226,54,2703.0
2,UA,PDX,312,50,2046.0
2,UA,PHL,255,53,3313.0
2,UA,PHX,550,103,5242.0
2,UA,PIT,136,30,2189.0
2,UA,PSP,52,15,670.0
2,UA,RDU,47,17,1178.0
2,UA,RIC,24,4,57.0
2,UA,RNO,54,9,172.0
2,UA,ROC,44,7,409.0
2,UA,RSW,270,50,1996.0
2,UA,SAN,527,106,4711.0
2,UA,SAT,213,29,1256.0
2,UA,SEA,607,108,4992.0
2,UA,SFO,3372,773,46038.0
2,UA,SJC,51,6,44.0
2,UA,SJU,127,48,2124.0
2,UA,SLC,135,24,1215.0
2,UA,SMF,153,27,1561.0
2,UA,SNA,393,60,2727.0
2,UA,SRQ,48,11,490.0
2,UA,STT,58,19,1441.0
2,UA,TPA,521,81,2773.0
2,US,ALB,55,8,463.0
2,US,ANC,24,2,6.0
2,US,ATL,440,47,1939.0
2,US,AUS,66,11,884.0
2,US,BDL,105,17,734.0
2,US,BNA,95,13,800.0
2,US,BOI,55,9,121.0
2,US,BOS,1170,311,16199.0
2,US,BUF,95,23,1443.0
2,US,BWI,282,41,2495.0
2,US,CHS,18,1,-27.0
2,US,CLE,138,13,406.0
2,US,CLT,6460,1187,59033.0
2,US,CMH,72,12,878.0
2,US,DAB,5,0,0.0
2,US,DCA,1447,314,12981.0
2,US,DEN,325,59,3536.0
2,US,DFW,444,58,2621.0
2,US,DTW,214,38,1831.0
2,US,EWR,271,39,2478.0
2,US,FLL,502,86,4025.0
2,US,GEG,44,5,-13.0
2,US,GSO,1,0,1.0
2,US,HNL,51,3,-122.0
2,US,IAH,363,40,1377.0
2,US,IND,125,16,877.0
2,US,JAX,198,39,1857.0
2,US,JFK,198,52,3600.0
2,US,KOA,32,2,-33.0
2,US,LAS,442,52,1945.0
2,US,LAX,516,76,3615.0
2,US,LGA,859,222,10371.0
2,US,LIH,23,0,-165.0
2,US,MCI,159,21,835.0
2,US,MCO,696,102,4653.0
2,US,MDT,25,4,296.0
2,US,MEM,70,13,479.0
2,US,MIA,260,63,3143.0
2,US,MKE,51,6,320.0
2,US,MSP,324,42,1995.0
2,US,MSY,139,16,688.0
2,US,MYR,2,1,14.0
2,US,OAK,21,3,337.0
2,US,OGG,43,2,-278.0
2,US,OMA,50,6,277.0
2,US,ONT,66,4,205.0
2,US,ORD,537,107,5883.0
2,US,ORF,42,1,-11.0
2,US,PBI,314,59,2568.0
2,US,PDX,126,12,588.0
2,US,PHL,3053,706,39910.0
2,US,PHX,3916,659,34459.0
2,US,PIT,351,51,2385.0
2,US,PVD,78,16,786.0
2,US,PWM,23,5,140.0
2,US,RDU,262,43,2007.0
2,US,RIC,89,8,106.0
2,US,RNO,80,17,1006.0
2,US,ROC,27,6,414.0
2,US,RSW,318,65,2885.0
2,US,SAN,249,44,2624.0
2,US,SAT,45,8,302.0
2,US,SEA,206,26,1121.0
2,US,SFO,358,51,2268.0
2,US,SJC,106,12,617.0
2,US,SJU,145,43,2241.0
2,US,SLC,202,30,1363.0
2,US,SMF,124,16,686.0
2,US,SNA,106,9,82.0
2,US,STL,151,32,1801.0
2,US,STT,54,12,973.0
2,US,STX,4,2,85.0
2,US,SYR,42,2,-136.0
2,US,TPA,530,77,2970.0
2,VX,AUS,52,7,723.0
2,VX,BOS,99,22,1223.0
2,VX,DAL,302,71,4931.0
2,VX,DCA,93,18,1086.0
2,VX,EWR,123,19,1251.0
2,VX,FLL,144,35,1445.0
2,VX,IAD,96,19,1585.0
2,VX,JFK,284,48,3322.0
2,VX,LAS,297,74,5378.0
2,VX,LAX,884,137,8073.0
2,VX,LGA,86,23,1678.0
2,VX,MCO,28,8,610.0
2,VX,ORD,63,14,998.0
2,VX,PDX,28,0,-99.0
2,VX,PSP,28,9,699.0
2,VX,SAN,121,31,2890.0
2,VX,SEA,166,34,2230.0
2,VX,SFO,1174,191,12723.0
2,WN,ABQ,819,167,7182.0
2,WN,ALB,294,35,1225.0
2,WN,AMA,129,18,552.0
2,WN,ATL,3170,664,27900.0
2,WN,AUS,1279,242,11577.0
2,WN,BDL,442,61,3433.0
2,WN,BHM,348,52,1794.0
2,WN,BNA,1810,340,15905.0
2,WN,BOI,242,26,1368.0
2,WN,BOS,550,180,12646.0
2,WN,BUF,429,90,4173.0
2,WN,BUR,1097,171,8273.0
2,WN,BWI,4420,1232,62279.0
2,WN,CAK,275,37,1649.0
2,WN,CHS,147,16,240.0
2,WN,CLE,280,46,3905.0
2,WN,CLT,119,25,1020.0
2,WN,CMH,685,140,6963.0
2,WN,CRP,100,14,755.0
2,WN,DAL,3919,823,34750.0
2,WN,DAY,128,17,589.0
2,WN,DCA,1067,97,2921.0
2,WN,DEN,4094,1065,52344.0
2,WN,DSM,77,10,415.0
2,WN,DTW,470,102,5097.0
2,WN,ECP,53,6,238.0
2,WN,ELP,488,76,3049.0
2,WN,EWR,392,63,2714.0
2,WN,FLL,1577,329,14108.0
2,WN,FNT,112,12,796.0
2,WN,GEG,228,27,1322.0
2,WN,GRR,190,32,1106.0
2,WN,GSP,99,13,527.0
2,WN,HOU,3739,736,29079.0
2,WN,HRL,156,12,314.0
2,WN,IAD,175,26,1317.0
2,WN,ICT,119,18,704.0
2,WN,IND,724,131,5587.0
2,WN,ISP,311,75,4737.0
2,WN,JAX,293,55,3159.0
2,WN,LAS,5307,1228,61885.0
2,WN,LAX,2866,811,39414.0
2,WN,LBB,176,28,1396.0
2,WN,LGA,710,202,11844.0
2,WN,LIT,176,26,1048.0
2,WN,MAF,238,32,1363.0
2,WN,MCI,1503,290,13527.0
2,WN,MCO,2990,581,25843.0
2,WN,MDW,5189,1294,61449.0
2,WN,MEM,170,19,1164.0
2,WN,MHT,263,40,2469.0
2,WN,MKE,944,177,8364.0
2,WN,MSP,562,105,4318.0
2,WN,MSY,1395,215,8651.0
2,WN,OAK,2462,484,22543.0
2,WN,OKC,467,72,3397.0
2,WN,OMA,391,76,3666.0
2,WN,ONT,795,154,8868.0
2,WN,ORF,129,24,1296.0
2,WN,PBI,243,63,3350.0
2,WN,PDX,683,104,5479.0
2,WN,PHL,654,123,6504.0
2,WN,PHX,4256,931,47905.0
2,WN,PIT,651,97,4923.0
2,WN,PNS,53,6,213.0
2,WN,PVD,396,93,5587.0
2,WN,PWM,53,9,459.0
2,WN,RDU,628,100,4648.0
2,WN,RIC,102,9,423.0
2,WN,RNO,449,64,2659.0
2,WN,ROC,164,21,916.0
2,WN,RSW,777,150,7269.0
2,WN,SAN,2411,525,24032.0
2,WN,SAT,1049,188,7660.0
2,WN,SDF,285,46,1908.0
2,WN,SEA,678,120,5843.0
2,WN,SFO,1062,243,14897.0
2,WN,SJC,1670,274,12652.0
2,WN,SJU,243,31,1483.0
2,WN,SLC,739,144,7340.0
2,WN,SMF,1615,273,14456.0
2,WN,SNA,1303,249,11891.0
2,WN,STL,2069,454,19744.0
2,WN,TPA,2023,360,16373.0
2,WN,TUL,337,63,2638.0
2,WN,TUS,346,46,2049.0
3,AA,ABQ,152,21,410.0
3,AA,ATL,476,76,4555.0
3,AA,AUS,669,140,7687.0
3,AA,BDL,92,9,52.0
3,AA,BHM,61,7,329.0
3,AA,BNA,298,44,1420.0
3,AA,BOS,858,145,6387.0
3,AA,BWI,203,48,3338.0
3,AA,CLE,92,11,548.0
3,AA,CLT,384,70,3797.0
3,AA,CMH,119,18,760.0
3,AA,COS,87,14,441.0
3,AA,DAY,89,11,827.0
3,AA,DCA,884,174,10598.0
3,AA,DEN,483,94,5890.0
3,AA,DFW,12223,2995,151041.0
3,AA,DSM,63,14,654.0
3,AA,DTW,233,37,2531.0
3,AA,EGE,198,40,2806.0
3,AA,ELP,118,17,923.0
3,AA,EWR,295,41,2280.0
3,AA,FAT,48,7,1284.0
3,AA,FLL,377,48,3860.0
3,AA,GUC,31,2,-255.0
3,AA,HDN,34,6,21.0
3,AA,HNL,181,37,5827.0
3,AA,HOU,52,6,304.0
3,AA,IAD,209,45,3076.0
3,AA,IAH,412,60,2045.0
3,AA,ICT,51,5,269.0
3,AA,IND,167,35,1777.0
3,AA,JAC,33,5,242.0
3,AA,JAX,120,32,887.0
3,AA,JFK,1287,276,17347.0
3,AA,KOA,46,10,904.0
3,AA,LAS,869,151,8932.0
3,AA,LAX,2770,457,24994.0
3,AA,LBB,5,1,17.0
3,AA,LGA,1157,195,8277.0
3,AA,LIH,50,3,195.0
3,AA,MCI,239,28,678.0
3,AA,MCO,883,138,6664.0
3,AA,MEM,65,15,1927.0
3,AA,MFE,143,20,661.0
3,AA,MIA,4404,1021,52008.0
3,AA,MKE,67,19,788.0
3,AA,MSP,377,68,4241.0
3,AA,MSY,292,49,1413.0
3,AA,MTJ,4,1,27.0
3,AA,OGG,134,20,2353.0
3,AA,OKC,178,23,1067.0
3,AA,OMA,175,21,2275.0
3,AA,ONT,115,19,932.0
3,AA,ORD,4214,980,54970.0
3,AA,ORF,58,10,3070.0
3,AA,PBI,221,42,1751.0
3,AA,PDX,120,13,2887.0
3,AA,PHL,289,68,4769.0
3,AA,PHX,530,100,7076.0
3,AA,PIT,120,21,812.0
3,AA,PNS,51,11,1274.0
3,AA,PSP,149,22,943.0
3,AA,RDU,333,51,2121.0
3,AA,RIC,56,13,1081.0
3,AA,RNO,88,15,1881.0
3,AA,RSW,241,43,1709.0
3,AA,SAN,450,72,3227.0
3,AA,SAT,461,77,4689.0
3,AA,SDF,25,3,259.0
3,AA,SEA,365,41,2275.0
3,AA,SFO,876,132,8205.0
3,AA,SJC,147,11,154.0
3,AA,SJU,354,55,5072.0
3,AA,SLC,207,41,3349.0
3,AA,SMF,92,17,2630.0
3,AA,SNA,404,46,1118.0
3,AA,STL,426,59,2572.0
3,AA,STT,123,24,2267.0
3,AA,STX,54,8,652.0
3,AA,TPA,535,89,6534.0
3,AA,TUL,228,38,2276.0
3,AA,TUS,269,28,1154.0
3,AS,ABQ,31,2,-128.0
3,AS,ADK,8,2,29.0
3,AS,ADQ,30,3,-138.0
3,AS,ANC,1010,110,2443.0
3,AS,ATL,31,2,71.0
3,AS,AUS,31,8,340.0
3,AS,BET,83,10,-136.0
3,AS,BLI,107,8,55.0
3,AS,BOS,119,10,369.0
3,AS,BRW,79,13,468.0
3,AS,BUR,90,7,-189.0
3,AS,BWI,31,8,408.0
3,AS,CDV,60,12,-27.0
3,AS,DCA,123,9,19.0
3,AS,DEN,145,5,-569.0
3,AS,DFW,120,8,95.0
3,AS,DTW,31,0,-176.0
3,AS,EWR,58,8,229.0
3,AS,FAI,172,19,540.0
3,AS,FLL,31,6,242.0
3,AS,GEG,145,8,-311.0
3,AS,HNL,225,38,1863.0
3,AS,IAD,21,2,131.0
3,AS,IAH,31,10,356.0
3,AS,JNU,306,48,2337.0
3,AS,KOA,160,20,14.0
3,AS,KTN,186,31,1261.0
3,AS,LAS,405,49,1247.0
3,AS,LAX,667,87,2557.0
3,AS,LIH,123,26,1087.0
3,AS,MCI,31,2,14.0
3,AS,MCO,62,9,370.0
3,AS,MSP,54,3,-13.0
3,AS,MSY,31,1,-83.0
3,AS,OAK,208,16,-402.0
3,AS,OGG,278,49,721.0
3,AS,OME,59,16,916.0
3,AS,ONT,47,5,-135.0
3,AS,ORD,158,22,1224.0
3,AS,OTZ,61,20,676.0
3,AS,PDX,1141,132,2060.0
3,AS,PHL,30,3,238.0
3,AS,PHX,242,20,-635.0
3,AS,PSG,62,10,738.0
3,AS,PSP,215,27,510.0
3,AS,SAN,467,38,-852.0
3,AS,SAT,31,4,-32.0
3,AS,SCC,76,12,315.0
3,AS,SEA,4494,605,21637.0
3,AS,SFO,499,68,2789.0
3,AS,SIT,92,11,204.0
3,AS,SJC,339,20,-464.0
3,AS,SLC,189,21,154.0
3,AS,SMF,196,12,-139.0
3,AS,SNA,296,17,-1335.0
3,AS,STL,31,3,175.0
3,AS,TPA,31,4,138.0
3,AS,TUS,35,1,-258.0
3,AS,WRG,62,11,745.0
3,AS,YAK,61,9,-142.0
3,B6,ABQ,21,7,420.0
3,B6,AUS,228,53,3558.0
3,B6,BDL,322,67,3246.0
3,B6,BOS,3566,752,40374.0
3,B6,BQN,62,10,589.0
3,B6,BTV,88,12,488.0
3,B6,BUF,357,64,3531.0
3,B6,BUR,31,10,885.0
3,B6,BWI,144,26,1085.0
3,B6,CHS,156,29,1417.0
3,B6,CLT,118,37,2269.0
3,B6,DCA,870,154,6767.0
3,B6,DEN,88,36,1997.0
3,B6,DFW,57,23,1333.0
3,B6,DTW,89,19,543.0
3,B6,EWR,599,126,7822.0
3,B6,FLL,1670,535,33684.0
3,B6,HOU,60,26,1401.0
3,B6,HPN,331,80,4315.0
3,B6,IAD,167,29,1065.0
3,B6,JAX,275,54,3016.0
3,B6,JFK,3543,892,63038.0
3,B6,LAS,334,80,5375.0
3,B6,LAX,359,93,6745.0
3,B6,LGA,564,219,15520.0
3,B6,LGB,638,106,3852.0
3,B6,MCO,1675,413,29010.0
3,B6,MSY,98,26,1945.0
3,B6,OAK,110,15,535.0
3,B6,ORD,179,58,3487.0
3,B6,ORH,60,6,67.0
3,B6,PBI,695,264,17814.0
3,B6,PDX,79,11,356.0
3,B6,PHL,140,37,2711.0
3,B6,PHX,62,19,1207.0
3,B6,PIT,146,20,563.0
3,B6,PSE,61,11,1055.0
3,B6,PVD,93,20,672.0
3,B6,PWM,87,16,1092.0
3,B6,RDU,235,44,2400.0
3,B6,RIC,200,25,1202.0
3,B6,ROC,82,14,495.0
3,B6,RSW,501,163,9899.0
3,B6,SAN,119,38,2807.0
3,B6,SAV,89,27,1623.0
3,B6,SEA,151,50,2865.0
3,B6,SFO,448,95,5921.0
3,B6,SJC,18,4,401.0
3,B6,SJU,934,237,13308.0
3,B6,SLC,124,34,1653.0
3,B6,SMF,82,17,1003.0
3,B6,SRQ,89,28,2287.0
3,B6,STT,97,23,1517.0
3,B6,STX,31,8,230.0
3,B6,SWF,60,12,533.0
3,B6,SYR,116,28,1715.0
3,B6,TPA,534,151,11051.0
3,DL,ABE,30,3,165.0
3,DL,ABQ,62,6,143.0
3,DL,AGS,64,3,-83.0
3,DL,ALB,93,17,1931.0
3,DL,ANC,111,17,825.0
3,DL,ATL,20897,3135,146640.0
3,DL,ATW,31,2,553.0
3,DL,AUS,310,51,4220.0
3,DL,AVL,62,4,10.0
3,DL,BDL,329,31,859.0
3,DL,BHM,295,44,1304.0
3,DL,BIL,80,6,64.0
3,DL,BIS,30,0,-183.0
3,DL,BNA,408,70,3650.0
3,DL,BOI,114,3,-266.0
3,DL,BOS,1446,274,18519.0
3,DL,BTR,27,3,97.0
3,DL,BUF,174,23,1105.0
3,DL,BWI,631,89,4919.0
3,DL,BZN,101,6,367.0
3,DL,CAE,87,3,11.0
3,DL,CAK,150,16,1844.0
3,DL,CHA,84,8,179.0
3,DL,CHO,31,1,-19.0
3,DL,CHS,295,14,223.0
3,DL,CLE,210,18,853.0
3,DL,CLT,563,62,2710.0
3,DL,CMH,271,32,2005.0
3,DL,COS,27,3,-1.0
3,DL,CRW,31,8,600.0
3,DL,CVG,631,57,3530.0
3,DL,DAB,155,16,522.0
3,DL,DAL,139,18,972.0
3,DL,DAY,124,21,1175.0
3,DL,DCA,706,109,6838.0
3,DL,DEN,680,106,6620.0
3,DL,DFW,455,78,4511.0
3,DL,DSM,90,7,340.0
3,DL,DTW,4419,711,38050.0
3,DL,ECP,186,26,955.0
3,DL,EGE,29,5,81.0
3,DL,ELP,62,13,793.0
3,DL,EVV,31,1,-3.0
3,DL,EWR,412,54,6128.0
3,DL,EYW,124,9,-184.0
3,DL,FAR,59,4,124.0
3,DL,FAY,31,4,327.0
3,DL,FLL,1104,157,8683.0
3,DL,FNT,85,7,95.0
3,DL,FSD,31,0,-152.0
3,DL,GEG,122,15,712.0
3,DL,GNV,31,2,16.0
3,DL,GPT,112,11,591.0
3,DL,GRB,27,1,-28.0
3,DL,GRR,307,30,2688.0
3,DL,GSO,173,14,732.0
3,DL,GSP,122,10,84.0
3,DL,HDN,29,4,40.0
3,DL,HNL,263,36,1362.0
3,DL,HOU,209,22,795.0
3,DL,HSV,166,15,891.0
3,DL,IAD,208,30,2083.0
3,DL,IAH,253,31,1478.0
3,DL,ICT,72,9,324.0
3,DL,ILM,31,6,967.0
3,DL,IND,384,48,1822.0
3,DL,JAC,97,4,-305.0
3,DL,JAN,116,17,501.0
3,DL,JAX,396,41,1629.0
3,DL,JFK,2275,772,58458.0
3,DL,KOA,31,5,322.0
3,DL,LAS,964,126,8127.0
3,DL,LAX,2087,485,27182.0
3,DL,LEX,90,5,139.0
3,DL,LFT,31,5,686.0
3,DL,LGA,2496,684,51581.0
3,DL,LIH,31,9,884.0
3,DL,LIT,180,22,1667.0
3,DL,MCI,443,52,2875.0
3,DL,MCO,1563,233,12408.0
3,DL,MDT,89,3,-47.0
3,DL,MDW,240,37,1995.0
3,DL,MEM,340,60,2963.0
3,DL,MHT,31,1,39.0
3,DL,MIA,833,176,10287.0
3,DL,MKE,393,39,3248.0
3,DL,MLB,124,15,383.0
3,DL,MOB,57,5,157.0
3,DL,MSN,219,21,133.0
3,DL,MSO,61,0,-213.0
3,DL,MSP,4859,630,27747.0
3,DL,MSY,799,137,7121.0
3,DL,MTJ,9,2,418.0
3,DL,MYR,31,3,206.0
3,DL,OAK,89,4,31.0
3,DL,OGG,93,29,1404.0
3,DL,OKC,97,9,284.0
3,DL,OMA,174,9,-20.0
3,DL,ONT,31,0,-178.0
3,DL,ORD,602,123,8183.0
3,DL,ORF,260,22,1649.0
3,DL,PBI,587,123,9461.0
3,DL,PDX,448,57,2487.0
3,DL,PHF,1,1,110.0
3,DL,PHL,578,96,6519.0
3,DL,PHX,732,79,2756.0
3,DL,PIT,292,30,1298.0
3,DL,PNS,213,33,1507.0
3,DL,PSC,31,0,-109.0
3,DL,PSP,31,10,442.0
3,DL,PVD,88,8,284.0
3,DL,PWM,31,3,337.0
3,DL,RDU,415,55,4674.0
3,DL,RIC,238,38,2605.0
3,DL,RNO,93,6,7.0
3,DL,ROA,30,1,-50.0
3,DL,ROC,119,21,2994.0
3,DL,RSW,769,94,5058.0
3,DL,SAN,552,38,2097.0
3,DL,SAT,296,21,617.0
3,DL,SAV,278,27,871.0
3,DL,SDF,268,29,2843.0
3,DL,SEA,968,152,9027.0
3,DL,SFO,701,72,4517.0
3,DL,SGF,31,1,-1.0
3,DL,SHV,27,4,57.0
3,DL,SJC,51,2,21.0
3,DL,SJU,291,57,3597.0
3,DL,SLC,3169,384,18427.0
3,DL,SMF,132,17,842.0
3,DL,SNA,239,14,573.0
3,DL,SRQ,272,43,2492.0
3,DL,STL,370,40,1445.0
3,DL,STT,97,11,944.0
3,DL,STX,4,0,4.0
3,DL,SYR,116,15,872.0
3,DL,TLH,146,12,128.0
3,DL,TPA,1097,139,8550.0
3,DL,TRI,61,6,270.0
3,DL,TUL,81,10,361.0
3,DL,TUS,88,9,170.0
3,DL,TYS,62,6,187.0
3,DL,VPS,181,15,1045.0
3,DL,XNA,31,3,304.0
3,EV,ABE,161,27,1338.0
3,EV,ABQ,79,11,229.0
3,EV,ABY,87,20,1041.0
3,EV,ACT,27,13,853.0
3,EV,AEX,200,28,1872.0
3,EV,AGS,163,31,1827.0
3,EV,ALB,57,8,132.0
3,EV,AMA,127,14,676.0
3,EV,ATL,5696,1155,57529.0
3,EV,ATW,198,19,-67.0
3,EV,AUS,56,5,235.0
3,EV,AVL,114,21,1768.0
3,EV,AVP,90,8,311.0
3,EV,AZO,16,1,-31.0
3,EV,BDL,154,19,161.0
3,EV,BGR,1,0,-7.0
3,EV,BHM,352,61,3012.0
3,EV,BIL,24,1,-167.0
3,EV,BIS,31,4,416.0
3,EV,BMI,106,20,1476.0
3,EV,BNA,343,61,2653.0
3,EV,BOS,211,32,1402.0
3,EV,BPT,43,17,1544.0
3,EV,BQK,77,15,736.0
3,EV,BRO,200,33,1413.0
3,EV,BTR,573,120,5353.0
3,EV,BTV,141,27,1898.0
3,EV,BUF,172,31,1338.0
3,EV,BWI,24,0,-185.0
3,EV,CAE,402,86,4919.0
3,EV,CAK,124,15,1012.0
3,EV,CHA,201,39,1721.0
3,EV,CHO,80,13,623.0
3,EV,CHS,189,25,1712.0
3,EV,CID,157,25,1009.0
3,EV,CLE,977,159,5588.0
3,EV,CLL,50,4,-8.0
3,EV,CLT,317,48,2501.0
3,EV,CMH,293,61,2998.0
3,EV,COS,92,10,361.0
3,EV,CRP,349,71,3539.0
3,EV,CRW,193,45,2286.0
3,EV,CSG,111,24,941.0
3,EV,CVG,356,47,1599.0
3,EV,CWA,60,5,23.0
3,EV,DAL,101,18,1118.0
3,EV,DAY,155,25,637.0
3,EV,DCA,282,55,3051.0
3,EV,DEN,1309,169,6877.0
3,EV,DFW,1588,545,33546.0
3,EV,DHN,119,19,924.0
3,EV,DIK,73,8,-283.0
3,EV,DRO,35,3,-1.0
3,EV,DSM,139,18,1359.0
3,EV,DTW,2557,426,23021.0
3,EV,ECP,61,3,52.0
3,EV,ELM,185,22,473.0
3,EV,ELP,232,26,552.0
3,EV,ERI,66,7,196.0
3,EV,EVV,136,19,698.0
3,EV,EWN,48,6,401.0
3,EV,EWR,2685,577,29419.0
3,EV,EYW,30,0,-72.0
3,EV,FAR,116,15,486.0
3,EV,FAY,111,19,862.0
3,EV,FNT,94,4,-47.0
3,EV,FSD,203,30,1836.0
3,EV,FSM,82,12,794.0
3,EV,FWA,78,16,670.0
3,EV,GGG,29,9,881.0
3,EV,GJT,59,1,-264.0
3,EV,GNV,176,38,2239.0
3,EV,GPT,168,15,-39.0
3,EV,GRB,140,11,110.0
3,EV,GRK,194,43,2077.0
3,EV,GRR,170,22,1018.0
3,EV,GSO,356,63,4053.0
3,EV,GSP,306,44,1513.0
3,EV,GTR,87,18,1624.0
3,EV,GUC,59,6,308.0
3,EV,HOB,52,2,183.0
3,EV,HPN,220,42,3019.0
3,EV,HRL,114,11,464.0
3,EV,HSV,208,29,2013.0
3,EV,IAD,307,54,4035.0
3,EV,IAH,6045,896,33659.0
3,EV,ICT,198,26,1209.0
3,EV,ILM,118,16,994.0
3,EV,IND,289,42,1882.0
3,EV,ISN,100,10,178.0
3,EV,JAN,315,45,2104.0
3,EV,JAX,259,49,2358.0
3,EV,LAN,108,10,33.0
3,EV,LAW,54,14,1057.0
3,EV,LBB,142,18,385.0
3,EV,LCH,117,13,206.0
3,EV,LEX,273,34,1488.0
3,EV,LFT,352,50,2962.0
3,EV,LGA,840,246,15993.0
3,EV,LIT,291,52,2694.0
3,EV,LNK,135,10,627.0
3,EV,LRD,86,13,496.0
3,EV,MAF,205,20,255.0
3,EV,MBS,16,2,10.0
3,EV,MCI,403,62,2187.0
3,EV,MCO,12,2,53.0
3,EV,MDT,106,16,909.0
3,EV,MDW,216,51,3440.0
3,EV,MEI,80,22,1851.0
3,EV,MEM,324,47,2910.0
3,EV,MFE,193,27,297.0
3,EV,MGM,205,37,1443.0
3,EV,MHK,23,8,472.0
3,EV,MHT,214,38,2588.0
3,EV,MKE,231,30,940.0
3,EV,MLI,146,31,2020.0
3,EV,MLU,255,52,2429.0
3,EV,MOB,338,56,2790.0
3,EV,MOT,75,10,-26.0
3,EV,MSN,194,26,1064.0
3,EV,MSP,778,144,9624.0
3,EV,MSY,97,10,587.0
3,EV,MTJ,3,1,19.0
3,EV,MYR,146,30,1718.0
3,EV,OAJ,93,7,344.0
3,EV,OKC,235,38,2404.0
3,EV,OMA,224,31,819.0
3,EV,ORD,4456,719,37279.0
3,EV,ORF,195,36,3053.0
3,EV,PBI,15,3,71.0
3,EV,PHF,142,31,2870.0
3,EV,PHL,8,2,164.0
3,EV,PIA,250,42,2215.0
3,EV,PIB,50,11,582.0
3,EV,PIT,176,34,1344.0
3,EV,PNS,156,24,1912.0
3,EV,PVD,154,30,1935.0
3,EV,PWM,79,19,1297.0
3,EV,RAP,49,10,424.0
3,EV,RDU,297,55,3260.0
3,EV,RIC,455,82,4671.0
3,EV,ROA,186,28,1539.0
3,EV,ROC,153,24,853.0
3,EV,RST,64,8,529.0
3,EV,SAF,63,8,409.0
3,EV,SAT,128,16,390.0
3,EV,SAV,209,48,3852.0
3,EV,SBN,184,25,1399.0
3,EV,SCE,70,10,479.0
3,EV,SDF,194,32,2080.0
3,EV,SGF,191,38,2247.0
3,EV,SHV,460,111,6877.0
3,EV,SJT,94,33,1774.0
3,EV,SLC,18,3,143.0
3,EV,SPS,34,7,331.0
3,EV,STL,324,49,1180.0
3,EV,SWF,1,0,-7.0
3,EV,SYR,153,25,1226.0
3,EV,TLH,64,9,356.0
3,EV,TRI,111,19,747.0
3,EV,TUL,486,59,1342.0
3,EV,TUS,77,10,129.0
3,EV,TVC,101,11,150.0
3,EV,TYR,82,19,848.0
3,EV,TYS,399,80,5345.0
3,EV,VLD,88,11,513.0
3,EV,VPS,154,33,2829.0
3,EV,XNA,347,60,3045.0
3,F9,ATL,282,115,9368.0
3,F9,AUS,69,23,1614.0
3,F9,BMI,9,6,637.0
3,F9,BNA,26,3,122.0
3,F9,BZN,19,3,32.0
3,F9,CLE,267,98,9285.0
3,F9,CLT,42,15,1208.0
3,F9,CVG,122,48,2325.0
3,F9,DCA,93,17,704.0
3,F9,DEN,1899,428,20120.0
3,F9,DFW,117,37,1729.0
3,F9,DSM,13,6,298.0
3,F9,DTW,18,10,532.0
3,F9,FAR,14,4,218.0
3,F9,FLL,107,48,3573.0
3,F9,FSD,17,4,99.0
3,F9,IAD,171,64,4571.0
3,F9,IAH,112,23,1346.0
3,F9,ILG,26,12,788.0
3,F9,IND,50,11,724.0
3,F9,LAS,284,84,6726.0
3,F9,LAX,66,20,972.0
3,F9,LGA,87,37,2524.0
3,F9,MCI,32,9,1145.0
3,F9,MCO,481,226,16448.0
3,F9,MDT,23,4,64.0
3,F9,MDW,13,4,275.0
3,F9,MEM,22,5,156.0
3,F9,MIA,185,73,4783.0
3,F9,MKE,89,17,701.0
3,F9,MSN,18,4,-2.0
3,F9,MSP,91,11,1308.0
3,F9,MSY,33,14,858.0
3,F9,OKC,5,5,198.0
3,F9,OMA,43,7,320.0
3,F9,ORD,333,127,9227.0
3,F9,PBI,44,12,1094.0
3,F9,PDX,58,12,445.0
3,F9,PHL,167,59,4306.0
3,F9,PHX,217,74,4685.0
3,F9,RDU,18,5,184.0
3,F9,RSW,143,60,3341.0
3,F9,SAN,61,12,349.0
3,F9,SEA,55,7,910.0
3,F9,SFO,143,31,1559.0
3,F9,SLC,123,42,2237.0
3,F9,SNA,89,13,505.0
3,F9,STL,94,22,2300.0
3,F9,TPA,158,54,4529.0
3,F9,TTN,229,64,5913.0
3,F9,UST,12,3,134.0
3,HA,HNL,2750,162,-690.0
3,HA,ITO,514,22,-1012.0
3,HA,JFK,22,2,870.0
3,HA,KOA,624,46,255.0
3,HA,LAS,75,12,560.0
3,HA,LAX,124,5,-14.0
3,HA,LIH,645,44,-305.0
3,HA,OAK,62,2,482.0
3,HA,OGG,1168,105,2503.0
3,HA,PDX,31,4,84.0
3,HA,PHX,31,2,-68.0
3,HA,PPG,9,4,686.0
3,HA,SAN,31,3,280.0
3,HA,SEA,62,4,265.0
3,HA,SFO,61,7,224.0
3,HA,SJC,60,8,960.0
3,HA,SMF,31,3,118.0
3,MQ,ABI,233,34,1219.0
3,MQ,ABQ,32,7,227.0
3,MQ,ACT,111,20,839.0
3,MQ,AEX,87,22,1593.0
3,MQ,ALO,56,9,463.0
3,MQ,AMA,142,32,1620.0
3,MQ,ASE,76,28,1762.0
3,MQ,ATL,115,41,1974.0
3,MQ,AZO,114,10,108.0
3,MQ,BDL,25,3,134.0
3,MQ,BHM,86,24,1926.0
3,MQ,BIS,61,9,399.0
3,MQ,BMI,143,18,704.0
3,MQ,BNA,323,93,5380.0
3,MQ,BPT,30,10,882.0
3,MQ,BRO,28,10,773.0
3,MQ,BTR,70,17,758.0
3,MQ,BUF,57,13,685.0
3,MQ,BWI,55,22,1451.0
3,MQ,CAE,10,10,866.0
3,MQ,CHA,85,30,1401.0
3,MQ,CHO,26,8,584.0
3,MQ,CHS,120,24,872.0
3,MQ,CID,264,57,4079.0
3,MQ,CLE,151,35,1708.0
3,MQ,CLL,128,19,722.0
3,MQ,CMH,482,131,8009.0
3,MQ,CMI,180,37,2982.0
3,MQ,COU,113,23,2357.0
3,MQ,CRP,86,36,1665.0
3,MQ,CVG,440,94,4813.0
3,MQ,CWA,79,7,451.0
3,MQ,DAY,159,33,1912.0
3,MQ,DBQ,79,9,234.0
3,MQ,DCA,114,29,2093.0
3,MQ,DFW,5626,1501,70997.0
3,MQ,DRO,38,11,566.0
3,MQ,DSM,247,48,2120.0
3,MQ,DTW,262,55,3219.0
3,MQ,ELP,33,10,1176.0
3,MQ,EVV,153,30,1346.0
3,MQ,EYW,62,10,352.0
3,MQ,FAR,115,22,899.0
3,MQ,FNT,87,8,204.0
3,MQ,FSD,94,22,613.0
3,MQ,FSM,108,24,1081.0
3,MQ,FWA,164,27,2094.0
3,MQ,GCK,59,11,442.0
3,MQ,GGG,28,8,323.0
3,MQ,GJT,59,13,1331.0
3,MQ,GNV,57,11,371.0
3,MQ,GPT,85,17,590.0
3,MQ,GRB,117,12,320.0
3,MQ,GRI,57,3,23.0
3,MQ,GRK,170,27,508.0
3,MQ,GRR,256,58,3084.0
3,MQ,GSO,179,44,3565.0
3,MQ,GSP,58,11,299.0
3,MQ,HOU,44,13,694.0
3,MQ,HPN,99,12,429.0
3,MQ,HSV,51,11,816.0
3,MQ,ICT,12,3,106.0
3,MQ,IND,166,32,2026.0
3,MQ,JAN,187,59,3516.0
3,MQ,JFK,423,118,7449.0
3,MQ,JLN,56,11,670.0
3,MQ,LAW,56,13,358.0
3,MQ,LAX,29,4,449.0
3,MQ,LBB,33,7,591.0
3,MQ,LCH,58,6,-3.0
3,MQ,LEX,147,24,1483.0
3,MQ,LFT,111,22,1086.0
3,MQ,LGA,1192,358,20838.0
3,MQ,LIT,198,54,3721.0
3,MQ,LRD,111,24,1096.0
3,MQ,LSE,101,13,350.0
3,MQ,MAF,192,49,2243.0
3,MQ,MDT,81,13,1183.0
3,MQ,MEM,135,26,1162.0
3,MQ,MGM,86,18,1035.0
3,MQ,MHK,124,16,515.0
3,MQ,MIA,571,99,4241.0
3,MQ,MLI,138,20,766.0
3,MQ,MLU,3,1,73.0
3,MQ,MOB,60,20,962.0
3,MQ,MQT,27,2,-77.0
3,MQ,MSN,252,30,694.0
3,MQ,MSP,6,2,119.0
3,MQ,OKC,95,26,1949.0
3,MQ,OMA,59,9,-15.0
3,MQ,ORD,5258,1156,54806.0
3,MQ,ORF,125,30,1448.0
3,MQ,PIA,176,27,1648.0
3,MQ,PIT,51,10,146.0
3,MQ,PNS,98,29,1595.0
3,MQ,RAP,32,3,-65.0
3,MQ,RDU,308,94,6275.0
3,MQ,RIC,87,18,1106.0
3,MQ,ROC,36,8,384.0
3,MQ,ROW,86,16,936.0
3,MQ,RST,118,19,800.0
3,MQ,SAF,56,12,511.0
3,MQ,SAV,84,22,1354.0
3,MQ,SDF,113,34,2968.0
3,MQ,SGF,350,71,3897.0
3,MQ,SHV,32,13,903.0
3,MQ,SJT,46,13,777.0
3,MQ,SPI,54,11,563.0
3,MQ,SPS,82,30,1625.0
3,MQ,STL,161,50,2699.0
3,MQ,SUX,58,7,304.0
3,MQ,SYR,34,5,133.0
3,MQ,TLH,143,23,1130.0
3,MQ,TOL,83,13,328.0
3,MQ,TUL,125,23,897.0
3,MQ,TVC,86,5,-105.0
3,MQ,TXK,83,18,517.0
3,MQ,TYR,106,28,1071.0
3,MQ,TYS,167,45,2702.0
3,MQ,VPS,87,25,2229.0
3,MQ,XNA,413,110,10231.0
3,NK,ACY,359,54,1599.0
3,NK,ATL,247,48,2473.0
3,NK,BOS,162,31,1559.0
3,NK,BQN,12,2,73.0
3,NK,BWI,171,32,2063.0
3,NK,CLE,152,38,1654.0
3,NK,CRW,5,2,110.0
3,NK,DEN,306,66,4420.0
3,NK,DFW,740,121,6406.0
3,NK,DTW,744,190,11993.0
3,NK,FLL,1091,232,12668.0
3,NK,IAG,38,6,398.0
3,NK,IAH,370,66,3494.0
3,NK,LAS,767,159,9944.0
3,NK,LAX,277,78,5173.0
3,NK,LBE,107,16,779.0
3,NK,LGA,310,104,6924.0
3,NK,MCI,129,25,1005.0
3,NK,MCO,434,92,4244.0
3,NK,MSP,337,93,5401.0
3,NK,MSY,152,22,533.0
3,NK,MYR,254,56,2489.0
3,NK,OAK,122,12,384.0
3,NK,ORD,794,270,16930.0
3,NK,PBG,30,7,240.0
3,NK,PBI,62,7,157.0
3,NK,PDX,30,3,-10.0
3,NK,PHL,66,18,1405.0
3,NK,PHX,122,34,1972.0
3,NK,RSW,370,95,4822.0
3,NK,SAN,152,22,735.0
3,NK,SJU,31,8,501.0
3,NK,STT,31,8,527.0
3,NK,TPA,287,61,3686.0
3,OO,ABE,16,1,-32.0
3,OO,ABQ,314,29,369.0
3,OO,ABR,60,3,555.0
3,OO,ACV,96,20,1063.0
3,OO,ALB,1,0,-5.0
3,OO,AMA,46,8,473.0
3,OO,APN,52,6,25.0
3,OO,ASE,631,124,6312.0
3,OO,ATL,347,64,3206.0
3,OO,ATW,49,9,653.0
3,OO,AUS,328,62,3054.0
3,OO,AVL,58,5,159.0
3,OO,AZO,56,6,-219.0
3,OO,BFL,240,22,320.0
3,OO,BHM,7,2,42.0
3,OO,BIL,91,10,12.0
3,OO,BIS,171,22,252.0
3,OO,BJI,61,2,-280.0
3,OO,BNA,278,33,3624.0
3,OO,BOI,470,68,2277.0
3,OO,BOS,20,4,92.0
3,OO,BRD,53,4,-111.0
3,OO,BTM,61,2,-286.0
3,OO,BUF,4,1,103.0
3,OO,BUR,373,62,1824.0
3,OO,BZN,106,13,224.0
3,OO,CDC,53,5,149.0
3,OO,CEC,54,12,364.0
3,OO,CHA,3,0,2.0
3,OO,CHO,61,13,1545.0
3,OO,CHS,35,7,304.0
3,OO,CID,205,32,1690.0
3,OO,CIU,58,9,1102.0
3,OO,CLD,208,31,1655.0
3,OO,CLE,1,0,-6.0
3,OO,CLT,65,20,1317.0
3,OO,CMH,88,11,933.0
3,OO,CMX,60,8,930.0
3,OO,CNY,53,2,-284.0
3,OO,COD,62,4,-51.0
3,OO,COS,429,62,2951.0
3,OO,CPR,198,13,-445.0
3,OO,CVG,259,38,2192.0
3,OO,DAY,94,16,456.0
3,OO,DCA,119,19,1201.0
3,OO,DEN,3910,666,26262.0
3,OO,DFW,354,57,3503.0
3,OO,DIK,62,5,832.0
3,OO,DLH,101,14,255.0
3,OO,DRO,110,14,205.0
3,OO,DSM,86,15,863.0
3,OO,DTW,923,136,9446.0
3,OO,DVL,47,5,519.0
3,OO,EAU,60,11,379.0
3,OO,EKO,58,2,120.0
3,OO,ELP,80,11,133.0
3,OO,ESC,53,7,720.0
3,OO,EUG,328,42,1392.0
3,OO,EWR,1,0,6.0
3,OO,FAR,198,20,541.0
3,OO,FAT,602,104,4019.0
3,OO,FCA,153,10,-465.0
3,OO,FLG,127,8,-488.0
3,OO,FSD,176,13,-122.0
3,OO,FWA,256,48,3213.0
3,OO,GCC,93,8,129.0
3,OO,GEG,246,24,391.0
3,OO,GFK,3,0,-13.0
3,OO,GJT,172,14,159.0
3,OO,GRB,240,33,1791.0
3,OO,GRR,67,5,349.0
3,OO,GTF,145,12,537.0
3,OO,GUC,14,3,78.0
3,OO,HDN,65,11,730.0
3,OO,HIB,84,6,-10.0
3,OO,HLN,115,3,-455.0
3,OO,HYS,53,6,-65.0
3,OO,IAD,4,2,276.0
3,OO,IAH,1295,226,10926.0
3,OO,ICT,233,35,2183.0
3,OO,IDA,172,10,128.0
3,OO,IMT,56,5,70.0
3,OO,IND,63,10,636.0
3,OO,INL,53,2,-213.0
3,OO,ISN,171,15,284.0
3,OO,JAC,131,11,-396.0
3,OO,JMS,72,9,355.0
3,OO,LAN,24,0,-96.0
3,OO,LAR,52,3,-58.0
3,OO,LAS,359,49,2566.0
3,OO,LAX,4047,781,32857.0
3,OO,LEX,3,0,1.0
3,OO,LGA,6,1,19.0
3,OO,LGB,120,4,-203.0
3,OO,LIT,63,11,439.0
3,OO,LNK,93,11,580.0
3,OO,LSE,82,4,-100.0
3,OO,LWS,49,4,4.0
3,OO,MAF,153,19,507.0
3,OO,MBS,146,18,156.0
3,OO,MCI,103,13,221.0
3,OO,MDW,1,1,31.0
3,OO,MEM,95,21,1284.0
3,OO,MFE,15,3,31.0
3,OO,MFR,212,20,1115.0
3,OO,MIA,1,0,-8.0
3,OO,MKE,725,105,6245.0
3,OO,MKG,59,6,149.0
3,OO,MLI,52,7,188.0
3,OO,MMH,52,13,377.0
3,OO,MOT,58,8,224.0
3,OO,MRY,252,41,2183.0
3,OO,MSN,106,11,9.0
3,OO,MSO,88,5,-27.0
3,OO,MSP,2067,235,9669.0
3,OO,MSY,66,6,602.0
3,OO,MTJ,112,17,893.0
3,OO,OAK,233,43,1650.0
3,OO,OKC,203,28,2475.0
3,OO,OMA,285,39,1299.0
3,OO,ONT,388,54,1322.0
3,OO,ORD,3048,607,33107.0
3,OO,ORF,57,12,1311.0
3,OO,OTH,18,5,276.0
3,OO,PAH,54,2,-197.0
3,OO,PBI,13,3,92.0
3,OO,PDX,578,70,2194.0
3,OO,PHX,1731,177,4578.0
3,OO,PIA,6,0,11.0
3,OO,PIH,58,2,-356.0
3,OO,PIT,17,4,141.0
3,OO,PLN,52,4,365.0
3,OO,PSC,177,11,-637.0
3,OO,PSP,738,126,7223.0
3,OO,PUB,53,3,16.0
3,OO,RAP,155,13,-291.0
3,OO,RDD,65,6,-26.0
3,OO,RDM,184,14,2.0
3,OO,RDU,23,5,325.0
3,OO,RHI,86,12,-91.0
3,OO,RKS,62,6,547.0
3,OO,RNO,283,70,3615.0
3,OO,RSW,8,1,16.0
3,OO,SAF,29,4,105.0
3,OO,SAN,695,120,3695.0
3,OO,SAT,220,53,2499.0
3,OO,SBA,477,72,2991.0
3,OO,SBN,279,41,2240.0
3,OO,SBP,426,75,2910.0
3,OO,SDF,49,9,342.0
3,OO,SEA,1085,130,4690.0
3,OO,SFO,3481,574,22049.0
3,OO,SGF,60,10,260.0
3,OO,SGU,177,14,357.0
3,OO,SJC,633,82,1575.0
3,OO,SLC,4374,389,6534.0
3,OO,SMF,514,77,2244.0
3,OO,SMX,62,14,859.0
3,OO,SNA,244,32,1430.0
3,OO,SPI,88,12,642.0
3,OO,STL,122,15,575.0
3,OO,SUN,112,7,216.0
3,OO,SYR,2,1,27.0
3,OO,TUL,117,16,898.0
3,OO,TUS,700,96,2534.0
3,OO,TVC,52,3,-2.0
3,OO,TWF,58,1,-238.0
3,OO,TYS,20,5,465.0
3,OO,VEL,52,0,-628.0
3,OO,XNA,59,10,905.0
3,OO,YUM,185,19,1031.0
3,UA,ALB,57,9,435.0
3,UA,ANC,58,26,1960.0
3,UA,ATL,295,46,2673.0
3,UA,AUS,337,87,4714.0
3,UA,BDL,38,6,263.0
3,UA,BIL,54,8,124.0
3,UA,BOI,44,6,96.0
3,UA,BOS,968,207,12168.0
3,UA,BQN,23,8,611.0
3,UA,BUF,5,1,40.0
3,UA,BWI,239,42,1788.0
3,UA,BZN,73,15,1437.0
3,UA,CLE,663,92,5578.0
3,UA,CMH,72,19,968.0
3,UA,DCA,401,92,6701.0
3,UA,DEN,4148,954,53299.0
3,UA,DFW,309,57,3199.0
3,UA,DSM,57,7,525.0
3,UA,DTW,59,7,507.0
3,UA,EGE,62,17,1049.0
3,UA,EWR,4004,1369,86480.0
3,UA,FLL,624,126,6656.0
3,UA,GEG,63,7,210.0
3,UA,GRR,26,5,422.0
3,UA,GUC,4,1,2.0
3,UA,GUM,30,9,1068.0
3,UA,HDN,43,7,287.0
3,UA,HNL,428,102,6518.0
3,UA,IAD,1539,389,24640.0
3,UA,IAH,4920,1338,76489.0
3,UA,ICT,26,3,55.0
3,UA,IND,77,7,322.0
3,UA,ITO,22,7,266.0
3,UA,JAC,110,13,119.0
3,UA,JFK,336,57,3948.0
3,UA,KOA,139,28,1740.0
3,UA,LAS,1055,171,9208.0
3,UA,LAX,2449,557,31329.0
3,UA,LGA,740,200,13155.0
3,UA,LIH,63,7,608.0
3,UA,MCI,26,4,164.0
3,UA,MCO,1160,240,13890.0
3,UA,MDT,52,4,102.0
3,UA,MIA,359,75,3018.0
3,UA,MSN,48,4,100.0
3,UA,MSP,263,46,2748.0
3,UA,MSY,472,76,4018.0
3,UA,MTJ,16,4,365.0
3,UA,OGG,218,49,2482.0
3,UA,OKC,4,0,-27.0
3,UA,OMA,85,13,1043.0
3,UA,ORD,5667,1659,104071.0
3,UA,PBI,268,61,3941.0
3,UA,PDX,331,40,2753.0
3,UA,PHL,323,60,4799.0
3,UA,PHX,651,107,5676.0
3,UA,PIT,188,27,1324.0
3,UA,PSP,120,14,813.0
3,UA,RDU,51,14,1293.0
3,UA,RIC,27,6,319.0
3,UA,RNO,57,5,-38.0
3,UA,ROC,32,4,119.0
3,UA,RSW,384,84,3587.0
3,UA,SAN,681,102,6280.0
3,UA,SAT,225,43,2200.0
3,UA,SEA,772,133,7023.0
3,UA,SFO,3968,778,43910.0
3,UA,SJC,51,4,-134.0
3,UA,SJU,187,51,2776.0
3,UA,SLC,203,37,2578.0
3,UA,SMF,158,22,1278.0
3,UA,SNA,455,82,4088.0
3,UA,SRQ,93,27,1413.0
3,UA,STL,1,0,4.0
3,UA,STT,77,26,1476.0
3,UA,TPA,629,104,4670.0
3,US,ABQ,10,1,12.0
3,US,ALB,61,11,430.0
3,US,ANC,25,3,60.0
3,US,ATL,493,55,1123.0
3,US,AUS,79,23,1117.0
3,US,BDL,137,10,132.0
3,US,BNA,108,3,30.0
3,US,BOI,63,6,-29.0
3,US,BOS,1484,212,7417.0
3,US,BUF,113,8,19.0
3,US,BWI,341,37,1377.0
3,US,CLE,167,16,86.0
3,US,CLT,7638,1170,55326.0
3,US,CMH,79,15,463.0
3,US,DCA,1674,288,12948.0
3,US,DEN,408,46,526.0
3,US,DFW,507,60,1982.0
3,US,DTW,254,16,202.0
3,US,EWR,356,39,2223.0
3,US,FLL,592,80,3504.0
3,US,GEG,62,6,-90.0
3,US,HNL,78,5,-108.0
3,US,IAH,423,45,1108.0
3,US,IND,154,12,-129.0
3,US,JAX,228,24,400.0
3,US,JFK,227,56,5144.0
3,US,KOA,35,2,-174.0
3,US,LAS,506,48,1322.0
3,US,LAX,622,112,4443.0
3,US,LGA,1015,196,9179.0
3,US,LIH,29,1,-52.0
3,US,MCI,195,10,-18.0
3,US,MCO,802,92,3743.0
3,US,MDT,24,3,295.0
3,US,MEM,85,8,193.0
3,US,MIA,301,51,2519.0
3,US,MKE,61,2,-142.0
3,US,MSP,353,50,1515.0
3,US,MSY,173,17,522.0
3,US,MYR,4,0,-15.0
3,US,OAK,7,0,-19.0
3,US,OGG,56,6,79.0
3,US,OMA,62,3,-35.0
3,US,ONT,84,7,292.0
3,US,ORD,615,92,4863.0
3,US,ORF,8,2,154.0
3,US,PBI,353,46,1615.0
3,US,PDX,161,11,-113.0
3,US,PHL,3405,676,34218.0
3,US,PHX,4808,650,25961.0
3,US,PIT,409,42,1232.0
3,US,PVD,104,15,639.0
3,US,PWM,30,1,-82.0
3,US,RDU,272,29,527.0
3,US,RIC,109,7,-148.0
3,US,RNO,105,10,440.0
3,US,ROC,31,4,190.0
3,US,RSW,397,45,1122.0
3,US,SAN,285,31,1149.0
3,US,SAT,60,4,159.0
3,US,SEA,258,18,145.0
3,US,SFO,413,30,268.0
3,US,SJC,121,13,173.0
3,US,SJU,174,43,2533.0
3,US,SLC,219,16,-234.0
3,US,SMF,170,19,484.0
3,US,SNA,124,10,243.0
3,US,STL,182,22,1395.0
3,US,STT,62,13,317.0
3,US,STX,3,1,36.0
3,US,SYR,57,5,73.0
3,US,TPA,622,82,3512.0
3,VX,AUS,59,8,359.0
3,VX,BOS,129,20,563.0
3,VX,DAL,353,92,5963.0
3,VX,DCA,111,12,186.0
3,VX,EWR,163,16,807.0
3,VX,FLL,165,34,2027.0
3,VX,IAD,111,18,1444.0
3,VX,JFK,330,59,5444.0
3,VX,LAS,340,73,4065.0
3,VX,LAX,1041,189,12350.0
3,VX,LGA,105,29,1711.0
3,VX,MCO,31,4,275.0
3,VX,ORD,102,16,1263.0
3,VX,PDX,31,2,-62.0
3,VX,PSP,41,12,733.0
3,VX,SAN,138,28,1401.0
3,VX,SEA,196,37,1245.0
3,VX,SFO,1370,205,11215.0
3,WN,ABQ,964,223,10355.0
3,WN,ALB,400,59,2827.0
3,WN,AMA,148,13,557.0
3,WN,ATL,3606,880,42512.0
3,WN,AUS,1517,301,15503.0
3,WN,BDL,592,102,4816.0
3,WN,BHM,383,64,4240.0
3,WN,BNA,2517,452,22348.0
3,WN,BOI,268,31,1636.0
3,WN,BOS,771,159,7939.0
3,WN,BUF,650,98,5759.0
3,WN,BUR,1239,149,5395.0
3,WN,BWI,5591,1556,89007.0
3,WN,CAK,370,49,2744.0
3,WN,CHS,203,37,1783.0
3,WN,CLE,368,59,3582.0
3,WN,CLT,148,29,981.0
3,WN,CMH,935,139,8424.0
3,WN,CRP,117,13,542.0
3,WN,DAL,4428,952,45192.0
3,WN,DAY,158,18,968.0
3,WN,DCA,1252,173,7577.0
3,WN,DEN,5084,974,44950.0
3,WN,DSM,92,18,767.0
3,WN,DTW,573,98,5655.0
3,WN,ECP,165,20,575.0
3,WN,ELP,596,85,3324.0
3,WN,EWR,465,91,5630.0
3,WN,FLL,1909,361,19732.0
3,WN,FNT,177,18,541.0
3,WN,GEG,265,29,987.0
3,WN,GRR,216,25,1134.0
3,WN,GSP,118,19,568.0
3,WN,HOU,4352,988,48538.0
3,WN,HRL,174,20,296.0
3,WN,IAD,208,29,1607.0
3,WN,ICT,144,26,1236.0
3,WN,IND,1001,167,10185.0
3,WN,ISP,413,85,4115.0
3,WN,JAX,405,52,3252.0
3,WN,LAS,6333,1501,73012.0
3,WN,LAX,3293,989,50240.0
3,WN,LBB,207,30,1633.0
3,WN,LGA,840,235,16867.0
3,WN,LIT,205,39,1560.0
3,WN,MAF,300,35,1423.0
3,WN,MCI,1889,283,12764.0
3,WN,MCO,4043,825,43495.0
3,WN,MDW,6715,1542,79283.0
3,WN,MEM,221,40,1979.0
3,WN,MHT,357,55,3737.0
3,WN,MKE,1340,214,10181.0
3,WN,MSP,665,89,3830.0
3,WN,MSY,1650,256,11611.0
3,WN,OAK,2830,487,21181.0
3,WN,OKC,519,78,4190.0
3,WN,OMA,501,67,3383.0
3,WN,ONT,880,155,7640.0
3,WN,ORF,147,29,1633.0
3,WN,PBI,341,92,5546.0
3,WN,PDX,881,145,6911.0
3,WN,PHL,743,161,11018.0
3,WN,PHX,5319,1220,57796.0
3,WN,PIT,873,122,5466.0
3,WN,PNS,86,15,750.0
3,WN,PVD,589,114,5943.0
3,WN,PWM,81,12,386.0
3,WN,RDU,828,136,5813.0
3,WN,RIC,124,8,588.0
3,WN,RNO,555,86,4028.0
3,WN,ROC,239,31,1566.0
3,WN,RSW,1214,235,13261.0
3,WN,SAN,2883,593,31156.0
3,WN,SAT,1283,241,9751.0
3,WN,SDF,351,52,2580.0
3,WN,SEA,849,161,8676.0
3,WN,SFO,1301,273,14868.0
3,WN,SJC,1877,354,17378.0
3,WN,SJU,276,41,3285.0
3,WN,SLC,825,142,6193.0
3,WN,SMF,1835,306,14711.0
3,WN,SNA,1491,224,10559.0
3,WN,STL,2627,486,21773.0
3,WN,TPA,2873,553,29732.0
3,WN,TUL,391,52,2479.0
3,WN,TUS,445,91,4569.0
4,AA,ABQ,177,32,3366.0
4,AA,ATL,465,53,2133.0
4,AA,AUS,693,100,5844.0
4,AA,BDL,103,8,210.0
4,AA,BHM,45,6,430.0
4,AA,BNA,309,59,4106.0
4,AA,BOS,910,107,4515.0
4,AA,BWI,236,29,1752.0
4,AA,CLE,120,19,1117.0
4,AA,CLT,377,68,4361.0
4,AA,CMH,150,22,417.0
4,AA,COS,115,19,2398.0
4,AA,DAY,90,14,403.0
4,AA,DCA,890,129,7083.0
4,AA,DEN,438,69,2657.0
4,AA,DFW,11999,2934,182344.0
4,AA,DSM,62,7,490.0
4,AA,DTW,257,33,1601.0
4,AA,EGE,37,8,230.0
4,AA,ELP,144,27,1830.0
4,AA,EWR,358,32,753.0
4,AA,FAT,56,5,273.0
4,AA,FLL,293,28,1248.0
4,AA,GUC,6,0,-55.0
4,AA,HDN,7,0,-84.0
4,AA,HNL,176,15,1172.0
4,AA,IAD,214,38,3106.0
4,AA,IAH,405,48,2110.0
4,AA,IND,171,18,353.0
4,AA,JAC,7,0,-97.0
4,AA,JAX,120,27,2117.0
4,AA,JFK,1332,260,15020.0
4,AA,KOA,42,5,147.0
4,AA,LAS,787,105,5382.0
4,AA,LAX,2670,350,14731.0
4,AA,LBB,59,14,1285.0
4,AA,LGA,1181,138,3147.0
4,AA,LIH,45,6,643.0
4,AA,MCI,263,38,3023.0
4,AA,MCO,814,130,8254.0
4,AA,MEM,177,23,2314.0
4,AA,MFE,175,24,1288.0
4,AA,MIA,4336,855,41195.0
4,AA,MKE,92,19,838.0
4,AA,MSP,339,50,2418.0
4,AA,MSY,267,45,2432.0
4,AA,MTJ,1,0,-8.0
4,AA,OGG,134,13,115.0
4,AA,OKC,199,37,3104.0
4,AA,OMA,133,17,286.0
4,AA,ONT,120,21,2087.0
4,AA,ORD,4524,962,52567.0
4,AA,ORF,47,6,646.0
4,AA,PBI,169,26,1084.0
4,AA,PDX,119,16,1866.0
4,AA,PHL,442,55,1943.0
4,AA,PHX,437,62,5500.0
4,AA,PIT,145,15,796.0
4,AA,PNS,89,21,2563.0
4,AA,PSP,120,28,2068.0
4,AA,RDU,351,64,3227.0
4,AA,RIC,56,10,1217.0
4,AA,RNO,90,8,565.0
4,AA,RSW,193,41,2469.0
4,AA,SAN,456,59,3914.0
4,AA,SAT,485,89,6437.0
4,AA,SDF,26,5,1034.0
4,AA,SEA,386,47,2351.0
4,AA,SFO,866,137,7183.0
4,AA,SJC,177,16,1716.0
4,AA,SJU,334,44,3362.0
4,AA,SLC,208,41,2705.0
4,AA,SMF,119,19,522.0
4,AA,SNA,395,65,4514.0
4,AA,STL,482,70,3150.0
4,AA,STT,120,10,682.0
4,AA,STX,50,6,-105.0
4,AA,TPA,489,62,3573.0
4,AA,TUL,178,20,989.0
4,AA,TUS,267,46,3194.0
4,AS,ABQ,30,1,-152.0
4,AS,ADK,9,1,36.0
4,AS,ADQ,30,2,-172.0
4,AS,ANC,968,59,-1425.0
4,AS,ATL,30,2,85.0
4,AS,AUS,30,7,195.0
4,AS,BET,81,5,-377.0
4,AS,BLI,93,4,-307.0
4,AS,BOS,120,15,-59.0
4,AS,BRW,75,13,370.0
4,AS,BUR,86,1,-532.0
4,AS,BWI,30,8,253.0
4,AS,CDV,58,5,-173.0
4,AS,DCA,120,8,107.0
4,AS,DEN,146,14,475.0
4,AS,DFW,119,14,534.0
4,AS,DTW,30,4,-32.0
4,AS,EWR,60,4,-216.0
4,AS,FAI,171,10,-1056.0
4,AS,FLL,30,2,-63.0
4,AS,GEG,142,8,-213.0
4,AS,HNL,235,16,9.0
4,AS,IAD,30,2,-59.0
4,AS,IAH,29,3,34.0
4,AS,JNU,297,40,1557.0
4,AS,KOA,146,5,-1136.0
4,AS,KTN,173,25,349.0
4,AS,LAS,394,32,529.0
4,AS,LAX,663,52,524.0
4,AS,LIH,115,8,-925.0
4,AS,MCI,30,1,-159.0
4,AS,MCO,59,7,307.0
4,AS,MSP,59,9,186.0
4,AS,MSY,30,8,96.0
4,AS,OAK,200,10,-315.0
4,AS,OGG,243,13,-663.0
4,AS,OME,57,6,-29.0
4,AS,ONT,56,2,-282.0
4,AS,ORD,175,17,1207.0
4,AS,OTZ,60,6,0.0
4,AS,PDX,1097,81,-307.0
4,AS,PHL,30,4,76.0
4,AS,PHX,236,5,-1258.0
4,AS,PSG,57,10,38.0
4,AS,PSP,203,12,-982.0
4,AS,SAN,462,23,-1284.0
4,AS,SAT,29,2,-32.0
4,AS,SCC,75,9,121.0
4,AS,SEA,4442,381,5898.0
4,AS,SFO,490,70,2154.0
4,AS,SIT,90,12,500.0
4,AS,SJC,308,19,-735.0
4,AS,SLC,176,18,184.0
4,AS,SMF,197,11,-863.0
4,AS,SNA,297,7,-2064.0
4,AS,STL,30,1,-89.0
4,AS,TPA,30,9,344.0
4,AS,TUS,34,3,160.0
4,AS,WRG,58,9,-98.0
4,AS,YAK,59,7,-205.0
4,B6,ABQ,21,5,153.0
4,B6,AUS,186,18,340.0
4,B6,BDL,312,41,1211.0
4,B6,BOS,3520,588,22521.0
4,B6,BQN,60,8,403.0
4,B6,BTV,88,14,1290.0
4,B6,BUF,338,42,654.0
4,B6,BUR,29,7,528.0
4,B6,BWI,140,21,483.0
4,B6,CHS,158,27,1408.0
4,B6,CLE,3,1,56.0
4,B6,CLT,113,32,1625.0
4,B6,DCA,858,85,407.0
4,B6,DEN,85,26,1275.0
4,B6,DFW,54,12,399.0
4,B6,DTW,87,10,-73.0
4,B6,EWR,588,76,2932.0
4,B6,FLL,1636,310,17417.0
4,B6,HOU,60,12,446.0
4,B6,HPN,329,32,303.0
4,B6,IAD,168,27,1151.0
4,B6,JAX,268,49,2768.0
4,B6,JFK,3546,724,45736.0
4,B6,LAS,325,75,3582.0
4,B6,LAX,352,70,3506.0
4,B6,LGA,561,96,4283.0
4,B6,LGB,640,89,2398.0
4,B6,MCO,1657,291,17677.0
4,B6,MSY,119,26,1646.0
4,B6,OAK,117,13,37.0
4,B6,ORD,175,32,1495.0
4,B6,ORH,60,4,-29.0
4,B6,PBI,684,167,8056.0
4,B6,PDX,82,7,221.0
4,B6,PHL,142,26,1150.0
4,B6,PHX,59,20,876.0
4,B6,PIT,141,21,639.0
4,B6,PSE,60,8,73.0
4,B6,PVD,90,13,152.0
4,B6,PWM,86,12,553.0
4,B6,RDU,231,39,1209.0
4,B6,RIC,206,15,105.0
4,B6,ROC,84,15,1114.0
4,B6,RSW,469,84,4238.0
4,B6,SAN,116,26,1288.0
4,B6,SAV,90,22,1522.0
4,B6,SEA,146,27,1164.0
4,B6,SFO,436,67,3247.0
4,B6,SJC,47,20,1418.0
4,B6,SJU,933,148,6768.0
4,B6,SLC,132,25,713.0
4,B6,SMF,82,12,258.0
4,B6,SRQ,89,22,1254.0
4,B6,STT,93,11,276.0
4,B6,STX,30,4,177.0
4,B6,SWF,60,12,496.0
4,B6,SYR,112,15,576.0
4,B6,TPA,528,108,6474.0
4,DL,ABE,27,0,-77.0
4,DL,ABQ,96,3,-49.0
4,DL,AGS,100,23,1591.0
4,DL,ALB,92,14,537.0
4,DL,ANC,113,4,-488.0
4,DL,ATL,20191,2628,132959.0
4,DL,ATW,35,2,-30.0
4,DL,AUS,339,38,2269.0
4,DL,AVL,58,4,266.0
4,DL,BDL,374,34,1510.0
4,DL,BHM,272,31,2139.0
4,DL,BIL,81,4,-3.0
4,DL,BIS,35,2,-109.0
4,DL,BNA,422,53,2197.0
4,DL,BOI,114,6,883.0
4,DL,BOS,1425,210,11070.0
4,DL,BTR,5,1,99.0
4,DL,BUF,214,21,1406.0
4,DL,BWI,611,52,3669.0
4,DL,BZN,89,6,538.0
4,DL,CAE,81,6,314.0
4,DL,CAK,138,9,-1.0
4,DL,CHA,80,7,413.0
4,DL,CHO,30,1,48.0
4,DL,CHS,331,37,2131.0
4,DL,CLE,200,12,270.0
4,DL,CLT,577,69,4023.0
4,DL,CMH,259,19,1098.0
4,DL,COS,25,2,390.0
4,DL,CRW,29,2,424.0
4,DL,CVG,554,42,1808.0
4,DL,DAB,149,16,782.0
4,DL,DAL,135,16,259.0
4,DL,DAY,116,8,572.0
4,DL,DCA,786,99,4038.0
4,DL,DEN,644,81,3333.0
4,DL,DFW,440,88,4031.0
4,DL,DSM,91,7,10.0
4,DL,DTW,4653,608,30869.0
4,DL,ECP,179,30,1965.0
4,DL,ELP,57,10,593.0
4,DL,EVV,30,2,345.0
4,DL,EWR,470,42,2407.0
4,DL,EYW,99,9,105.0
4,DL,FAR,51,2,72.0
4,DL,FAY,29,1,-79.0
4,DL,FLL,975,101,3903.0
4,DL,FNT,83,5,608.0
4,DL,FSD,30,0,-172.0
4,DL,GEG,93,11,495.0
4,DL,GNV,30,1,-73.0
4,DL,GPT,131,13,628.0
4,DL,GRB,48,2,515.0
4,DL,GRR,293,23,132.0
4,DL,GSO,174,17,1124.0
4,DL,GSP,136,14,452.0
4,DL,HNL,249,27,2843.0
4,DL,HOU,198,19,883.0
4,DL,HSV,159,17,690.0
4,DL,IAD,209,21,673.0
4,DL,IAH,285,42,2199.0
4,DL,ICT,64,8,346.0
4,DL,ILM,30,3,103.0
4,DL,IND,437,38,1445.0
4,DL,JAC,12,0,-66.0
4,DL,JAN,136,9,476.0
4,DL,JAX,406,37,1139.0
4,DL,JFK,2331,497,28123.0
4,DL,KOA,30,3,292.0
4,DL,LAS,931,87,4446.0
4,DL,LAX,1989,291,17871.0
4,DL,LEX,109,10,539.0
4,DL,LFT,30,4,399.0
4,DL,LGA,2312,424,22164.0
4,DL,LIH,30,3,251.0
4,DL,LIT,170,10,801.0
4,DL,MCI,460,27,179.0
4,DL,MCO,1448,208,10715.0
4,DL,MDT,99,7,113.0
4,DL,MDW,232,28,1061.0
4,DL,MEM,390,48,2129.0
4,DL,MHT,30,0,-86.0
4,DL,MIA,805,124,7675.0
4,DL,MKE,415,25,1093.0
4,DL,MLB,120,9,857.0
4,DL,MOB,40,3,64.0
4,DL,MSN,233,21,667.0
4,DL,MSO,37,1,-157.0
4,DL,MSP,4948,505,19672.0
4,DL,MSY,657,100,5123.0
4,DL,MYR,30,2,-39.0
4,DL,OAK,86,6,172.0
4,DL,OGG,90,10,648.0
4,DL,OKC,91,13,613.0
4,DL,OMA,195,18,428.0
4,DL,ONT,6,0,-39.0
4,DL,ORD,639,104,6442.0
4,DL,ORF,251,24,1106.0
4,DL,PBI,545,95,7436.0
4,DL,PDX,403,34,689.0
4,DL,PHF,24,2,3.0
4,DL,PHL,598,85,4263.0
4,DL,PHX,654,64,2452.0
4,DL,PIT,283,24,1047.0
4,DL,PNS,208,16,1154.0
4,DL,PSC,29,1,363.0
4,DL,PSP,30,5,94.0
4,DL,PVD,129,10,558.0
4,DL,PWM,54,5,1361.0
4,DL,RDU,445,49,2483.0
4,DL,RIC,230,34,2433.0
4,DL,RNO,86,7,490.0
4,DL,ROA,30,5,695.0
4,DL,ROC,116,5,-160.0
4,DL,RSW,599,52,2619.0
4,DL,SAN,525,36,1389.0
4,DL,SAT,262,29,718.0
4,DL,SAV,290,46,2455.0
4,DL,SDF,258,33,2019.0
4,DL,SEA,1052,98,5794.0
4,DL,SFO,723,77,3071.0
4,DL,SGF,30,0,-119.0
4,DL,SHV,21,0,-63.0
4,DL,SJC,76,8,1028.0
4,DL,SJU,282,22,632.0
4,DL,SLC,2866,333,16769.0
4,DL,SMF,152,16,504.0
4,DL,SNA,231,18,331.0
4,DL,SRQ,198,24,1171.0
4,DL,STL,387,37,965.0
4,DL,STT,91,10,555.0
4,DL,STX,4,1,26.0
4,DL,SYR,91,5,274.0
4,DL,TLH,162,13,394.0
4,DL,TPA,1005,114,6201.0
4,DL,TRI,55,3,184.0
4,DL,TUL,80,7,305.0
4,DL,TUS,86,7,109.0
4,DL,TVC,10,1,-8.0
4,DL,TYS,75,6,246.0
4,DL,VPS,175,16,2178.0
4,DL,XNA,35,2,279.0
4,EV,ABE,178,18,1209.0
4,EV,ABQ,49,3,-230.0
4,EV,ABY,83,17,1079.0
4,EV,ACT,60,13,926.0
4,EV,AEX,194,40,2383.0
4,EV,AGS,125,20,847.0
4,EV,ALB,90,15,911.0
4,EV,AMA,88,13,890.0
4,EV,ATL,5247,920,41883.0
4,EV,ATW,189,21,-177.0
4,EV,AUS,44,5,185.0
4,EV,AVL,88,13,1012.0
4,EV,AVP,139,12,789.0
4,EV,AZO,22,3,8.0
4,EV,BDL,98,10,267.0
4,EV,BHM,263,34,1446.0
4,EV,BIL,13,1,-121.0
4,EV,BIS,22,0,-135.0
4,EV,BMI,84,16,1604.0
4,EV,BNA,250,34,1332.0
4,EV,BOS,226,35,1604.0
4,EV,BQK,76,11,512.0
4,EV,BRO,181,19,1253.0
4,EV,BTR,643,148,10605.0
4,EV,BTV,166,23,1502.0
4,EV,BUF,212,37,1909.0
4,EV,BWI,22,1,-77.0
4,EV,CAE,372,63,3115.0
4,EV,CAK,118,10,-78.0
4,EV,CHA,199,26,857.0
4,EV,CHO,58,10,621.0
4,EV,CHS,279,40,2988.0
4,EV,CID,192,20,1383.0
4,EV,CLE,894,87,1809.0
4,EV,CLL,61,4,-172.0
4,EV,CLT,284,36,1941.0
4,EV,CMH,255,38,1599.0
4,EV,COS,65,5,-77.0
4,EV,CRP,384,75,4182.0
4,EV,CRW,192,33,943.0
4,EV,CSG,112,14,805.0
4,EV,CVG,274,29,857.0
4,EV,CWA,35,1,-134.0
4,EV,DAL,1,0,-1.0
4,EV,DAY,153,14,140.0
4,EV,DCA,312,40,968.0
4,EV,DEN,870,128,6285.0
4,EV,DFW,1694,451,34630.0
4,EV,DHN,115,20,752.0
4,EV,DIK,78,7,-250.0
4,EV,DRO,9,0,-65.0
4,EV,DSM,125,7,-358.0
4,EV,DTW,2242,311,15826.0
4,EV,ECP,61,6,483.0
4,EV,ELM,192,19,730.0
4,EV,ELP,215,23,814.0
4,EV,ERI,58,5,328.0
4,EV,EVV,111,18,613.0
4,EV,EWN,45,5,187.0
4,EV,EWR,2724,438,16333.0
4,EV,EYW,51,5,75.0
4,EV,FAR,111,7,858.0
4,EV,FAY,97,21,1062.0
4,EV,FNT,92,8,456.0
4,EV,FSD,158,14,579.0
4,EV,FSM,112,15,969.0
4,EV,FWA,72,3,-28.0
4,EV,GGG,28,8,438.0
4,EV,GJT,37,5,102.0
4,EV,GNV,167,30,1383.0
4,EV,GPT,143,16,225.0
4,EV,GRB,166,13,22.0
4,EV,GRK,152,18,1025.0
4,EV,GRR,138,14,104.0
4,EV,GSO,299,51,2879.0
4,EV,GSP,339,43,1786.0
4,EV,GTR,84,9,295.0
4,EV,GUC,18,1,-95.0
4,EV,HOB,51,3,-81.0
4,EV,HOU,15,6,566.0
4,EV,HPN,261,42,2162.0
4,EV,HRL,110,9,196.0
4,EV,HSV,212,22,226.0
4,EV,IAD,146,15,594.0
4,EV,IAH,5687,737,22230.0
4,EV,ICT,232,30,1095.0
4,EV,ILM,104,14,920.0
4,EV,IND,261,36,1722.0
4,EV,ISN,45,3,-314.0
4,EV,ITH,6,0,-17.0
4,EV,JAN,396,67,3681.0
4,EV,JAX,206,37,2073.0
4,EV,LAN,123,10,-141.0
4,EV,LBB,160,12,22.0
4,EV,LCH,104,8,215.0
4,EV,LEX,284,40,1760.0
4,EV,LFT,378,76,5683.0
4,EV,LGA,725,135,6399.0
4,EV,LIT,297,36,1509.0
4,EV,LNK,154,8,337.0
4,EV,LRD,110,11,558.0
4,EV,MAF,176,22,533.0
4,EV,MBS,10,1,-7.0
4,EV,MCI,364,42,1837.0
4,EV,MCO,12,4,139.0
4,EV,MDT,48,6,132.0
4,EV,MDW,202,38,2029.0
4,EV,MEI,82,16,427.0
4,EV,MEM,313,53,2643.0
4,EV,MFE,176,20,298.0
4,EV,MGM,198,31,2200.0
4,EV,MHT,177,18,1186.0
4,EV,MKE,232,24,388.0
4,EV,MLI,157,14,849.0
4,EV,MLU,273,37,1995.0
4,EV,MOB,321,44,1972.0
4,EV,MOT,22,4,64.0
4,EV,MSN,146,16,518.0
4,EV,MSP,814,135,6499.0
4,EV,MSY,93,23,1836.0
4,EV,MYR,121,24,1128.0
4,EV,OAJ,102,13,674.0
4,EV,OKC,230,31,842.0
4,EV,OMA,297,29,770.0
4,EV,ORD,4076,504,17408.0
4,EV,ORF,192,29,1327.0
4,EV,PBI,14,4,291.0
4,EV,PHF,79,11,647.0
4,EV,PHL,5,0,-35.0
4,EV,PIA,215,19,1484.0
4,EV,PIB,52,4,97.0
4,EV,PIT,87,12,675.0
4,EV,PNS,169,18,751.0
4,EV,PVD,98,17,692.0
4,EV,PWM,113,20,978.0
4,EV,RAP,4,0,-19.0
4,EV,RDU,238,38,1582.0
4,EV,RIC,468,72,3944.0
4,EV,ROA,188,29,1516.0
4,EV,ROC,157,17,-234.0
4,EV,RST,64,9,492.0
4,EV,RSW,3,0,-15.0
4,EV,SAF,97,17,1144.0
4,EV,SAT,75,8,305.0
4,EV,SAV,330,62,4789.0
4,EV,SBN,131,15,670.0
4,EV,SCE,72,10,22.0
4,EV,SDF,189,46,2409.0
4,EV,SGF,171,27,966.0
4,EV,SHV,484,86,5578.0
4,EV,SLC,5,2,38.0
4,EV,SPS,87,12,563.0
4,EV,STL,315,48,1933.0
4,EV,SWF,2,1,31.0
4,EV,SYR,67,7,392.0
4,EV,TLH,36,4,92.0
4,EV,TRI,109,18,514.0
4,EV,TUL,319,38,1115.0
4,EV,TUS,55,4,-33.0
4,EV,TVC,38,0,-216.0
4,EV,TYR,78,12,341.0
4,EV,TYS,407,63,2519.0
4,EV,VLD,84,8,255.0
4,EV,VPS,212,39,2667.0
4,EV,XNA,254,39,2439.0
4,F9,ATL,320,108,7368.0
4,F9,AUS,102,25,1657.0
4,F9,BIS,8,2,8.0
4,F9,BMI,7,3,245.0
4,F9,BNA,28,7,181.0
4,F9,BZN,16,0,-144.0
4,F9,CID,8,1,244.0
4,F9,CLE,264,54,3807.0
4,F9,CLT,54,17,571.0
4,F9,CVG,126,39,2540.0
4,F9,DCA,89,10,135.0
4,F9,DEN,1972,368,16898.0
4,F9,DFW,116,30,1428.0
4,F9,DSM,13,3,157.0
4,F9,DTW,22,3,320.0
4,F9,FAR,14,3,204.0
4,F9,FLL,101,19,1370.0
4,F9,FSD,18,5,273.0
4,F9,GSO,9,2,112.0
4,F9,IAD,173,32,1862.0
4,F9,IAH,112,28,2611.0
4,F9,ILG,25,9,576.0
4,F9,IND,53,15,498.0
4,F9,LAS,304,65,3796.0
4,F9,LAX,81,14,778.0
4,F9,LGA,87,26,1217.0
4,F9,MCI,30,2,87.0
4,F9,MCO,454,123,8124.0
4,F9,MDT,20,3,112.0
4,F9,MDW,6,4,166.0
4,F9,MEM,27,5,88.0
4,F9,MIA,184,55,2494.0
4,F9,MKE,70,11,516.0
4,F9,MSN,18,4,86.0
4,F9,MSP,95,10,137.0
4,F9,MSY,34,7,558.0
4,F9,OMA,37,10,389.0
4,F9,ORD,366,97,4364.0
4,F9,PBI,32,6,176.0
4,F9,PDX,73,10,156.0
4,F9,PHL,205,57,3876.0
4,F9,PHX,202,49,2413.0
4,F9,RDU,19,1,-30.0
4,F9,RSW,120,33,2108.0
4,F9,SAN,76,8,-168.0
4,F9,SEA,58,10,292.0
4,F9,SFO,146,34,3905.0
4,F9,SLC,135,25,550.0
4,F9,SNA,88,12,335.0
4,F9,STL,91,11,1038.0
4,F9,TPA,148,31,1576.0
4,F9,TTN,233,24,332.0
4,F9,TYS,8,1,18.0
4,F9,UST,13,1,104.0
4,HA,HNL,2655,79,-5735.0
4,HA,ITO,506,10,-2404.0
4,HA,JFK,21,0,-190.0
4,HA,KOA,598,21,-1523.0
4,HA,LAS,73,7,881.0
4,HA,LAX,120,7,-219.0
4,HA,LIH,624,18,-2244.0
4,HA,OAK,60,4,-280.0
4,HA,OGG,1117,47,-1101.0
4,HA,PDX,30,1,-93.0
4,HA,PHX,30,1,-22.0
4,HA,PPG,8,2,64.0
4,HA,SAN,30,1,-38.0
4,HA,SEA,60,0,-392.0
4,HA,SFO,60,3,-115.0
4,HA,SJC,60,3,19.0
4,HA,SMF,30,1,-88.0
4,MQ,ABI,194,38,1885.0
4,MQ,ABQ,56,12,762.0
4,MQ,ACT,86,14,210.0
4,MQ,AEX,87,18,784.0
4,MQ,ALO,54,2,-159.0
4,MQ,AMA,41,7,286.0
4,MQ,ASE,8,3,182.0
4,MQ,ATL,129,32,1819.0
4,MQ,AZO,112,5,-305.0
4,MQ,BHM,84,19,1754.0
4,MQ,BIS,59,4,-35.0
4,MQ,BMI,135,19,2586.0
4,MQ,BNA,354,66,4052.0
4,MQ,BPT,83,22,2638.0
4,MQ,BRO,25,7,311.0
4,MQ,BUF,54,8,56.0
4,MQ,BWI,57,10,451.0
4,MQ,CHA,114,20,941.0
4,MQ,CHO,28,4,169.0
4,MQ,CHS,117,17,1166.0
4,MQ,CID,279,40,2303.0
4,MQ,CLE,220,26,653.0
4,MQ,CLL,136,19,889.0
4,MQ,CMH,439,74,4888.0
4,MQ,CMI,170,14,757.0
4,MQ,COU,113,13,503.0
4,MQ,CRP,54,12,698.0
4,MQ,CVG,437,70,4347.0
4,MQ,CWA,59,5,282.0
4,MQ,DAY,168,18,498.0
4,MQ,DBQ,81,3,-166.0
4,MQ,DCA,24,5,417.0
4,MQ,DFW,5129,1222,65576.0
4,MQ,DRO,60,9,477.0
4,MQ,DSM,159,19,483.0
4,MQ,DTW,191,36,2144.0
4,MQ,ELP,54,13,1223.0
4,MQ,EVV,133,12,37.0
4,MQ,EYW,50,13,802.0
4,MQ,FAR,110,13,435.0
4,MQ,FNT,84,8,181.0
4,MQ,FSD,117,17,636.0
4,MQ,FSM,60,12,526.0
4,MQ,FWA,169,24,748.0
4,MQ,GCK,58,10,708.0
4,MQ,GGG,27,5,247.0
4,MQ,GJT,60,8,1005.0
4,MQ,GNV,55,13,670.0
4,MQ,GPT,84,16,1738.0
4,MQ,GRB,114,8,-131.0
4,MQ,GRI,54,6,694.0
4,MQ,GRK,204,34,916.0
4,MQ,GRR,273,42,1298.0
4,MQ,GSO,193,35,1896.0
4,MQ,GSP,29,2,179.0
4,MQ,HOU,102,22,2460.0
4,MQ,HPN,74,8,815.0
4,MQ,HSV,50,11,1109.0
4,MQ,ICT,63,13,520.0
4,MQ,IND,190,24,142.0
4,MQ,JAN,82,16,629.0
4,MQ,JFK,356,64,2902.0
4,MQ,JLN,58,19,1603.0
4,MQ,LAW,114,24,1901.0
4,MQ,LAX,5,0,-27.0
4,MQ,LBB,12,6,365.0
4,MQ,LCH,58,4,415.0
4,MQ,LEX,173,21,1116.0
4,MQ,LFT,89,20,911.0
4,MQ,LGA,1268,242,7706.0
4,MQ,LIT,172,40,2656.0
4,MQ,LRD,88,13,983.0
4,MQ,LSE,108,8,751.0
4,MQ,MAF,125,13,794.0
4,MQ,MDT,79,14,1071.0
4,MQ,MEM,139,24,1979.0
4,MQ,MGM,85,10,20.0
4,MQ,MHK,141,16,334.0
4,MQ,MIA,513,81,4620.0
4,MQ,MLI,170,25,685.0
4,MQ,MOB,79,15,1364.0
4,MQ,MQT,26,6,683.0
4,MQ,MSN,172,23,1753.0
4,MQ,OKC,127,20,1167.0
4,MQ,OMA,83,7,-191.0
4,MQ,ORD,5173,780,28643.0
4,MQ,ORF,152,28,1266.0
4,MQ,PIA,175,25,1069.0
4,MQ,PIT,21,3,93.0
4,MQ,PNS,59,15,435.0
4,MQ,RAP,60,13,397.0
4,MQ,RDU,328,61,3213.0
4,MQ,RIC,82,11,426.0
4,MQ,ROC,84,9,163.0
4,MQ,ROW,86,16,375.0
4,MQ,RST,118,9,711.0
4,MQ,SAF,50,12,1775.0
4,MQ,SAV,30,8,429.0
4,MQ,SDF,51,7,50.0
4,MQ,SGF,336,57,4073.0
4,MQ,SHV,29,4,212.0
4,MQ,SJT,145,33,2351.0
4,MQ,SPI,49,0,-120.0
4,MQ,SPS,28,9,398.0
4,MQ,STL,179,44,1871.0
4,MQ,SUX,54,8,362.0
4,MQ,SYR,84,10,436.0
4,MQ,TLH,87,13,464.0
4,MQ,TOL,84,5,-79.0
4,MQ,TUL,121,20,1564.0
4,MQ,TVC,85,7,-333.0
4,MQ,TXK,85,14,650.0
4,MQ,TYR,116,21,864.0
4,MQ,TYS,135,20,798.0
4,MQ,VPS,46,8,213.0
4,MQ,XNA,380,91,6148.0
4,NK,ACY,359,37,728.0
4,NK,ATL,256,70,4487.0
4,NK,BOS,210,36,1986.0
4,NK,BQN,15,3,100.0
4,NK,BWI,232,45,2097.0
4,NK,CLE,180,25,1188.0
4,NK,CRW,11,2,60.0
4,NK,DEN,340,63,3134.0
4,NK,DFW,791,166,8438.0
4,NK,DTW,690,123,4700.0
4,NK,FLL,1035,178,9845.0
4,NK,IAG,30,4,81.0
4,NK,IAH,439,124,7309.0
4,NK,LAS,773,171,7239.0
4,NK,LAX,314,84,5164.0
4,NK,LBE,109,16,282.0
4,NK,LGA,323,62,2489.0
4,NK,MCI,134,25,1405.0
4,NK,MCO,408,78,3001.0
4,NK,MSP,311,64,3112.0
4,NK,MSY,149,32,2683.0
4,NK,MYR,327,69,2566.0
4,NK,OAK,134,12,534.0
4,NK,ORD,874,244,13623.0
4,NK,PBG,27,7,386.0
4,NK,PBI,30,5,27.0
4,NK,PDX,60,9,194.0
4,NK,PHL,95,30,1593.0
4,NK,PHX,88,27,1292.0
4,NK,RSW,226,44,1728.0
4,NK,SAN,163,14,328.0
4,NK,SJU,45,6,58.0
4,NK,STT,30,6,137.0
4,NK,TPA,224,43,1394.0
4,OO,ABE,17,3,108.0
4,OO,ABQ,312,34,1109.0
4,OO,ABR,59,4,-125.0
4,OO,ACV,109,18,392.0
4,OO,AMA,72,10,356.0
4,OO,APN,51,4,-8.0
4,OO,ASE,172,22,449.0
4,OO,ATL,330,49,3208.0
4,OO,ATW,30,2,25.0
4,OO,AUS,312,53,2166.0
4,OO,AVL,72,9,1126.0
4,OO,AZO,9,1,-55.0
4,OO,BDL,51,5,591.0
4,OO,BFL,259,39,1618.0
4,OO,BHM,44,12,731.0
4,OO,BIL,79,10,54.0
4,OO,BIS,169,19,391.0
4,OO,BJI,60,2,-207.0
4,OO,BNA,255,26,3336.0
4,OO,BOI,433,52,2785.0
4,OO,BOS,54,12,743.0
4,OO,BRD,52,5,-23.0
4,OO,BTM,56,2,-68.0
4,OO,BUF,7,0,-22.0
4,OO,BUR,351,54,3178.0
4,OO,BZN,82,12,540.0
4,OO,CAE,1,0,4.0
4,OO,CDC,52,3,-60.0
4,OO,CEC,12,2,-16.0
4,OO,CHO,59,7,1520.0
4,OO,CHS,58,14,1090.0
4,OO,CID,142,21,508.0
4,OO,CIU,54,6,725.0
4,OO,CLD,40,3,-15.0
4,OO,CLE,45,0,-34.0
4,OO,CLT,22,6,349.0
4,OO,CMH,84,11,132.0
4,OO,CMX,57,5,-64.0
4,OO,CNY,51,2,-227.0
4,OO,COD,57,1,-157.0
4,OO,COS,439,50,2907.0
4,OO,CPR,190,19,15.0
4,OO,CVG,402,68,3861.0
4,OO,CWA,24,7,314.0
4,OO,DAY,99,15,477.0
4,OO,DCA,99,16,858.0
4,OO,DEN,3820,644,31160.0
4,OO,DFW,473,99,6019.0
4,OO,DIK,71,1,-542.0
4,OO,DLH,106,10,261.0
4,OO,DRO,124,17,981.0
4,OO,DSM,115,18,836.0
4,OO,DTW,916,100,6065.0
4,OO,DVL,44,3,115.0
4,OO,EAU,58,5,-85.0
4,OO,EKO,53,4,-89.0
4,OO,ELP,104,12,122.0
4,OO,ESC,52,2,-197.0
4,OO,EUG,333,51,2599.0
4,OO,EVV,20,1,215.0
4,OO,FAR,200,24,631.0
4,OO,FAT,583,85,4884.0
4,OO,FCA,122,5,-321.0
4,OO,FLG,122,9,-142.0
4,OO,FNT,44,1,-169.0
4,OO,FSD,181,18,1514.0
4,OO,FWA,274,49,3022.0
4,OO,GCC,82,8,250.0
4,OO,GEG,236,22,236.0
4,OO,GFK,55,3,-148.0
4,OO,GJT,175,10,-66.0
4,OO,GRB,95,9,163.0
4,OO,GRR,107,9,-80.0
4,OO,GTF,161,10,-47.0
4,OO,GUC,2,0,-28.0
4,OO,HDN,6,0,-43.0
4,OO,HIB,80,5,-346.0
4,OO,HLN,134,2,-555.0
4,OO,HYS,50,4,-38.0
4,OO,IAD,1,0,-6.0
4,OO,IAH,1315,261,14156.0
4,OO,ICT,212,32,1186.0
4,OO,IDA,183,19,502.0
4,OO,IMT,56,2,-364.0
4,OO,IND,57,5,104.0
4,OO,INL,51,1,-195.0
4,OO,ISN,187,17,-250.0
4,OO,JAC,117,9,621.0
4,OO,JAX,20,6,279.0
4,OO,JMS,72,9,177.0
4,OO,LAN,64,2,-236.0
4,OO,LAR,48,4,212.0
4,OO,LAS,300,31,763.0
4,OO,LAX,3740,598,22834.0
4,OO,LEX,24,2,318.0
4,OO,LGA,10,0,-61.0
4,OO,LGB,115,13,487.0
4,OO,LIT,29,4,69.0
4,OO,LNK,129,12,5.0
4,OO,LSE,19,1,-77.0
4,OO,LWS,47,1,-298.0
4,OO,MAF,132,12,76.0
4,OO,MBS,183,29,1152.0
4,OO,MCI,186,28,1603.0
4,OO,MEM,155,26,1251.0
4,OO,MFE,49,7,199.0
4,OO,MFR,204,20,682.0
4,OO,MIA,6,1,32.0
4,OO,MKE,669,96,4067.0
4,OO,MKG,55,9,464.0
4,OO,MLI,69,10,298.0
4,OO,MMH,7,3,122.0
4,OO,MOT,90,9,127.0
4,OO,MRY,265,25,706.0
4,OO,MSN,143,12,-168.0
4,OO,MSO,107,5,-100.0
4,OO,MSP,2208,182,3741.0
4,OO,MSY,59,5,475.0
4,OO,MTJ,19,1,-109.0
4,OO,OAK,222,24,187.0
4,OO,OKC,198,32,1249.0
4,OO,OMA,202,16,228.0
4,OO,ONT,482,59,938.0
4,OO,ORD,3478,631,30586.0
4,OO,ORF,25,1,-15.0
4,OO,OTH,17,4,111.0
4,OO,PAH,58,6,1069.0
4,OO,PBI,15,3,145.0
4,OO,PDX,528,69,2965.0
4,OO,PHX,1836,200,7293.0
4,OO,PIA,11,2,-21.0
4,OO,PIH,56,2,-390.0
4,OO,PIT,59,5,290.0
4,OO,PLN,52,7,1157.0
4,OO,PSC,173,15,250.0
4,OO,PSP,592,101,5232.0
4,OO,PUB,48,4,-64.0
4,OO,RAP,142,10,-98.0
4,OO,RDD,60,5,-133.0
4,OO,RDM,176,7,-933.0
4,OO,RDU,24,4,229.0
4,OO,RHI,86,11,23.0
4,OO,RKS,54,3,-226.0
4,OO,RNO,276,42,687.0
4,OO,RSW,3,0,3.0
4,OO,SAF,30,5,140.0
4,OO,SAN,605,81,2851.0
4,OO,SAT,473,59,2361.0
4,OO,SBA,552,71,1526.0
4,OO,SBN,268,26,1059.0
4,OO,SBP,272,27,715.0
4,OO,SDF,11,3,191.0
4,OO,SEA,918,106,3313.0
4,OO,SFO,3175,544,24611.0
4,OO,SGF,56,15,796.0
4,OO,SGU,174,20,1169.0
4,OO,SJC,652,73,1981.0
4,OO,SLC,4197,397,9812.0
4,OO,SMF,561,73,2978.0
4,OO,SMX,60,6,324.0
4,OO,SNA,239,31,1451.0
4,OO,SPI,88,17,1360.0
4,OO,STL,108,19,1146.0
4,OO,SUN,52,3,-299.0
4,OO,TUL,157,14,81.0
4,OO,TUS,682,97,3958.0
4,OO,TVC,102,9,553.0
4,OO,TWF,56,3,-141.0
4,OO,TYS,3,0,-17.0
4,OO,VEL,50,0,-468.0
4,OO,XNA,140,17,234.0
4,OO,YUM,177,17,125.0
4,UA,AGS,1,0,14.0
4,UA,ALB,32,7,227.0
4,UA,ANC,54,8,356.0
4,UA,ATL,327,82,4762.0
4,UA,AUS,345,76,4296.0
4,UA,BDL,27,3,345.0
4,UA,BIL,51,5,-110.0
4,UA,BOI,50,7,572.0
4,UA,BOS,997,152,9076.0
4,UA,BQN,25,12,1866.0
4,UA,BUF,45,5,550.0
4,UA,BWI,264,60,5007.0
4,UA,BZN,13,2,107.0
4,UA,CHS,1,0,0.0
4,UA,CLE,599,74,4211.0
4,UA,CMH,54,8,508.0
4,UA,DCA,513,89,5142.0
4,UA,DEN,3720,902,56132.0
4,UA,DFW,210,47,3763.0
4,UA,DSM,53,8,478.0
4,UA,DTW,68,15,770.0
4,UA,EGE,12,0,-8.0
4,UA,EWR,4045,1036,57107.0
4,UA,FLL,541,85,4985.0
4,UA,GEG,56,6,407.0
4,UA,GRR,28,6,1228.0
4,UA,GUM,30,9,814.0
4,UA,HDN,8,0,-59.0
4,UA,HNL,417,64,4321.0
4,UA,IAD,1641,327,17288.0
4,UA,IAH,4655,1340,84067.0
4,UA,ICT,26,1,-18.0
4,UA,IND,91,15,964.0
4,UA,ITO,25,5,457.0
4,UA,JAC,20,6,120.0
4,UA,JAX,19,5,271.0
4,UA,JFK,360,36,1894.0
4,UA,KOA,105,12,406.0
4,UA,LAS,1068,185,9662.0
4,UA,LAX,2388,476,27890.0
4,UA,LGA,747,100,7673.0
4,UA,LIH,63,7,543.0
4,UA,MCI,28,2,-20.0
4,UA,MCO,1057,221,13965.0
4,UA,MDT,52,7,260.0
4,UA,MIA,321,68,3575.0
4,UA,MSN,28,1,-122.0
4,UA,MSP,263,45,3066.0
4,UA,MSY,472,98,6963.0
4,UA,MTJ,2,0,-8.0
4,UA,OGG,192,23,2269.0
4,UA,OKC,23,1,-21.0
4,UA,OMA,83,9,772.0
4,UA,ORD,5207,1268,82037.0
4,UA,PBI,265,43,1933.0
4,UA,PDX,391,58,3077.0
4,UA,PHL,330,61,3816.0
4,UA,PHX,531,101,6545.0
4,UA,PIT,188,24,1387.0
4,UA,PSP,96,18,560.0
4,UA,RDU,74,18,1356.0
4,UA,RIC,25,4,280.0
4,UA,RNO,54,6,35.0
4,UA,ROC,5,1,0.0
4,UA,RSW,310,47,2291.0
4,UA,SAN,670,107,6207.0
4,UA,SAT,152,25,1398.0
4,UA,SDF,3,0,-6.0
4,UA,SEA,773,110,5824.0
4,UA,SFO,3918,787,44610.0
4,UA,SJC,54,6,161.0
4,UA,SJU,178,42,2165.0
4,UA,SLC,98,16,818.0
4,UA,SMF,175,23,1485.0
4,UA,SNA,445,84,5344.0
4,UA,SRQ,70,10,529.0
4,UA,STT,75,16,695.0
4,UA,TPA,570,81,5966.0
4,US,ABQ,9,1,-15.0
4,US,ALB,59,11,352.0
4,US,ANC,30,3,60.0
4,US,ATL,431,51,1287.0
4,US,AUS,85,7,212.0
4,US,BDL,134,12,286.0
4,US,BNA,106,16,497.0
4,US,BOI,63,4,-55.0
4,US,BOS,1505,164,3421.0
4,US,BUF,110,13,95.0
4,US,BWI,297,30,1133.0
4,US,CLE,163,18,10.0
4,US,CLT,7269,1130,49713.0
4,US,CMH,80,9,298.0
4,US,DCA,1694,196,4882.0
4,US,DEN,362,35,467.0
4,US,DFW,494,65,3229.0
4,US,DTW,252,17,190.0
4,US,EWR,360,39,1590.0
4,US,FLL,543,65,1840.0
4,US,GEG,60,1,-422.0
4,US,HNL,66,3,-118.0
4,US,IAH,373,48,1439.0
4,US,IND,150,13,31.0
4,US,JAX,243,30,1171.0
4,US,JFK,226,43,2782.0
4,US,KOA,22,1,-113.0
4,US,LAS,499,47,757.0
4,US,LAX,605,82,2661.0
4,US,LGA,1060,131,3239.0
4,US,LIH,22,2,113.0
4,US,MCI,193,20,1383.0
4,US,MCO,778,88,3394.0
4,US,MEM,63,4,-51.0
4,US,MIA,267,32,1168.0
4,US,MKE,59,4,66.0
4,US,MSP,319,38,674.0
4,US,MSY,186,40,2261.0
4,US,OAK,76,12,870.0
4,US,OGG,45,2,-207.0
4,US,OMA,61,6,114.0
4,US,ONT,116,5,-251.0
4,US,ORD,501,44,1034.0
4,US,ORF,4,1,148.0
4,US,PBI,313,38,1375.0
4,US,PDX,148,10,-280.0
4,US,PHL,3236,473,19387.0
4,US,PHX,4551,578,22257.0
4,US,PIT,376,36,465.0
4,US,PVD,104,11,163.0
4,US,PWM,30,7,407.0
4,US,RDU,275,40,1655.0
4,US,RIC,106,15,375.0
4,US,RNO,90,10,10.0
4,US,ROC,29,4,332.0
4,US,RSW,343,43,954.0
4,US,SAN,269,24,904.0
4,US,SAT,56,6,185.0
4,US,SDF,2,0,-1.0
4,US,SEA,224,17,94.0
4,US,SFO,415,40,635.0
4,US,SJC,133,11,-168.0
4,US,SJU,199,27,678.0
4,US,SLC,193,12,24.0
4,US,SMF,165,28,894.0
4,US,SNA,119,11,212.0
4,US,STL,183,27,1037.0
4,US,STT,62,14,418.0
4,US,STX,4,3,129.0
4,US,SYR,56,4,-73.0
4,US,TPA,578,48,1770.0
4,US,TUS,1,0,-2.0
4,VX,AUS,71,9,266.0
4,VX,BOS,124,15,234.0
4,VX,DAL,369,50,2330.0
4,VX,DCA,111,5,-286.0
4,VX,EWR,164,15,473.0
4,VX,FLL,166,18,673.0
4,VX,IAD,146,11,265.0
4,VX,JFK,325,32,1943.0
4,VX,LAS,328,51,2068.0
4,VX,LAX,1056,133,6513.0
4,VX,LGA,108,25,1024.0
4,VX,MCO,30,6,712.0
4,VX,ORD,109,13,904.0
4,VX,PDX,30,5,93.0
4,VX,PSP,40,5,274.0
4,VX,SAN,135,31,1699.0
4,VX,SEA,212,34,1552.0
4,VX,SFO,1377,175,6970.0
4,WN,ABQ,990,169,7565.0
4,WN,ALB,407,49,1703.0
4,WN,AMA,139,23,980.0
4,WN,ATL,3542,762,36516.0
4,WN,AUS,1515,282,13539.0
4,WN,BDL,591,65,2488.0
4,WN,BHM,369,53,1706.0
4,WN,BNA,2512,415,18917.0
4,WN,BOI,255,38,1664.0
4,WN,BOS,844,161,9229.0
4,WN,BUF,597,87,4026.0
4,WN,BUR,1212,155,7085.0
4,WN,BWI,5952,1202,53385.0
4,WN,CAK,317,32,1405.0
4,WN,CHS,213,43,2207.0
4,WN,CLE,411,46,1395.0
4,WN,CLT,147,25,1425.0
4,WN,CMH,912,88,3383.0
4,WN,CRP,116,15,927.0
4,WN,DAL,4625,982,52714.0
4,WN,DAY,132,12,743.0
4,WN,DCA,1287,141,5610.0
4,WN,DEN,4979,968,49579.0
4,WN,DSM,89,8,65.0
4,WN,DTW,570,87,3700.0
4,WN,ECP,187,16,240.0
4,WN,ELP,585,101,4423.0
4,WN,EWR,491,70,4118.0
4,WN,FLL,1638,242,11309.0
4,WN,FNT,155,18,809.0
4,WN,GEG,259,35,1086.0
4,WN,GRR,188,19,540.0
4,WN,GSP,116,21,861.0
4,WN,HOU,4265,999,51741.0
4,WN,HRL,171,20,1029.0
4,WN,IAD,204,18,731.0
4,WN,ICT,139,19,1240.0
4,WN,IND,929,105,4983.0
4,WN,ISP,420,54,2502.0
4,WN,JAX,426,65,2994.0
4,WN,LAS,6274,1445,68085.0
4,WN,LAX,3322,935,46838.0
4,WN,LBB,200,18,734.0
4,WN,LGA,907,161,8211.0
4,WN,LIT,209,38,1936.0
4,WN,MAF,302,39,1144.0
4,WN,MCI,1912,293,13506.0
4,WN,MCO,3726,694,38160.0
4,WN,MDW,6932,1286,63388.0
4,WN,MEM,255,45,1752.0
4,WN,MHT,430,45,886.0
4,WN,MKE,1258,186,8883.0
4,WN,MSP,628,108,4900.0
4,WN,MSY,1635,279,15494.0
4,WN,OAK,2860,544,24822.0
4,WN,OKC,523,86,4165.0
4,WN,OMA,487,61,2860.0
4,WN,ONT,882,165,7103.0
4,WN,ORF,191,27,907.0
4,WN,PBI,240,41,2281.0
4,WN,PDX,897,125,6744.0
4,WN,PHL,744,129,6625.0
4,WN,PHX,5062,1208,56632.0
4,WN,PIT,801,81,3224.0
4,WN,PNS,93,16,376.0
4,WN,PVD,578,54,2495.0
4,WN,PWM,85,5,523.0
4,WN,RDU,842,104,5031.0
4,WN,RIC,120,17,466.0
4,WN,RNO,579,93,4694.0
4,WN,ROC,194,25,976.0
4,WN,RSW,775,80,2546.0
4,WN,SAN,2864,565,25870.0
4,WN,SAT,1276,254,10702.0
4,WN,SDF,369,56,3404.0
4,WN,SEA,948,139,6165.0
4,WN,SFO,1293,232,11535.0
4,WN,SJC,1938,346,16278.0
4,WN,SJU,266,27,703.0
4,WN,SLC,793,103,4761.0
4,WN,SMF,1869,324,14995.0
4,WN,SNA,1472,264,11204.0
4,WN,STL,2533,479,24781.0
4,WN,TPA,2577,429,20491.0
4,WN,TUL,356,49,2208.0
4,WN,TUS,393,55,2390.0
5,AA,ABQ,176,27,1953.0
5,AA,ATL,460,66,3664.0
5,AA,AUS,660,112,8996.0
5,AA,BDL,114,11,227.0
5,AA,BHM,10,0,-33.0
5,AA,BNA,322,70,4474.0
5,AA,BOS,952,124,5108.0
5,AA,BWI,239,49,1959.0
5,AA,CLE,110,20,1270.0
5,AA,CLT,362,57,3006.0
5,AA,CMH,140,25,2634.0
5,AA,COS,115,13,90.0
5,AA,DAY,85,16,823.0
5,AA,DCA,914,153,7373.0
5,AA,DEN,440,55,2484.0
5,AA,DFW,11747,2927,180500.0
5,AA,DSM,61,5,189.0
5,AA,DTW,234,39,2547.0
5,AA,ELP,121,25,2621.0
5,AA,EWR,336,24,-296.0
5,AA,FAT,57,12,1148.0
5,AA,FLL,274,32,1018.0
5,AA,HNL,195,27,2757.0
5,AA,IAD,228,39,1601.0
5,AA,IAH,410,79,6133.0
5,AA,IND,175,26,1714.0
5,AA,JAX,119,25,2013.0
5,AA,JFK,1327,187,11165.0
5,AA,KOA,48,11,535.0
5,AA,LAS,818,97,6230.0
5,AA,LAX,2697,376,19095.0
5,AA,LBB,58,9,1053.0
5,AA,LGA,1181,196,11443.0
5,AA,LIH,53,5,-164.0
5,AA,MCI,263,56,4397.0
5,AA,MCO,834,145,8226.0
5,AA,MEM,129,32,1598.0
5,AA,MFE,148,23,1589.0
5,AA,MIA,4387,906,46355.0
5,AA,MKE,87,12,334.0
5,AA,MSP,346,47,1813.0
5,AA,MSY,259,42,1802.0
5,AA,OGG,136,16,167.0
5,AA,OKC,148,21,2535.0
5,AA,OMA,137,19,398.0
5,AA,ONT,120,16,841.0
5,AA,ORD,4481,892,48282.0
5,AA,ORF,58,6,1315.0
5,AA,PBI,128,19,487.0
5,AA,PDX,147,18,1028.0
5,AA,PHL,393,58,3618.0
5,AA,PHX,396,37,4623.0
5,AA,PIT,146,28,1123.0
5,AA,PNS,19,5,1591.0
5,AA,PSP,96,8,227.0
5,AA,RDU,352,55,2760.0
5,AA,RIC,56,8,520.0
5,AA,RNO,92,18,1499.0
5,AA,RSW,159,29,2598.0
5,AA,SAN,454,52,4214.0
5,AA,SAT,480,75,4985.0
5,AA,SDF,29,7,529.0
5,AA,SEA,419,54,2100.0
5,AA,SFO,885,140,5945.0
5,AA,SJC,179,19,694.0
5,AA,SJU,345,47,6580.0
5,AA,SLC,201,36,2532.0
5,AA,SMF,123,24,2344.0
5,AA,SNA,372,48,2602.0
5,AA,STL,461,64,2437.0
5,AA,STT,124,34,3264.0
5,AA,STX,51,7,32.0
5,AA,TPA,498,79,5569.0
5,AA,TUL,181,25,2621.0
5,AA,TUS,265,35,2017.0
5,AA,XNA,4,0,-20.0
5,AS,ABQ,31,1,-218.0
5,AS,ADK,8,1,-44.0
5,AS,ADQ,60,3,-296.0
5,AS,ANC,1140,61,-2762.0
5,AS,ATL,31,8,405.0
5,AS,AUS,31,6,163.0
5,AS,BET,82,8,-166.0
5,AS,BLI,93,9,-103.0
5,AS,BOS,145,9,273.0
5,AS,BRW,78,7,-213.0
5,AS,BUR,87,3,-333.0
5,AS,BWI,31,3,105.0
5,AS,CDV,62,6,-394.0
5,AS,DCA,124,7,-156.0
5,AS,DEN,155,11,12.0
5,AS,DFW,123,26,1007.0
5,AS,DTW,31,5,131.0
5,AS,EWR,62,2,-247.0
5,AS,FAI,175,9,-849.0
5,AS,FLL,31,6,397.0
5,AS,GEG,143,6,275.0
5,AS,HNL,240,19,-57.0
5,AS,IAD,31,4,90.0
5,AS,IAH,31,8,282.0
5,AS,JNU,356,32,-584.0
5,AS,KOA,111,7,-366.0
5,AS,KTN,198,18,-667.0
5,AS,LAS,410,20,-1867.0
5,AS,LAX,717,31,-1496.0
5,AS,LIH,93,5,-673.0
5,AS,MCI,31,3,-18.0
5,AS,MCO,64,8,167.0
5,AS,MSP,62,4,-67.0
5,AS,MSY,30,8,323.0
5,AS,OAK,207,14,-135.0
5,AS,OGG,216,19,87.0
5,AS,OME,61,6,-159.0
5,AS,ONT,58,3,-187.0
5,AS,ORD,179,18,463.0
5,AS,OTZ,60,3,-369.0
5,AS,PDX,1100,110,-278.0
5,AS,PHL,31,3,120.0
5,AS,PHX,217,12,-385.0
5,AS,PSG,61,10,601.0
5,AS,PSP,191,14,-707.0
5,AS,SAN,477,29,-608.0
5,AS,SAT,31,7,186.0
5,AS,SCC,78,5,-659.0
5,AS,SEA,4740,403,5185.0
5,AS,SFO,501,131,6261.0
5,AS,SIT,100,8,-336.0
5,AS,SJC,321,19,-1303.0
5,AS,SLC,184,12,-387.0
5,AS,SMF,202,11,-914.0
5,AS,SNA,310,18,-1257.0
5,AS,STL,31,5,160.0
5,AS,TPA,31,8,315.0
5,AS,TUS,31,1,-219.0
5,AS,WRG,60,10,89.0
5,AS,YAK,62,4,-478.0
5,B6,ABQ,28,5,295.0
5,B6,ACK,48,16,1351.0
5,B6,ANC,34,2,47.0
5,B6,AUS,216,36,2534.0
5,B6,BDL,278,25,339.0
5,B6,BOS,3541,461,17055.0
5,B6,BQN,73,11,249.0
5,B6,BTV,91,18,523.0
5,B6,BUF,415,56,1683.0
5,B6,BUR,31,5,406.0
5,B6,BWI,179,14,-64.0
5,B6,CHS,164,22,1293.0
5,B6,CLE,93,12,538.0
5,B6,CLT,116,19,495.0
5,B6,DCA,882,100,2503.0
5,B6,DEN,86,16,756.0
5,B6,DFW,57,23,1054.0
5,B6,DTW,124,18,540.0
5,B6,EWR,535,47,1367.0
5,B6,FLL,1565,269,12377.0
5,B6,HOU,61,18,1675.0
5,B6,HPN,338,42,1294.0
5,B6,IAD,173,29,1364.0
5,B6,JAX,277,40,1628.0
5,B6,JFK,3732,543,27107.0
5,B6,LAS,422,81,4740.0
5,B6,LAX,396,73,4300.0
5,B6,LGA,549,78,4160.0
5,B6,LGB,718,120,4666.0
5,B6,MCO,1620,248,14976.0
5,B6,MSY,122,32,1941.0
5,B6,MVY,16,6,493.0
5,B6,OAK,132,18,544.0
5,B6,ORD,237,64,2899.0
5,B6,ORH,62,2,-261.0
5,B6,PBI,548,88,3917.0
5,B6,PDX,117,9,-45.0
5,B6,PHL,150,21,664.0
5,B6,PHX,62,25,1457.0
5,B6,PIT,149,16,259.0
5,B6,PSE,62,6,-203.0
5,B6,PVD,93,9,102.0
5,B6,PWM,120,25,1985.0
5,B6,RDU,270,40,981.0
5,B6,RIC,205,17,95.0
5,B6,RNO,3,1,107.0
5,B6,ROC,116,24,1228.0
5,B6,RSW,271,45,1677.0
5,B6,SAN,119,32,1740.0
5,B6,SAV,93,16,1110.0
5,B6,SEA,178,28,1482.0
5,B6,SFO,454,104,6206.0
5,B6,SJC,58,13,365.0
5,B6,SJU,863,143,7438.0
5,B6,SLC,124,25,1007.0
5,B6,SMF,93,15,891.0
5,B6,SRQ,60,15,1471.0
5,B6,STT,66,6,519.0
5,B6,STX,31,5,152.0
5,B6,SWF,62,10,258.0
5,B6,SYR,121,17,389.0
5,B6,TPA,494,91,5068.0
5,DL,ABE,31,0,-88.0
5,DL,ABQ,124,8,1082.0
5,DL,AGS,67,6,206.0
5,DL,ALB,125,5,-149.0
5,DL,ANC,197,20,446.0
5,DL,ATL,20835,3078,186954.0
5,DL,ATW,36,0,-152.0
5,DL,AUS,320,54,5122.0
5,DL,AVL,81,4,272.0
5,DL,AVP,29,0,-79.0
5,DL,BDL,395,37,1949.0
5,DL,BGR,5,1,17.0
5,DL,BHM,283,31,1840.0
5,DL,BIL,84,1,-280.0
5,DL,BIS,35,0,-182.0
5,DL,BNA,431,58,4686.0
5,DL,BOI,84,1,162.0
5,DL,BOS,1442,227,16858.0
5,DL,BTR,31,3,149.0
5,DL,BUF,247,20,1342.0
5,DL,BWI,619,88,7439.0
5,DL,BZN,88,1,-296.0
5,DL,CAE,104,7,354.0
5,DL,CAK,143,10,581.0
5,DL,CHA,54,4,205.0
5,DL,CHO,31,0,-141.0
5,DL,CHS,351,39,1855.0
5,DL,CLE,198,15,695.0
5,DL,CLT,581,59,2336.0
5,DL,CMH,267,27,1194.0
5,DL,COS,27,4,217.0
5,DL,CRW,30,1,13.0
5,DL,CVG,511,45,1375.0
5,DL,DAB,152,17,433.0
5,DL,DAL,135,11,960.0
5,DL,DAY,119,13,1203.0
5,DL,DCA,841,118,7840.0
5,DL,DEN,647,78,3800.0
5,DL,DFW,471,81,7938.0
5,DL,DLH,7,1,22.0
5,DL,DSM,93,12,858.0
5,DL,DTW,4965,652,36750.0
5,DL,ECP,184,15,1734.0
5,DL,ELP,57,4,182.0
5,DL,EVV,33,2,123.0
5,DL,EWR,465,56,6062.0
5,DL,EYW,98,8,304.0
5,DL,FAI,33,3,-22.0
5,DL,FAR,67,6,226.0
5,DL,FAY,31,0,-111.0
5,DL,FLL,945,91,4599.0
5,DL,FNT,81,8,396.0
5,DL,FSD,28,0,-126.0
5,DL,GEG,93,7,15.0
5,DL,GNV,55,2,-42.0
5,DL,GPT,132,16,366.0
5,DL,GRB,18,0,-83.0
5,DL,GRR,315,18,-234.0
5,DL,GSO,182,21,1305.0
5,DL,GSP,150,17,1423.0
5,DL,HNL,256,20,2100.0
5,DL,HOU,169,27,2553.0
5,DL,HSV,140,14,1494.0
5,DL,IAD,220,22,1198.0
5,DL,IAH,266,62,4788.0
5,DL,ICT,57,5,219.0
5,DL,ILM,50,5,240.0
5,DL,IND,468,45,2681.0
5,DL,JAC,4,0,-27.0
5,DL,JAN,145,23,1283.0
5,DL,JAX,419,43,3365.0
5,DL,JFK,2428,376,22786.0
5,DL,JNU,16,0,-70.0
5,DL,KOA,31,7,580.0
5,DL,LAN,2,0,2.0
5,DL,LAS,951,113,6466.0
5,DL,LAX,2124,339,20633.0
5,DL,LEX,113,13,683.0
5,DL,LFT,32,7,539.0
5,DL,LGA,2258,416,35908.0
5,DL,LIH,31,7,428.0
5,DL,LIT,172,11,773.0
5,DL,MCI,524,54,3847.0
5,DL,MCO,1453,179,10366.0
5,DL,MDT,83,8,185.0
5,DL,MDW,237,25,1466.0
5,DL,MEM,401,47,2394.0
5,DL,MHT,43,2,73.0
5,DL,MIA,775,138,8271.0
5,DL,MKE,412,43,2635.0
5,DL,MLB,115,11,795.0
5,DL,MOB,48,2,288.0
5,DL,MSN,233,20,744.0
5,DL,MSO,34,0,-106.0
5,DL,MSP,5234,565,22707.0
5,DL,MSY,647,95,4804.0
5,DL,MYR,117,18,577.0
5,DL,OAK,88,5,52.0
5,DL,OGG,93,22,2484.0
5,DL,OKC,123,16,1596.0
5,DL,OMA,204,13,142.0
5,DL,ONT,1,0,-6.0
5,DL,ORD,703,109,6233.0
5,DL,ORF,296,26,1083.0
5,DL,PBI,545,78,5705.0
5,DL,PDX,416,20,443.0
5,DL,PHF,31,0,-40.0
5,DL,PHL,621,83,4781.0
5,DL,PHX,603,60,3708.0
5,DL,PIT,308,40,1918.0
5,DL,PNS,214,30,1759.0
5,DL,PSC,38,2,-95.0
5,DL,PSP,23,3,78.0
5,DL,PVD,138,14,1391.0
5,DL,PWM,74,9,176.0
5,DL,RDU,482,57,3526.0
5,DL,RIC,229,35,2554.0
5,DL,RNO,64,5,73.0
5,DL,ROA,30,0,-113.0
5,DL,ROC,133,13,489.0
5,DL,RSW,515,41,1122.0
5,DL,SAN,517,40,452.0
5,DL,SAT,329,33,1626.0
5,DL,SAV,304,31,1613.0
5,DL,SDF,262,30,1470.0
5,DL,SEA,1251,130,5944.0
5,DL,SFO,765,94,4230.0
5,DL,SGF,31,0,-74.0
5,DL,SHV,29,2,184.0
5,DL,SJC,110,8,458.0
5,DL,SJU,289,14,191.0
5,DL,SLC,2896,290,11582.0
5,DL,SMF,169,17,317.0
5,DL,SNA,240,14,135.0
5,DL,SRQ,183,16,522.0
5,DL,STL,431,42,2062.0
5,DL,STT,93,5,-159.0
5,DL,STX,5,1,110.0
5,DL,SYR,116,8,28.0
5,DL,TLH,150,14,477.0
5,DL,TPA,971,107,6798.0
5,DL,TRI,43,1,110.0
5,DL,TUL,108,13,993.0
5,DL,TUS,89,2,-234.0
5,DL,TVC,14,1,81.0
5,DL,TYS,81,6,180.0
5,DL,VPS,201,20,999.0
5,DL,XNA,32,1,-19.0
5,EV,ABE,183,30,2213.0
5,EV,ABQ,30,7,259.0
5,EV,ABY,79,9,624.0
5,EV,ACT,82,21,1481.0
5,EV,AEX,198,42,3185.0
5,EV,AGS,157,27,1852.0
5,EV,ALB,68,6,499.0
5,EV,AMA,105,17,1276.0
5,EV,ATL,5082,830,42229.0
5,EV,ATW,162,30,1060.0
5,EV,AUS,34,3,189.0
5,EV,AVL,63,5,137.0
5,EV,AVP,126,18,447.0
5,EV,AZO,16,3,87.0
5,EV,BDL,124,15,1354.0
5,EV,BGR,53,7,164.0
5,EV,BHM,278,47,2736.0
5,EV,BIL,2,0,-26.0
5,EV,BMI,86,14,800.0
5,EV,BNA,257,40,3369.0
5,EV,BOS,216,31,2009.0
5,EV,BQK,78,5,634.0
5,EV,BRO,185,39,3265.0
5,EV,BTR,613,147,10847.0
5,EV,BTV,149,24,1081.0
5,EV,BUF,157,20,514.0
5,EV,BWI,17,2,1.0
5,EV,CAE,334,65,4274.0
5,EV,CAK,146,14,885.0
5,EV,CHA,248,36,2099.0
5,EV,CHO,55,8,493.0
5,EV,CHS,314,38,2327.0
5,EV,CID,158,15,330.0
5,EV,CLE,893,139,6340.0
5,EV,CLL,76,11,1085.0
5,EV,CLT,370,59,2912.0
5,EV,CMH,234,59,3466.0
5,EV,COS,53,16,901.0
5,EV,CRP,409,94,7139.0
5,EV,CRW,195,35,2326.0
5,EV,CSG,109,12,387.0
5,EV,CVG,323,47,2214.0
5,EV,CWA,53,7,228.0
5,EV,DAY,164,22,443.0
5,EV,DCA,244,46,2239.0
5,EV,DEN,627,100,5959.0
5,EV,DFW,2008,667,47070.0
5,EV,DHN,116,16,1200.0
5,EV,DIK,75,5,-287.0
5,EV,DSM,109,19,1608.0
5,EV,DTW,2276,325,16459.0
5,EV,ECP,60,9,588.0
5,EV,ELM,195,21,1025.0
5,EV,ELP,143,32,2697.0
5,EV,ERI,59,7,12.0
5,EV,EVV,102,15,666.0
5,EV,EWN,48,7,158.0
5,EV,EWR,2721,445,17495.0
5,EV,EYW,31,5,353.0
5,EV,FAR,97,8,75.0
5,EV,FAY,133,22,1264.0
5,EV,FNT,96,8,173.0
5,EV,FSD,170,29,1385.0
5,EV,FSM,138,32,2957.0
5,EV,FWA,27,4,59.0
5,EV,GCK,22,9,639.0
5,EV,GGG,30,6,465.0
5,EV,GJT,29,5,495.0
5,EV,GNV,139,17,753.0
5,EV,GPT,131,23,1262.0
5,EV,GRB,182,18,88.0
5,EV,GRK,243,41,3252.0
5,EV,GRR,116,19,844.0
5,EV,GSO,303,60,3698.0
5,EV,GSP,337,41,1807.0
5,EV,GTR,86,5,172.0
5,EV,GUC,6,0,-13.0
5,EV,HOB,53,8,1095.0
5,EV,HOU,63,21,1679.0
5,EV,HPN,258,44,2257.0
5,EV,HRL,108,11,435.0
5,EV,HSV,240,35,3486.0
5,EV,IAD,169,17,754.0
5,EV,IAH,5766,1120,63409.0
5,EV,ICT,203,36,2345.0
5,EV,ILM,81,13,741.0
5,EV,IND,201,36,2080.0
5,EV,ISN,31,1,-209.0
5,EV,JAN,425,84,5867.0
5,EV,JAX,190,31,3541.0
5,EV,LAN,99,11,20.0
5,EV,LBB,133,25,2140.0
5,EV,LCH,100,14,389.0
5,EV,LEX,269,27,894.0
5,EV,LFT,392,78,6890.0
5,EV,LGA,755,150,8062.0
5,EV,LIT,346,58,3711.0
5,EV,LNK,170,17,676.0
5,EV,LRD,104,18,1091.0
5,EV,MAF,148,36,2066.0
5,EV,MBS,8,1,19.0
5,EV,MCI,379,56,3540.0
5,EV,MCO,5,0,-16.0
5,EV,MDT,99,11,548.0
5,EV,MDW,187,37,1720.0
5,EV,MEI,81,27,2831.0
5,EV,MEM,311,59,3328.0
5,EV,MFE,138,27,1633.0
5,EV,MGM,222,43,2448.0
5,EV,MHT,129,11,218.0
5,EV,MKE,226,22,1545.0
5,EV,MLI,107,17,895.0
5,EV,MLU,274,58,4014.0
5,EV,MOB,322,57,4580.0
5,EV,MOT,5,0,-29.0
5,EV,MSN,229,26,551.0
5,EV,MSP,762,160,9764.0
5,EV,MSY,48,2,77.0
5,EV,MYR,57,10,326.0
5,EV,OAJ,105,13,811.0
5,EV,OKC,180,51,3904.0
5,EV,OMA,292,37,2898.0
5,EV,ORD,4052,631,23997.0
5,EV,ORF,105,20,830.0
5,EV,PBI,21,9,658.0
5,EV,PHF,61,6,377.0
5,EV,PHL,44,6,303.0
5,EV,PIA,241,26,1375.0
5,EV,PIB,51,12,1728.0
5,EV,PIT,133,26,1236.0
5,EV,PNS,165,35,1921.0
5,EV,PVD,62,9,375.0
5,EV,PWM,111,15,357.0
5,EV,RAP,24,6,690.0
5,EV,RDU,203,37,2141.0
5,EV,RIC,437,71,4476.0
5,EV,ROA,198,27,1062.0
5,EV,ROC,190,31,1904.0
5,EV,RST,62,9,507.0
5,EV,SAF,68,8,313.0
5,EV,SAT,51,5,415.0
5,EV,SAV,363,74,4772.0
5,EV,SBN,108,10,767.0
5,EV,SCE,73,10,385.0
5,EV,SDF,284,53,3041.0
5,EV,SGF,158,26,1603.0
5,EV,SHV,523,117,9157.0
5,EV,SPS,86,20,1092.0
5,EV,STL,264,48,3399.0
5,EV,SWF,5,0,-18.0
5,EV,SYR,88,9,417.0
5,EV,TLH,51,10,896.0
5,EV,TRI,150,20,908.0
5,EV,TUL,205,39,1979.0
5,EV,TUS,74,15,920.0
5,EV,TVC,60,4,-40.0
5,EV,TYR,90,24,1648.0
5,EV,TYS,454,90,4523.0
5,EV,VLD,86,9,481.0
5,EV,VPS,193,45,2867.0
5,EV,XNA,275,43,2904.0
5,F9,ATL,545,145,9910.0
5,F9,AUS,154,34,1961.0
5,F9,BIS,13,0,-64.0
5,F9,BNA,31,4,268.0
5,F9,BZN,17,2,-154.0
5,F9,CID,13,1,38.0
5,F9,CLE,317,47,4435.0
5,F9,CLT,62,17,544.0
5,F9,CVG,250,65,4732.0
5,F9,DCA,90,12,840.0
5,F9,DEN,1955,301,12130.0
5,F9,DFW,118,34,2040.0
5,F9,DSM,18,3,188.0
5,F9,DTW,80,12,619.0
5,F9,FLL,66,9,381.0
5,F9,FSD,13,4,173.0
5,F9,GSO,18,2,13.0
5,F9,IAD,217,27,1167.0
5,F9,IAH,148,34,2056.0
5,F9,IND,58,18,1277.0
5,F9,LAS,453,133,8286.0
5,F9,LAX,146,31,1586.0
5,F9,LGA,90,22,1589.0
5,F9,MCI,30,3,630.0
5,F9,MCO,389,93,6404.0
5,F9,MEM,44,10,1033.0
5,F9,MIA,186,40,2985.0
5,F9,MKE,31,4,-125.0
5,F9,MSN,18,2,38.0
5,F9,MSO,8,0,-118.0
5,F9,MSP,204,43,2431.0
5,F9,MSY,62,26,1608.0
5,F9,OMA,18,3,-19.0
5,F9,ORD,496,128,7834.0
5,F9,PDX,93,5,-326.0
5,F9,PHL,276,87,5990.0
5,F9,PHX,155,31,1215.0
5,F9,RDU,93,20,796.0
5,F9,RSW,91,16,1289.0
5,F9,SAN,83,9,64.0
5,F9,SEA,90,11,209.0
5,F9,SFO,185,39,1458.0
5,F9,SLC,113,19,362.0
5,F9,SNA,62,7,-126.0
5,F9,STL,67,5,-133.0
5,F9,TPA,122,23,1976.0
5,F9,TTN,279,41,1070.0
5,F9,TYS,13,1,30.0
5,F9,UST,13,4,270.0
5,HA,HNL,2783,106,-5638.0
5,HA,ITO,522,14,-1936.0
5,HA,JFK,27,0,-150.0
5,HA,KOA,661,26,-1587.0
5,HA,LAS,76,7,-123.0
5,HA,LAX,134,11,405.0
5,HA,LIH,672,26,-2065.0
5,HA,OAK,73,2,-300.0
5,HA,OGG,1160,89,2397.0
5,HA,PDX,31,2,-108.0
5,HA,PHX,31,1,50.0
5,HA,PPG,9,0,-15.0
5,HA,SAN,31,0,-63.0
5,HA,SEA,62,3,4.0
5,HA,SFO,62,5,367.0
5,HA,SJC,62,1,-209.0
5,HA,SMF,31,5,295.0
5,MQ,ABI,198,38,2194.0
5,MQ,ABQ,57,7,96.0
5,MQ,ACT,59,10,337.0
5,MQ,AEX,85,15,1377.0
5,MQ,ALO,55,6,47.0
5,MQ,AMA,9,2,79.0
5,MQ,ATL,129,30,2662.0
5,MQ,AZO,115,8,-299.0
5,MQ,BHM,103,19,1226.0
5,MQ,BIS,60,4,-40.0
5,MQ,BMI,139,8,-308.0
5,MQ,BNA,389,69,4520.0
5,MQ,BPT,81,18,1236.0
5,MQ,BRO,24,7,610.0
5,MQ,BUF,81,11,193.0
5,MQ,BWI,61,9,1127.0
5,MQ,CHA,112,14,650.0
5,MQ,CHO,28,5,202.0
5,MQ,CHS,24,3,251.0
5,MQ,CID,276,43,2893.0
5,MQ,CLE,234,24,970.0
5,MQ,CLL,134,15,454.0
5,MQ,CMH,427,59,3595.0
5,MQ,CMI,177,17,346.0
5,MQ,COU,106,24,2556.0
5,MQ,CRP,27,7,201.0
5,MQ,CVG,446,67,3140.0
5,MQ,CWA,61,5,4.0
5,MQ,DAY,171,20,583.0
5,MQ,DBQ,82,3,-346.0
5,MQ,DCA,29,8,426.0
5,MQ,DFW,4731,1179,67939.0
5,MQ,DRO,81,15,978.0
5,MQ,DSM,167,31,1705.0
5,MQ,DTW,225,40,2040.0
5,MQ,ELP,61,6,245.0
5,MQ,EVV,146,14,359.0
5,MQ,EYW,10,1,-32.0
5,MQ,FAR,112,11,95.0
5,MQ,FNT,87,7,-38.0
5,MQ,FSD,74,7,710.0
5,MQ,FSM,31,4,85.0
5,MQ,FWA,172,18,1442.0
5,MQ,GCK,36,6,864.0
5,MQ,GGG,27,4,175.0
5,MQ,GJT,81,9,279.0
5,MQ,GNV,56,4,33.0
5,MQ,GPT,83,13,522.0
5,MQ,GRB,117,13,113.0
5,MQ,GRI,56,6,85.0
5,MQ,GRK,107,18,614.0
5,MQ,GRR,289,52,3276.0
5,MQ,GSO,162,24,999.0
5,MQ,GSP,49,9,1589.0
5,MQ,HOU,106,34,3749.0
5,MQ,HPN,85,6,-2.0
5,MQ,HSV,50,9,501.0
5,MQ,ICT,75,18,1647.0
5,MQ,IND,193,29,662.0
5,MQ,JAN,76,14,340.0
5,MQ,JFK,358,62,3153.0
5,MQ,JLN,58,15,793.0
5,MQ,LAW,110,24,1880.0
5,MQ,LBB,17,6,598.0
5,MQ,LCH,57,17,1659.0
5,MQ,LEX,151,16,394.0
5,MQ,LFT,83,16,985.0
5,MQ,LGA,1149,236,10039.0
5,MQ,LIT,164,50,3823.0
5,MQ,LRD,88,14,1570.0
5,MQ,LSE,108,6,-282.0
5,MQ,MAF,108,23,2287.0
5,MQ,MDT,82,18,1373.0
5,MQ,MEM,165,19,1185.0
5,MQ,MGM,60,7,55.0
5,MQ,MHK,141,23,1853.0
5,MQ,MIA,353,51,2230.0
5,MQ,MLI,157,16,711.0
5,MQ,MOB,83,18,790.0
5,MQ,MQT,26,0,-92.0
5,MQ,MSN,231,25,917.0
5,MQ,MSP,20,7,359.0
5,MQ,OKC,127,23,544.0
5,MQ,OMA,84,9,-270.0
5,MQ,ORD,5678,843,37991.0
5,MQ,ORF,71,16,1433.0
5,MQ,PIA,176,19,554.0
5,MQ,PIT,57,11,470.0
5,MQ,PNS,12,0,-71.0
5,MQ,RAP,55,11,421.0
5,MQ,RDU,302,65,3430.0
5,MQ,RIC,80,8,4.0
5,MQ,ROC,109,18,546.0
5,MQ,ROW,85,17,1557.0
5,MQ,RST,118,11,82.0
5,MQ,SAF,80,12,509.0
5,MQ,SAT,20,5,285.0
5,MQ,SAV,31,8,575.0
5,MQ,SDF,57,6,117.0
5,MQ,SGF,342,62,4098.0
5,MQ,SHV,6,0,-19.0
5,MQ,SJT,143,37,2938.0
5,MQ,SPI,54,15,1110.0
5,MQ,SPS,26,11,538.0
5,MQ,STL,157,47,2997.0
5,MQ,SUX,55,4,247.0
5,MQ,SYR,90,9,-5.0
5,MQ,TLH,76,9,544.0
5,MQ,TOL,87,8,315.0
5,MQ,TUL,186,44,3721.0
5,MQ,TVC,83,5,-332.0
5,MQ,TXK,82,13,616.0
5,MQ,TYR,116,24,3370.0
5,MQ,TYS,116,21,1214.0
5,MQ,VPS,58,18,792.0
5,MQ,XNA,372,71,4044.0
5,NK,ACY,341,92,6765.0
5,NK,ATL,324,127,9313.0
5,NK,BOS,244,71,5070.0
5,NK,BQN,17,4,254.0
5,NK,BWI,276,72,5520.0
5,NK,CLE,239,61,4010.0
5,NK,CRW,13,3,209.0
5,NK,DEN,392,128,7933.0
5,NK,DFW,844,328,23171.0
5,NK,DTW,619,183,11693.0
5,NK,FLL,1040,262,15494.0
5,NK,IAG,27,2,-91.0
5,NK,IAH,505,266,20913.0
5,NK,LAS,840,306,19703.0
5,NK,LAX,393,152,11669.0
5,NK,LBE,135,26,1139.0
5,NK,LGA,327,79,4459.0
5,NK,MCI,128,61,4953.0
5,NK,MCO,384,128,7917.0
5,NK,MSP,297,114,8606.0
5,NK,MSY,150,67,5127.0
5,NK,MYR,397,85,3395.0
5,NK,OAK,150,30,2105.0
5,NK,ORD,990,508,37231.0
5,NK,PBG,22,5,114.0
5,NK,PDX,87,33,1920.0
5,NK,PHL,117,43,3054.0
5,NK,PHX,58,19,1282.0
5,NK,RSW,56,22,1432.0
5,NK,SAN,181,37,2113.0
5,NK,SJU,61,11,517.0
5,NK,STT,30,6,144.0
5,NK,TPA,142,54,3948.0
5,OO,ABE,17,3,112.0
5,OO,ABQ,341,54,2439.0
5,OO,ABR,62,5,1046.0
5,OO,ACV,97,25,927.0
5,OO,AMA,79,9,149.0
5,OO,APN,50,4,-161.0
5,OO,ASE,34,6,103.0
5,OO,ATL,375,52,3412.0
5,OO,ATW,97,9,113.0
5,OO,AUS,327,72,6485.0
5,OO,AVL,66,10,580.0
5,OO,AZO,1,0,-5.0
5,OO,BDL,101,15,867.0
5,OO,BFL,263,48,2351.0
5,OO,BHM,94,20,1426.0
5,OO,BIL,102,4,-423.0
5,OO,BIS,207,19,1249.0
5,OO,BJI,62,5,334.0
5,OO,BNA,284,37,1574.0
5,OO,BOI,599,81,2614.0
5,OO,BOS,33,6,192.0
5,OO,BRD,52,3,230.0
5,OO,BTM,62,1,-241.0
5,OO,BTR,1,0,1.0
5,OO,BUF,18,2,-15.0
5,OO,BUR,357,64,2250.0
5,OO,BZN,64,8,98.0
5,OO,CAE,20,7,570.0
5,OO,CDC,52,7,821.0
5,OO,CHO,83,13,328.0
5,OO,CHS,64,18,947.0
5,OO,CID,252,28,1438.0
5,OO,CIU,60,10,1051.0
5,OO,CLE,71,21,1482.0
5,OO,CLT,47,10,533.0
5,OO,CMH,105,11,353.0
5,OO,CMX,60,4,-289.0
5,OO,COD,61,9,1023.0
5,OO,COS,472,52,2900.0
5,OO,CPR,118,12,-122.0
5,OO,CVG,386,63,3328.0
5,OO,CWA,5,1,28.0
5,OO,DAY,132,15,164.0
5,OO,DCA,98,24,1382.0
5,OO,DEN,4095,702,29133.0
5,OO,DFW,405,105,8654.0
5,OO,DIK,58,2,-355.0
5,OO,DLH,117,7,102.0
5,OO,DRO,117,11,-139.0
5,OO,DSM,98,22,1282.0
5,OO,DTW,981,120,5125.0
5,OO,DVL,47,3,-164.0
5,OO,EAU,58,6,47.0
5,OO,EKO,57,5,-202.0
5,OO,ELP,168,25,1391.0
5,OO,ESC,52,2,34.0
5,OO,EUG,344,63,2959.0
5,OO,EVV,23,5,295.0
5,OO,FAR,234,23,837.0
5,OO,FAT,597,83,4321.0
5,OO,FCA,144,4,-497.0
5,OO,FLG,152,10,95.0
5,OO,FNT,68,1,-336.0
5,OO,FSD,145,18,1150.0
5,OO,FWA,336,36,710.0
5,OO,GCC,88,6,-7.0
5,OO,GEG,229,11,-813.0
5,OO,GFK,52,2,49.0
5,OO,GJT,199,17,-30.0
5,OO,GRB,15,2,112.0
5,OO,GRR,145,20,626.0
5,OO,GTF,197,5,-1105.0
5,OO,HIB,81,4,-427.0
5,OO,HLN,142,4,276.0
5,OO,HYS,52,3,-161.0
5,OO,IAD,3,0,-1.0
5,OO,IAH,1478,457,29389.0
5,OO,ICT,228,44,1769.0
5,OO,IDA,194,14,39.0
5,OO,IMT,56,2,-240.0
5,OO,IND,43,9,313.0
5,OO,INL,50,4,26.0
5,OO,ISN,213,16,44.0
5,OO,JAC,121,7,-717.0
5,OO,JAX,35,12,723.0
5,OO,JMS,71,6,-594.0
5,OO,KTN,17,0,-159.0
5,OO,LAN,2,0,-1.0
5,OO,LAR,47,1,-163.0
5,OO,LAS,243,31,1515.0
5,OO,LAX,3525,543,19695.0
5,OO,LEX,31,8,395.0
5,OO,LGA,9,1,6.0
5,OO,LGB,113,6,-81.0
5,OO,LIT,26,3,237.0
5,OO,LNK,94,12,819.0
5,OO,LSE,4,0,-26.0
5,OO,LWS,48,0,-177.0
5,OO,MAF,130,20,1006.0
5,OO,MBS,174,18,53.0
5,OO,MCI,158,29,1768.0
5,OO,MEM,91,16,1330.0
5,OO,MFE,105,31,2664.0
5,OO,MFR,224,53,2896.0
5,OO,MIA,28,9,551.0
5,OO,MKE,699,95,1863.0
5,OO,MKG,58,6,-65.0
5,OO,MLI,42,3,-10.0
5,OO,MOT,140,16,100.0
5,OO,MRY,257,41,1184.0
5,OO,MSN,101,6,-378.0
5,OO,MSO,136,5,-598.0
5,OO,MSP,2201,189,5579.0
5,OO,MSY,12,2,65.0
5,OO,MTJ,1,0,-6.0
5,OO,OAK,225,20,1016.0
5,OO,OKC,200,38,3707.0
5,OO,OMA,159,18,698.0
5,OO,ONT,526,113,6782.0
5,OO,ORD,3350,604,26665.0
5,OO,ORF,53,14,783.0
5,OO,OTH,18,10,528.0
5,OO,PAH,61,8,230.0
5,OO,PBI,6,1,100.0
5,OO,PDX,526,72,2916.0
5,OO,PHX,1854,197,5855.0
5,OO,PIA,29,4,174.0
5,OO,PIH,57,1,-262.0
5,OO,PIT,62,11,439.0
5,OO,PLN,60,5,141.0
5,OO,PSC,144,6,-423.0
5,OO,PSP,522,103,5426.0
5,OO,PUB,51,5,-196.0
5,OO,PVD,5,0,-10.0
5,OO,RAP,212,21,704.0
5,OO,RDD,62,15,484.0
5,OO,RDM,180,19,470.0
5,OO,RDU,10,0,4.0
5,OO,RHI,86,7,-83.0
5,OO,RKS,57,5,126.0
5,OO,RNO,276,51,2417.0
5,OO,RST,2,0,-13.0
5,OO,RSW,7,3,221.0
5,OO,SAF,30,5,769.0
5,OO,SAN,549,59,332.0
5,OO,SAT,431,83,4228.0
5,OO,SBA,556,88,4008.0
5,OO,SBN,283,30,472.0
5,OO,SBP,245,32,1036.0
5,OO,SDF,26,7,727.0
5,OO,SEA,1151,119,3346.0
5,OO,SFO,3037,710,34441.0
5,OO,SGF,104,16,663.0
5,OO,SGU,181,14,178.0
5,OO,SIT,16,1,-79.0
5,OO,SJC,673,61,1138.0
5,OO,SLC,4123,341,4720.0
5,OO,SMF,676,102,4232.0
5,OO,SMX,63,12,790.0
5,OO,SNA,233,54,2419.0
5,OO,SPI,90,12,433.0
5,OO,STL,108,18,689.0
5,OO,SUN,17,2,40.0
5,OO,TUL,186,26,1244.0
5,OO,TUS,617,78,2669.0
5,OO,TVC,34,2,-137.0
5,OO,TWF,88,3,-237.0
5,OO,XNA,117,12,680.0
5,OO,YUM,176,13,261.0
5,UA,ALB,51,11,863.0
5,UA,ANC,93,38,1865.0
5,UA,ATL,350,118,8782.0
5,UA,AUS,354,97,8161.0
5,UA,BDL,50,8,255.0
5,UA,BIL,60,10,195.0
5,UA,BOI,51,12,1174.0
5,UA,BOS,1126,236,14047.0
5,UA,BQN,29,7,356.0
5,UA,BUF,62,13,681.0
5,UA,BWI,298,51,2637.0
5,UA,CLE,615,71,4111.0
5,UA,CLT,4,2,87.0
5,UA,CMH,75,11,987.0
5,UA,DCA,546,139,8483.0
5,UA,DEN,4086,948,50812.0
5,UA,DFW,339,97,8449.0
5,UA,DSM,56,7,180.0
5,UA,DTW,59,5,192.0
5,UA,EWR,3977,942,62172.0
5,UA,FLL,434,68,3877.0
5,UA,GEG,57,1,-154.0
5,UA,GRR,33,4,137.0
5,UA,GUM,29,10,405.0
5,UA,HNL,448,56,2822.0
5,UA,IAD,1829,452,26402.0
5,UA,IAH,5043,1769,120670.0
5,UA,ICT,51,5,359.0
5,UA,IND,139,26,1120.0
5,UA,ITO,22,6,374.0
5,UA,JAC,52,3,-195.0
5,UA,JAX,4,0,-12.0
5,UA,JFK,375,56,4025.0
5,UA,KOA,101,14,183.0
5,UA,LAS,1165,229,12303.0
5,UA,LAX,2611,533,29067.0
5,UA,LGA,753,129,11820.0
5,UA,LIH,64,7,584.0
5,UA,MCI,73,17,853.0
5,UA,MCO,1046,224,13869.0
5,UA,MDT,54,6,248.0
5,UA,MIA,281,51,2728.0
5,UA,MSN,21,6,600.0
5,UA,MSP,345,91,5836.0
5,UA,MSY,468,123,9745.0
5,UA,OGG,173,31,1607.0
5,UA,OKC,76,16,1273.0
5,UA,OMA,154,29,1367.0
5,UA,ORD,5749,1493,96137.0
5,UA,PBI,199,51,2755.0
5,UA,PDX,477,62,2511.0
5,UA,PHL,346,77,4333.0
5,UA,PHX,533,99,5692.0
5,UA,PIT,259,36,1824.0
5,UA,PSP,17,3,27.0
5,UA,RDU,131,42,2836.0
5,UA,RIC,25,1,-34.0
5,UA,RNO,57,2,-295.0
5,UA,ROC,2,0,-2.0
5,UA,RSW,184,20,596.0
5,UA,SAN,749,145,7444.0
5,UA,SAT,283,62,3334.0
5,UA,SDF,14,1,2.0
5,UA,SEA,871,178,10862.0
5,UA,SFO,4304,1082,62779.0
5,UA,SJC,102,11,588.0
5,UA,SJU,131,19,1215.0
5,UA,SLC,81,11,667.0
5,UA,SMF,248,33,1850.0
5,UA,SNA,482,90,5160.0
5,UA,SRQ,37,1,-77.0
5,UA,STL,26,11,926.0
5,UA,STT,28,5,121.0
5,UA,TPA,546,115,6983.0
5,US,ABQ,3,0,-18.0
5,US,ALB,60,2,-87.0
5,US,ANC,30,5,105.0
5,US,ATL,509,55,2905.0
5,US,AUS,83,13,952.0
5,US,BDL,152,9,-192.0
5,US,BNA,107,7,158.0
5,US,BOI,64,6,183.0
5,US,BOS,1474,163,4108.0
5,US,BUF,114,6,60.0
5,US,BWI,308,31,871.0
5,US,CLE,158,9,-338.0
5,US,CLT,7504,967,38860.0
5,US,CMH,89,6,-105.0
5,US,DCA,1668,225,6683.0
5,US,DEN,403,35,612.0
5,US,DFW,514,68,3262.0
5,US,DTW,255,24,1059.0
5,US,EWR,368,30,90.0
5,US,FLL,470,40,526.0
5,US,GEG,62,8,8.0
5,US,HNL,73,8,835.0
5,US,IAH,412,58,2561.0
5,US,IND,144,5,-41.0
5,US,JAX,235,24,555.0
5,US,JFK,238,49,2950.0
5,US,KOA,28,2,-201.0
5,US,LAS,521,24,-66.0
5,US,LAX,641,43,450.0
5,US,LGA,1040,148,6730.0
5,US,LIH,30,1,-151.0
5,US,MCI,222,21,103.0
5,US,MCO,803,58,590.0
5,US,MEM,63,6,252.0
5,US,MIA,300,42,1212.0
5,US,MKE,62,4,-93.0
5,US,MSP,346,32,889.0
5,US,MSY,229,28,695.0
5,US,OAK,70,9,371.0
5,US,OGG,45,0,-412.0
5,US,OMA,61,4,160.0
5,US,ONT,123,7,188.0
5,US,ORD,518,44,1589.0
5,US,ORF,22,1,-54.0
5,US,PBI,268,15,-154.0
5,US,PDX,201,12,-195.0
5,US,PHL,3416,562,28901.0
5,US,PHX,4832,587,22188.0
5,US,PIT,399,32,428.0
5,US,PVD,108,11,592.0
5,US,PWM,31,0,-207.0
5,US,RDU,265,32,1321.0
5,US,RIC,125,13,533.0
5,US,RNO,97,7,-143.0
5,US,ROC,32,0,-66.0
5,US,RSW,239,17,-84.0
5,US,SAN,304,18,-127.0
5,US,SAT,60,3,135.0
5,US,SDF,6,1,-19.0
5,US,SEA,271,19,893.0
5,US,SFO,480,45,560.0
5,US,SJC,146,5,-629.0
5,US,SJU,164,19,929.0
5,US,SLC,213,11,-374.0
5,US,SMF,183,12,82.0
5,US,SNA,148,5,-214.0
5,US,STL,192,22,846.0
5,US,STT,64,9,188.0
5,US,STX,1,0,14.0
5,US,SYR,56,7,-35.0
5,US,TPA,606,51,637.0
5,US,TUS,1,0,-10.0
5,VX,AUS,185,44,3276.0
5,VX,BOS,160,32,1468.0
5,VX,DAL,511,131,8179.0
5,VX,DCA,111,28,1419.0
5,VX,EWR,171,19,1229.0
5,VX,FLL,72,13,582.0
5,VX,IAD,142,19,867.0
5,VX,JFK,314,42,2685.0
5,VX,LAS,336,102,4545.0
5,VX,LAX,1091,204,10538.0
5,VX,LGA,106,24,1869.0
5,VX,MCO,31,4,151.0
5,VX,ORD,149,24,1140.0
5,VX,PDX,31,0,-121.0
5,VX,SAN,163,61,3012.0
5,VX,SEA,195,47,1930.0
5,VX,SFO,1437,312,12876.0
5,VX,TUL,1,1,113.0
5,WN,ABQ,1048,206,11345.0
5,WN,ALB,389,46,2104.0
5,WN,AMA,136,36,2053.0
5,WN,ATL,3610,835,49210.0
5,WN,AUS,1531,355,24355.0
5,WN,BDL,595,73,3558.0
5,WN,BHM,371,70,4198.0
5,WN,BNA,2522,506,27499.0
5,WN,BOI,255,39,1861.0
5,WN,BOS,832,173,11316.0
5,WN,BUF,574,51,1726.0
5,WN,BUR,1225,195,9787.0
5,WN,BWI,6076,1346,69558.0
5,WN,CAK,304,38,1359.0
5,WN,CHS,218,51,2534.0
5,WN,CLE,428,46,1966.0
5,WN,CLT,147,33,1553.0
5,WN,CMH,890,144,8667.0
5,WN,CRP,116,29,2254.0
5,WN,DAL,4690,1601,95214.0
5,WN,DAY,128,15,776.0
5,WN,DCA,1319,262,15463.0
5,WN,DEN,5111,1165,58087.0
5,WN,DSM,90,13,449.0
5,WN,DTW,573,89,4840.0
5,WN,ECP,196,43,2498.0
5,WN,ELP,585,163,9247.0
5,WN,EWR,499,80,6656.0
5,WN,FLL,1585,229,11597.0
5,WN,FNT,149,17,604.0
5,WN,GEG,261,28,1184.0
5,WN,GRR,183,14,508.0
5,WN,GSP,117,28,1734.0
5,WN,HOU,4228,1316,79752.0
5,WN,HRL,170,47,2740.0
5,WN,IAD,210,29,1580.0
5,WN,ICT,140,25,1475.0
5,WN,IND,909,129,7683.0
5,WN,ISP,450,52,1633.0
5,WN,JAX,436,76,3252.0
5,WN,LAS,6434,1636,80516.0
5,WN,LAX,3405,1076,54974.0
5,WN,LBB,194,48,3225.0
5,WN,LGA,930,216,18874.0
5,WN,LIT,210,44,2830.0
5,WN,MAF,292,70,3861.0
5,WN,MCI,1957,406,24029.0
5,WN,MCO,3697,636,32570.0
5,WN,MDW,7070,1690,93994.0
5,WN,MEM,270,43,2538.0
5,WN,MHT,441,55,1827.0
5,WN,MKE,1247,166,9730.0
5,WN,MSP,620,76,3518.0
5,WN,MSY,1650,378,24435.0
5,WN,OAK,2930,662,32755.0
5,WN,OKC,522,105,6423.0
5,WN,OMA,488,89,4298.0
5,WN,ONT,895,206,9897.0
5,WN,ORF,209,28,1566.0
5,WN,PBI,216,33,1755.0
5,WN,PDX,912,127,6713.0
5,WN,PHL,737,122,7943.0
5,WN,PHX,5008,1258,63667.0
5,WN,PIT,787,86,4300.0
5,WN,PNS,96,20,877.0
5,WN,PVD,573,66,3077.0
5,WN,PWM,86,14,421.0
5,WN,RDU,875,143,6957.0
5,WN,RIC,123,12,402.0
5,WN,RNO,601,93,2967.0
5,WN,ROC,183,28,1787.0
5,WN,RSW,629,63,2915.0
5,WN,SAN,2894,669,33744.0
5,WN,SAT,1278,313,17564.0
5,WN,SDF,375,38,1669.0
5,WN,SEA,1090,186,9450.0
5,WN,SFO,1300,340,16650.0
5,WN,SJC,1974,454,21620.0
5,WN,SJU,277,25,771.0
5,WN,SLC,798,105,4869.0
5,WN,SMF,1889,390,18674.0
5,WN,SNA,1478,321,14093.0
5,WN,STL,2566,597,33837.0
5,WN,TPA,2492,463,32966.0
5,WN,TUL,349,83,4678.0
5,WN,TUS,383,55,2167.0
6,AA,ABQ,177,22,704.0
6,AA,ANC,27,8,355.0
6,AA,ATL,479,77,4332.0
6,AA,AUS,695,120,8132.0
6,AA,BDL,92,14,393.0
6,AA,BNA,290,56,5096.0
6,AA,BOS,975,144,7576.0
6,AA,BWI,265,59,5192.0
6,AA,CLE,118,23,1046.0
6,AA,CLT,324,85,9731.0
6,AA,CMH,148,16,468.0
6,AA,COS,118,17,1149.0
6,AA,DAY,87,15,685.0
6,AA,DCA,848,199,14946.0
6,AA,DEN,470,115,12180.0
6,AA,DFW,12024,3135,184052.0
6,AA,DSM,59,8,155.0
6,AA,DTW,227,36,2219.0
6,AA,EGE,26,3,-5.0
6,AA,ELP,115,23,1374.0
6,AA,EWR,322,51,2578.0
6,AA,FAT,60,13,866.0
6,AA,FLL,240,39,1655.0
6,AA,HNL,211,39,4361.0
6,AA,IAD,260,51,4256.0
6,AA,IAH,380,69,3647.0
6,AA,IND,178,27,1554.0
6,AA,JAC,57,8,609.0
6,AA,JAX,119,25,2886.0
6,AA,JFK,1282,230,15951.0
6,AA,KOA,59,8,1407.0
6,AA,LAS,791,127,9530.0
6,AA,LAX,2679,415,26431.0
6,AA,LBB,33,4,209.0
6,AA,LGA,1178,223,13895.0
6,AA,LIH,60,7,59.0
6,AA,MCI,291,72,5606.0
6,AA,MCO,829,213,17444.0
6,AA,MEM,37,6,59.0
6,AA,MFE,124,23,2048.0
6,AA,MIA,4233,1128,64234.0
6,AA,MKE,90,13,1353.0
6,AA,MSP,319,56,2733.0
6,AA,MSY,241,35,1919.0
6,AA,OGG,148,21,2199.0
6,AA,OKC,140,18,882.0
6,AA,OMA,95,15,790.0
6,AA,ONT,136,23,2431.0
6,AA,ORD,4458,1338,88630.0
6,AA,ORF,60,15,1115.0
6,AA,PBI,92,18,1822.0
6,AA,PDX,194,42,2493.0
6,AA,PHL,354,77,6250.0
6,AA,PHX,315,45,2419.0
6,AA,PIT,144,23,1354.0
6,AA,PNS,53,9,422.0
6,AA,PSP,35,5,590.0
6,AA,RDU,352,77,6683.0
6,AA,RIC,87,22,2803.0
6,AA,RNO,139,22,1879.0
6,AA,RSW,122,12,76.0
6,AA,SAN,472,58,3905.0
6,AA,SAT,450,80,4896.0
6,AA,SDF,26,7,409.0
6,AA,SEA,516,104,4797.0
6,AA,SFO,888,151,8212.0
6,AA,SJC,232,29,1578.0
6,AA,SJU,386,57,5264.0
6,AA,SLC,196,32,3059.0
6,AA,SMF,135,16,1808.0
6,AA,SNA,395,52,1465.0
6,AA,STL,459,77,5158.0
6,AA,STT,119,39,2727.0
6,AA,STX,58,9,188.0
6,AA,TPA,475,86,4295.0
6,AA,TUL,202,32,2324.0
6,AA,TUS,239,27,1442.0
6,AA,XNA,12,0,-99.0
6,AS,ABQ,30,2,-4.0
6,AS,ADK,8,5,120.0
6,AS,ADQ,54,5,7.0
6,AS,AKN,24,4,3.0
6,AS,ANC,1296,97,-786.0
6,AS,ATL,29,5,210.0
6,AS,AUS,47,9,230.0
6,AS,BET,81,9,150.0
6,AS,BLI,19,0,-206.0
6,AS,BOS,150,24,924.0
6,AS,BRW,76,11,350.0
6,AS,BUR,89,3,-324.0
6,AS,BWI,30,4,560.0
6,AS,CDV,59,7,-198.0
6,AS,DCA,120,9,-81.0
6,AS,DEN,171,21,1740.0
6,AS,DFW,144,12,459.0
6,AS,DLG,24,4,38.0
6,AS,DTW,30,3,15.0
6,AS,EWR,60,6,59.0
6,AS,FAI,178,17,-113.0
6,AS,FLL,30,5,201.0
6,AS,GEG,121,8,-223.0
6,AS,GST,24,7,231.0
6,AS,HNL,224,24,2436.0
6,AS,IAD,29,4,133.0
6,AS,IAH,30,6,430.0
6,AS,JNU,447,61,1251.0
6,AS,KOA,107,8,-94.0
6,AS,KTN,232,33,19.0
6,AS,LAS,357,31,172.0
6,AS,LAX,753,48,-83.0
6,AS,LIH,101,5,-706.0
6,AS,MCI,47,6,203.0
6,AS,MCO,54,14,1417.0
6,AS,MSP,60,7,77.0
6,AS,MSY,29,3,104.0
6,AS,OAK,215,20,332.0
6,AS,OGG,220,29,192.0
6,AS,OME,60,8,423.0
6,AS,ONT,59,3,84.0
6,AS,ORD,185,24,794.0
6,AS,OTZ,60,5,-28.0
6,AS,PDX,1180,81,-1094.0
6,AS,PHL,30,4,89.0
6,AS,PHX,187,13,-438.0
6,AS,PSG,60,15,674.0
6,AS,PSP,92,8,251.0
6,AS,SAN,499,36,-229.0
6,AS,SAT,30,5,152.0
6,AS,SCC,78,11,6.0
6,AS,SEA,4777,553,18153.0
6,AS,SFO,474,50,2138.0
6,AS,SIT,142,9,-241.0
6,AS,SJC,404,19,-1156.0
6,AS,SLC,180,14,48.0
6,AS,SMF,207,18,209.0
6,AS,SNA,286,17,-619.0
6,AS,STL,47,9,423.0
6,AS,TPA,30,7,242.0
6,AS,TUS,30,1,-391.0
6,AS,WRG,60,15,654.0
6,AS,YAK,59,8,-358.0
6,B6,ABQ,29,9,613.0
6,B6,ACK,85,29,2322.0
6,B6,ANC,73,15,574.0
6,B6,AUS,214,29,1659.0
6,B6,BDL,267,49,2341.0
6,B6,BOS,3495,612,31272.0
6,B6,BQN,103,18,509.0
6,B6,BTV,87,15,662.0
6,B6,BUF,400,79,3964.0
6,B6,BUR,30,6,481.0
6,B6,BWI,171,20,1320.0
6,B6,CHS,161,38,1797.0
6,B6,CLE,90,17,606.0
6,B6,CLT,117,31,1523.0
6,B6,DCA,858,134,6490.0
6,B6,DEN,92,26,1255.0
6,B6,DFW,56,20,1306.0
6,B6,DTW,120,24,1121.0
6,B6,EWR,537,96,6424.0
6,B6,FLL,1514,359,19386.0
6,B6,HOU,60,23,1922.0
6,B6,HPN,315,45,1184.0
6,B6,HYA,12,2,351.0
6,B6,IAD,172,36,2288.0
6,B6,JAX,268,45,2288.0
6,B6,JFK,3722,710,43642.0
6,B6,LAS,402,78,4636.0
6,B6,LAX,384,89,4642.0
6,B6,LGA,522,107,7715.0
6,B6,LGB,746,126,5214.0
6,B6,MCO,1635,411,28921.0
6,B6,MSY,104,23,1487.0
6,B6,MVY,38,13,1187.0
6,B6,OAK,140,18,549.0
6,B6,ORD,246,78,6213.0
6,B6,ORH,59,4,-135.0
6,B6,PBI,468,118,7250.0
6,B6,PDX,156,34,1510.0
6,B6,PHL,145,41,2925.0
6,B6,PHX,60,18,967.0
6,B6,PIT,145,25,582.0
6,B6,PSE,72,14,229.0
6,B6,PVD,89,11,160.0
6,B6,PWM,118,15,1049.0
6,B6,RDU,251,49,2417.0
6,B6,RIC,204,30,920.0
6,B6,RNO,22,10,455.0
6,B6,ROC,103,16,600.0
6,B6,RSW,239,52,3367.0
6,B6,SAN,118,20,1277.0
6,B6,SAV,90,25,2226.0
6,B6,SEA,238,73,3743.0
6,B6,SFO,444,91,5121.0
6,B6,SJC,59,15,593.0
6,B6,SJU,942,168,8005.0
6,B6,SLC,119,35,1695.0
6,B6,SMF,96,24,1108.0
6,B6,SRQ,59,17,1346.0
6,B6,STT,62,5,251.0
6,B6,STX,30,4,120.0
6,B6,SWF,61,6,-34.0
6,B6,SYR,115,11,-68.0
6,B6,TPA,498,139,9399.0
6,DL,ABE,30,0,-106.0
6,DL,ABQ,120,8,604.0
6,DL,AGS,68,16,1103.0
6,DL,ALB,116,10,477.0
6,DL,ANC,287,35,3058.0
6,DL,ATL,20727,4113,270534.0
6,DL,ATW,31,1,-68.0
6,DL,AUS,370,49,4113.0
6,DL,AVL,59,11,1188.0
6,DL,AVP,4,0,7.0
6,DL,BDL,420,53,2690.0
6,DL,BGR,30,2,471.0
6,DL,BHM,301,25,1077.0
6,DL,BIL,117,7,-18.0
6,DL,BIS,3,0,-14.0
6,DL,BNA,441,77,5567.0
6,DL,BOI,158,9,360.0
6,DL,BOS,1458,281,17585.0
6,DL,BTR,48,9,674.0
6,DL,BTV,26,5,161.0
6,DL,BUF,240,24,1186.0
6,DL,BWI,613,114,12332.0
6,DL,BZN,129,8,-156.0
6,DL,CAE,82,11,1139.0
6,DL,CAK,130,10,438.0
6,DL,CHA,81,7,172.0
6,DL,CHO,29,1,16.0
6,DL,CHS,374,62,4372.0
6,DL,CLE,230,27,1223.0
6,DL,CLT,593,97,7207.0
6,DL,CMH,303,37,1792.0
6,DL,COS,29,5,841.0
6,DL,CRW,30,0,-40.0
6,DL,CVG,543,62,4053.0
6,DL,DAB,149,18,866.0
6,DL,DAL,132,16,1162.0
6,DL,DAY,120,24,1567.0
6,DL,DCA,812,174,16165.0
6,DL,DEN,663,108,6894.0
6,DL,DFW,515,78,5463.0
6,DL,DLH,38,4,56.0
6,DL,DSM,89,15,1438.0
6,DL,DTW,4792,922,56935.0
6,DL,ECP,180,20,1256.0
6,DL,ELP,60,7,145.0
6,DL,EVV,26,1,121.0
6,DL,EWR,483,99,8938.0
6,DL,EYW,89,9,1354.0
6,DL,FAI,60,7,336.0
6,DL,FAR,59,3,219.0
6,DL,FAY,56,4,157.0
6,DL,FCA,60,5,47.0
6,DL,FLL,921,141,7478.0
6,DL,FNT,86,7,22.0
6,DL,FSD,4,0,-19.0
6,DL,GEG,164,15,645.0
6,DL,GNV,6,0,-24.0
6,DL,GPT,88,14,446.0
6,DL,GRB,111,14,700.0
6,DL,GRR,276,27,1133.0
6,DL,GSO,181,16,602.0
6,DL,GSP,163,23,1730.0
6,DL,HNL,259,32,4054.0
6,DL,HOU,96,14,807.0
6,DL,HSV,140,18,1511.0
6,DL,IAD,226,46,2656.0
6,DL,IAH,356,79,5196.0
6,DL,ICT,87,9,296.0
6,DL,ILM,31,0,-119.0
6,DL,IND,428,67,4445.0
6,DL,JAC,105,6,-341.0
6,DL,JAN,211,28,1262.0
6,DL,JAX,397,73,5253.0
6,DL,JFK,2476,496,26741.0
6,DL,JNU,30,1,9.0
6,DL,KOA,29,2,95.0
6,DL,LAN,2,0,-15.0
6,DL,LAS,973,123,8711.0
6,DL,LAX,2473,532,32482.0
6,DL,LEX,63,1,-143.0
6,DL,LFT,30,1,13.0
6,DL,LGA,2278,539,36812.0
6,DL,LIH,30,4,760.0
6,DL,LIT,196,25,2555.0
6,DL,MCI,508,77,4528.0
6,DL,MCO,1396,279,17850.0
6,DL,MDT,86,8,274.0
6,DL,MDW,255,54,3938.0
6,DL,MEM,393,46,2751.0
6,DL,MHT,33,2,-23.0
6,DL,MIA,746,135,8290.0
6,DL,MKE,456,56,3191.0
6,DL,MLB,115,19,1128.0
6,DL,MOB,39,2,39.0
6,DL,MSN,198,20,1055.0
6,DL,MSO,84,6,67.0
6,DL,MSP,5804,899,42488.0
6,DL,MSY,593,85,6708.0
6,DL,MYR,118,10,474.0
6,DL,OAK,80,8,315.0
6,DL,OGG,90,18,1620.0
6,DL,OKC,141,16,1274.0
6,DL,OMA,235,27,2072.0
6,DL,ONT,2,0,-5.0
6,DL,ORD,669,237,19857.0
6,DL,ORF,262,29,2350.0
6,DL,PBI,475,99,7289.0
6,DL,PDX,599,84,3909.0
6,DL,PHF,4,0,-9.0
6,DL,PHL,666,133,9500.0
6,DL,PHX,611,66,2426.0
6,DL,PIT,367,69,4079.0
6,DL,PNS,206,26,1035.0
6,DL,PSC,29,2,8.0
6,DL,PSP,1,0,-3.0
6,DL,PVD,155,20,1094.0
6,DL,PWM,116,15,1433.0
6,DL,RAP,26,2,-40.0
6,DL,RDU,505,100,7494.0
6,DL,RIC,250,41,3516.0
6,DL,RNO,87,3,54.0
6,DL,ROA,30,3,31.0
6,DL,ROC,125,12,463.0
6,DL,RSW,392,46,2482.0
6,DL,SAN,589,33,1147.0
6,DL,SAT,299,37,3379.0
6,DL,SAV,312,57,3726.0
6,DL,SDF,249,38,3217.0
6,DL,SEA,1431,245,10555.0
6,DL,SFO,1038,208,11914.0
6,DL,SGF,30,1,-60.0
6,DL,SHV,26,6,695.0
6,DL,SJC,112,11,706.0
6,DL,SJU,268,28,1086.0
6,DL,SLC,3295,432,18659.0
6,DL,SMF,195,29,1454.0
6,DL,SNA,232,23,1159.0
6,DL,SRQ,203,19,463.0
6,DL,STL,467,64,3419.0
6,DL,STT,93,10,373.0
6,DL,STX,4,1,34.0
6,DL,SYR,122,12,399.0
6,DL,TLH,94,8,527.0
6,DL,TPA,919,171,12287.0
6,DL,TRI,31,4,107.0
6,DL,TUL,83,14,712.0
6,DL,TUS,58,8,44.0
6,DL,TVC,76,4,70.0
6,DL,TYS,74,16,1070.0
6,DL,VPS,184,27,2226.0
6,DL,XNA,66,4,278.0
6,EV,ABE,170,32,2652.0
6,EV,ABQ,12,5,472.0
6,EV,ABY,75,19,1494.0
6,EV,ACT,133,25,2420.0
6,EV,AEX,199,28,1038.0
6,EV,AGS,148,24,1641.0
6,EV,ALB,20,3,206.0
6,EV,AMA,128,24,2691.0
6,EV,ATL,5435,1243,67064.0
6,EV,ATW,86,18,874.0
6,EV,AUS,21,1,-7.0
6,EV,AVL,167,34,2175.0
6,EV,AVP,105,21,1458.0
6,EV,AZO,2,0,-21.0
6,EV,BDL,82,11,1069.0
6,EV,BGM,43,5,345.0
6,EV,BGR,14,2,351.0
6,EV,BHM,328,69,4986.0
6,EV,BIL,2,0,-14.0
6,EV,BIS,2,0,0.0
6,EV,BMI,104,15,333.0
6,EV,BNA,252,62,3634.0
6,EV,BOS,221,44,2539.0
6,EV,BPT,27,2,218.0
6,EV,BQK,75,12,723.0
6,EV,BRO,225,41,2280.0
6,EV,BTR,573,135,9303.0
6,EV,BTV,145,42,3253.0
6,EV,BUF,100,17,998.0
6,EV,BWI,8,0,-31.0
6,EV,CAE,367,76,4520.0
6,EV,CAK,124,19,977.0
6,EV,CHA,273,68,4293.0
6,EV,CHO,57,8,731.0
6,EV,CHS,267,70,5419.0
6,EV,CID,177,44,3580.0
6,EV,CLE,858,172,10590.0
6,EV,CLL,78,7,12.0
6,EV,CLT,370,107,8686.0
6,EV,CMH,248,79,4798.0
6,EV,COS,38,6,295.0
6,EV,CRP,219,36,1525.0
6,EV,CRW,182,53,3772.0
6,EV,CSG,76,7,143.0
6,EV,CVG,326,94,6569.0
6,EV,CWA,53,11,613.0
6,EV,DAL,8,3,107.0
6,EV,DAY,163,48,4284.0
6,EV,DCA,234,52,3029.0
6,EV,DEN,412,112,7050.0
6,EV,DFW,2471,808,59910.0
6,EV,DHN,111,17,1292.0
6,EV,DIK,7,0,-48.0
6,EV,DRO,8,2,90.0
6,EV,DSM,103,40,3748.0
6,EV,DTW,1920,393,23289.0
6,EV,ECP,74,13,1383.0
6,EV,ELM,185,36,2228.0
6,EV,ELP,144,16,1222.0
6,EV,ERI,55,7,570.0
6,EV,EVV,212,47,3998.0
6,EV,EWN,47,6,391.0
6,EV,EWR,2811,819,51561.0
6,EV,EYW,30,8,1161.0
6,EV,FAR,141,34,1919.0
6,EV,FAY,90,14,1089.0
6,EV,FNT,80,15,943.0
6,EV,FSD,171,36,2642.0
6,EV,FSM,166,25,892.0
6,EV,FWA,13,1,174.0
6,EV,GCK,3,1,24.0
6,EV,GGG,3,1,10.0
6,EV,GJT,35,7,288.0
6,EV,GNV,189,41,2760.0
6,EV,GPT,243,54,3740.0
6,EV,GRB,150,22,982.0
6,EV,GRK,303,55,3114.0
6,EV,GRR,137,30,1282.0
6,EV,GSO,239,67,4705.0
6,EV,GSP,261,52,3144.0
6,EV,GTR,85,9,145.0
6,EV,GUC,4,0,-20.0
6,EV,HDN,5,0,-29.0
6,EV,HOB,55,6,757.0
6,EV,HOU,102,30,2271.0
6,EV,HPN,252,71,6390.0
6,EV,HRL,103,16,547.0
6,EV,HSV,220,48,3847.0
6,EV,IAD,144,26,1461.0
6,EV,IAH,5447,1092,63639.0
6,EV,ICT,179,51,3290.0
6,EV,ILM,160,27,1786.0
6,EV,IND,234,58,3967.0
6,EV,ISN,31,5,74.0
6,EV,JAN,381,71,4068.0
6,EV,JAX,127,33,1745.0
6,EV,LAN,84,17,1054.0
6,EV,LAW,51,14,963.0
6,EV,LBB,93,17,826.0
6,EV,LCH,114,20,1194.0
6,EV,LEX,409,74,5019.0
6,EV,LFT,352,66,3974.0
6,EV,LGA,779,219,16974.0
6,EV,LIT,281,66,5270.0
6,EV,LNK,123,24,2064.0
6,EV,LRD,112,22,1548.0
6,EV,MAF,156,34,2343.0
6,EV,MBS,5,1,-3.0
6,EV,MCI,346,74,3837.0
6,EV,MCO,3,2,281.0
6,EV,MDT,66,12,552.0
6,EV,MDW,114,24,1898.0
6,EV,MEI,82,24,1374.0
6,EV,MEM,286,95,6276.0
6,EV,MFE,87,11,337.0
6,EV,MGM,224,50,2884.0
6,EV,MHT,159,32,2698.0
6,EV,MKE,253,52,2891.0
6,EV,MLB,20,9,560.0
6,EV,MLI,102,24,1584.0
6,EV,MLU,279,53,3997.0
6,EV,MOB,327,52,3110.0
6,EV,MOT,2,0,-5.0
6,EV,MSN,225,53,3629.0
6,EV,MSP,609,161,10890.0
6,EV,MSY,47,10,1017.0
6,EV,MTJ,6,1,21.0
6,EV,MYR,62,11,576.0
6,EV,OAJ,102,18,1010.0
6,EV,OKC,125,42,4268.0
6,EV,OMA,191,50,3870.0
6,EV,ORD,3695,950,58705.0
6,EV,ORF,144,35,2114.0
6,EV,PBI,21,8,660.0
6,EV,PHF,104,21,1456.0
6,EV,PHL,8,2,32.0
6,EV,PHX,1,0,6.0
6,EV,PIA,173,49,4207.0
6,EV,PIB,52,11,609.0
6,EV,PIT,82,19,822.0
6,EV,PNS,173,38,1562.0
6,EV,PVD,58,19,1438.0
6,EV,PWM,169,42,2860.0
6,EV,RAP,81,11,331.0
6,EV,RDU,222,54,4916.0
6,EV,RIC,498,132,7759.0
6,EV,ROA,191,48,2788.0
6,EV,ROC,103,23,708.0
6,EV,RST,59,12,842.0
6,EV,RSW,16,4,143.0
6,EV,SAF,63,13,979.0
6,EV,SAT,67,18,2532.0
6,EV,SAV,263,76,6499.0
6,EV,SBN,58,12,579.0
6,EV,SCE,84,19,1678.0
6,EV,SDF,213,49,3393.0
6,EV,SGF,167,43,3522.0
6,EV,SHV,522,120,8835.0
6,EV,SLC,4,2,126.0
6,EV,SPI,52,5,477.0
6,EV,SPS,10,1,-31.0
6,EV,STL,284,96,7438.0
6,EV,SWF,1,0,-6.0
6,EV,SYR,65,10,699.0
6,EV,TLH,150,45,3991.0
6,EV,TRI,163,27,1566.0
6,EV,TUL,243,50,3326.0
6,EV,TUS,28,1,-46.0
6,EV,TVC,82,14,782.0
6,EV,TXK,51,4,79.0
6,EV,TYR,202,48,3010.0
6,EV,TYS,488,120,7257.0
6,EV,VLD,86,16,874.0
6,EV,VPS,306,91,6961.0
6,EV,XNA,236,70,4851.0
6,F9,ATL,528,184,14283.0
6,F9,AUS,148,46,2560.0
6,F9,BIS,13,3,211.0
6,F9,BNA,30,7,353.0
6,F9,BZN,17,2,-114.0
6,F9,CID,13,1,0.0
6,F9,CLE,290,65,5281.0
6,F9,CLT,59,16,1195.0
6,F9,CVG,239,90,7492.0
6,F9,DCA,88,9,597.0
6,F9,DEN,1932,413,22556.0
6,F9,DFW,112,39,2670.0
6,F9,DSM,17,3,188.0
6,F9,DTW,77,15,781.0
6,F9,FLL,46,12,928.0
6,F9,FSD,13,3,225.0
6,F9,GSO,17,2,67.0
6,F9,IAD,208,54,3230.0
6,F9,IAH,140,53,4440.0
6,F9,IND,72,11,1291.0
6,F9,LAS,426,152,11046.0
6,F9,LAX,141,33,1798.0
6,F9,LGA,88,28,2910.0
6,F9,MCI,30,5,1464.0
6,F9,MCO,373,119,8949.0
6,F9,MEM,43,10,495.0
6,F9,MIA,179,50,4253.0
6,F9,MKE,30,5,130.0
6,F9,MSN,17,2,-35.0
6,F9,MSO,13,3,239.0
6,F9,MSP,195,58,4847.0
6,F9,MSY,58,23,1896.0
6,F9,OMA,17,5,127.0
6,F9,ORD,479,219,15409.0
6,F9,PDX,89,11,1503.0
6,F9,PHL,267,88,6939.0
6,F9,PHX,147,36,2114.0
6,F9,RDU,108,32,2510.0
6,F9,RSW,88,26,1578.0
6,F9,SAN,84,18,584.0
6,F9,SEA,88,25,1256.0
6,F9,SFO,180,33,1437.0
6,F9,SLC,115,28,2018.0
6,F9,SNA,60,11,75.0
6,F9,STL,59,6,604.0
6,F9,TPA,118,32,2912.0
6,F9,TTN,265,45,3939.0
6,F9,TYS,13,4,90.0
6,F9,UST,10,2,28.0
6,HA,HNL,2839,116,-5141.0
6,HA,ITO,513,15,-1831.0
6,HA,JFK,30,1,-108.0
6,HA,KOA,766,22,-2632.0
6,HA,LAS,72,5,963.0
6,HA,LAX,167,7,-215.0
6,HA,LIH,711,27,-1758.0
6,HA,OAK,88,7,122.0
6,HA,OGG,1170,81,567.0
6,HA,PDX,30,1,-57.0
6,HA,PHX,30,0,-116.0
6,HA,PPG,11,1,-40.0
6,HA,SAN,30,3,35.0
6,HA,SEA,60,2,735.0
6,HA,SFO,60,3,991.0
6,HA,SJC,60,4,361.0
6,HA,SMF,30,0,10.0
6,MQ,ABI,206,29,2165.0
6,MQ,ABQ,5,0,-14.0
6,MQ,ACT,6,1,-9.0
6,MQ,AEX,86,16,1191.0
6,MQ,ALO,53,7,177.0
6,MQ,AMA,139,36,1446.0
6,MQ,ASE,54,20,1443.0
6,MQ,ATL,152,42,2884.0
6,MQ,AZO,111,16,457.0
6,MQ,BDL,49,18,1106.0
6,MQ,BHM,83,15,2185.0
6,MQ,BIS,58,12,1448.0
6,MQ,BMI,140,20,674.0
6,MQ,BNA,376,95,6334.0
6,MQ,BPT,60,15,424.0
6,MQ,BRO,3,0,-9.0
6,MQ,BTR,26,6,167.0
6,MQ,BUF,129,24,1347.0
6,MQ,BWI,103,24,2522.0
6,MQ,CHA,38,10,442.0
6,MQ,CHO,1,0,-4.0
6,MQ,CID,250,48,2608.0
6,MQ,CLE,191,35,1695.0
6,MQ,CLL,143,18,970.0
6,MQ,CMH,398,99,6630.0
6,MQ,CMI,169,24,999.0
6,MQ,COU,110,33,3020.0
6,MQ,CRP,39,10,257.0
6,MQ,CVG,444,71,3378.0
6,MQ,CWA,54,4,205.0
6,MQ,DAY,116,22,1346.0
6,MQ,DBQ,81,10,376.0
6,MQ,DCA,25,7,452.0
6,MQ,DFW,4719,1311,69326.0
6,MQ,DRO,89,18,1786.0
6,MQ,DSM,159,35,2126.0
6,MQ,DTW,159,43,2498.0
6,MQ,ELP,58,11,950.0
6,MQ,EVV,137,29,1820.0
6,MQ,EWR,42,17,967.0
6,MQ,EYW,27,8,526.0
6,MQ,FAR,110,15,943.0
6,MQ,FNT,83,14,459.0
6,MQ,FSD,79,16,953.0
6,MQ,FSM,3,0,-26.0
6,MQ,FWA,166,31,1957.0
6,MQ,GCK,56,6,127.0
6,MQ,GGG,56,12,649.0
6,MQ,GJT,86,15,1381.0
6,MQ,GNV,44,11,553.0
6,MQ,GPT,10,4,258.0
6,MQ,GRB,109,24,1295.0
6,MQ,GRI,55,7,236.0
6,MQ,GRK,62,12,976.0
6,MQ,GRR,248,37,2695.0
6,MQ,GSO,118,26,1313.0
6,MQ,GSP,58,9,212.0
6,MQ,HOU,121,18,1027.0
6,MQ,HPN,82,18,858.0
6,MQ,HSV,75,20,1172.0
6,MQ,ICT,84,41,2452.0
6,MQ,IND,152,25,703.0
6,MQ,JAN,86,21,933.0
6,MQ,JAX,74,21,1095.0
6,MQ,JFK,307,66,3762.0
6,MQ,JLN,59,10,557.0
6,MQ,LAW,63,11,872.0
6,MQ,LAX,25,6,521.0
6,MQ,LBB,14,6,198.0
6,MQ,LCH,58,14,448.0
6,MQ,LEX,84,16,1695.0
6,MQ,LFT,108,13,320.0
6,MQ,LGA,815,245,11667.0
6,MQ,LIT,255,78,5542.0
6,MQ,LRD,84,16,752.0
6,MQ,LSE,110,22,1637.0
6,MQ,MAF,35,10,789.0
6,MQ,MDT,77,22,1370.0
6,MQ,MEM,111,22,565.0
6,MQ,MGM,60,15,782.0
6,MQ,MHK,140,19,863.0
6,MQ,MIA,446,93,4710.0
6,MQ,MLI,161,31,1643.0
6,MQ,MOB,87,24,1025.0
6,MQ,MQT,24,4,125.0
6,MQ,MSN,242,47,1786.0
6,MQ,MSP,2,2,61.0
6,MQ,MSY,24,5,213.0
6,MQ,MTJ,21,4,41.0
6,MQ,OKC,268,83,6162.0
6,MQ,OMA,84,15,1609.0
6,MQ,ORD,5760,1495,76788.0
6,MQ,ORF,41,14,448.0
6,MQ,PIA,159,25,867.0
6,MQ,PIT,46,12,1083.0
6,MQ,PNS,161,34,1651.0
6,MQ,RAP,86,19,657.0
6,MQ,RDU,258,70,3934.0
6,MQ,RIC,107,29,2063.0
6,MQ,ROC,114,19,681.0
6,MQ,ROW,88,12,596.0
6,MQ,RST,115,11,520.0
6,MQ,SAF,87,14,562.0
6,MQ,SAT,44,13,673.0
6,MQ,SAV,80,28,1745.0
6,MQ,SDF,31,6,298.0
6,MQ,SGF,338,49,2655.0
6,MQ,SJT,144,16,743.0
6,MQ,SPI,7,0,10.0
6,MQ,SPS,105,18,685.0
6,MQ,STL,98,41,2031.0
6,MQ,SUX,53,7,317.0
6,MQ,SYR,109,23,1607.0
6,MQ,TLH,34,2,-168.0
6,MQ,TOL,85,10,154.0
6,MQ,TUL,203,62,3300.0
6,MQ,TVC,115,16,809.0
6,MQ,TXK,36,4,18.0
6,MQ,TYR,13,0,-76.0
6,MQ,TYS,87,21,1576.0
6,MQ,VPS,6,0,-10.0
6,MQ,XNA,402,95,7346.0
6,NK,ACY,317,120,9879.0
6,NK,ATL,353,178,15534.0
6,NK,BOS,230,77,6915.0
6,NK,BQN,18,7,521.0
6,NK,BWI,267,119,9576.0
6,NK,CLE,231,95,7236.0
6,NK,CRW,13,2,33.0
6,NK,DEN,372,149,12841.0
6,NK,DFW,799,326,24494.0
6,NK,DTW,585,270,22065.0
6,NK,FLL,979,334,24525.0
6,NK,IAG,25,8,650.0
6,NK,IAH,481,290,25115.0
6,NK,LAS,801,388,30186.0
6,NK,LAX,370,198,19684.0
6,NK,LBE,132,46,2968.0
6,NK,LGA,299,112,7241.0
6,NK,MCI,117,43,2755.0
6,NK,MCO,366,157,12659.0
6,NK,MSP,270,149,10887.0
6,NK,MSY,136,72,7031.0
6,NK,MYR,373,123,8613.0
6,NK,OAK,143,51,4121.0
6,NK,ORD,927,585,48038.0
6,NK,PBG,21,7,434.0
6,NK,PDX,82,38,2683.0
6,NK,PHL,122,65,5467.0
6,NK,PHX,58,18,1169.0
6,NK,RSW,54,28,1973.0
6,NK,SAN,176,42,3335.0
6,NK,SJU,59,26,1731.0
6,NK,STT,30,6,143.0
6,NK,TPA,141,66,6971.0
6,OO,ABE,1,0,-1.0
6,OO,ABQ,399,43,1242.0
6,OO,ABR,60,7,467.0
6,OO,ACV,106,16,975.0
6,OO,AMA,66,8,137.0
6,OO,APN,51,7,418.0
6,OO,ASE,169,32,1681.0
6,OO,ATL,295,64,6038.0
6,OO,ATW,88,17,1452.0
6,OO,AUS,251,37,2376.0
6,OO,AVL,87,17,1460.0
6,OO,AZO,38,11,433.0
6,OO,BDL,94,21,2159.0
6,OO,BFL,260,53,2304.0
6,OO,BHM,101,24,1684.0
6,OO,BIL,99,5,-61.0
6,OO,BIS,244,37,2148.0
6,OO,BJI,60,4,86.0
6,OO,BMI,17,1,74.0
6,OO,BNA,271,38,3710.0
6,OO,BOI,552,84,5723.0
6,OO,BOS,29,7,289.0
6,OO,BRD,52,3,-10.0
6,OO,BTM,60,3,-378.0
6,OO,BUF,30,11,308.0
6,OO,BUR,360,47,1613.0
6,OO,BZN,158,22,383.0
6,OO,CAE,3,0,-16.0
6,OO,CDC,52,3,22.0
6,OO,CHO,87,29,2570.0
6,OO,CHS,37,16,1303.0
6,OO,CID,200,50,3711.0
6,OO,CIU,23,3,66.0
6,OO,CLE,19,3,72.0
6,OO,CLT,52,26,1940.0
6,OO,CMH,70,19,1361.0
6,OO,CMX,55,4,1.0
6,OO,COD,89,17,863.0
6,OO,COS,485,104,7379.0
6,OO,CPR,164,24,970.0
6,OO,CVG,356,91,6651.0
6,OO,CWA,4,0,30.0
6,OO,DAY,153,29,1766.0
6,OO,DCA,101,28,2670.0
6,OO,DEN,4169,944,51656.0
6,OO,DFW,403,102,6138.0
6,OO,DIK,58,4,-184.0
6,OO,DLH,133,25,1804.0
6,OO,DRO,107,11,357.0
6,OO,DSM,154,26,1752.0
6,OO,DTW,875,157,8478.0
6,OO,DVL,47,6,235.0
6,OO,EAU,54,11,1073.0
6,OO,EKO,54,1,-446.0
6,OO,ELP,150,21,890.0
6,OO,ESC,50,6,1024.0
6,OO,EUG,344,41,1635.0
6,OO,EVV,3,0,-11.0
6,OO,FAR,235,42,2139.0
6,OO,FAT,566,97,4833.0
6,OO,FCA,141,15,56.0
6,OO,FLG,169,23,2283.0
6,OO,FNT,68,8,415.0
6,OO,FSD,230,44,2587.0
6,OO,FWA,304,47,3553.0
6,OO,GCC,86,8,383.0
6,OO,GEG,215,24,982.0
6,OO,GFK,80,9,24.0
6,OO,GJT,221,21,266.0
6,OO,GRB,105,20,1498.0
6,OO,GRR,55,10,350.0
6,OO,GTF,204,12,567.0
6,OO,GUC,13,6,473.0
6,OO,HIB,74,9,826.0
6,OO,HLN,138,11,577.0
6,OO,HYS,52,10,352.0
6,OO,IAD,49,6,222.0
6,OO,IAH,1440,449,28237.0
6,OO,ICT,259,59,3695.0
6,OO,IDA,226,22,403.0
6,OO,IMT,56,5,-59.0
6,OO,IND,48,20,1588.0
6,OO,INL,51,7,730.0
6,OO,ISN,208,21,752.0
6,OO,JAC,46,3,-214.0
6,OO,JAX,29,23,1307.0
6,OO,JMS,73,9,-46.0
6,OO,KTN,30,6,343.0
6,OO,LAN,67,6,140.0
6,OO,LAR,48,4,165.0
6,OO,LAS,171,24,1422.0
6,OO,LAX,3292,700,36438.0
6,OO,LBB,49,7,776.0
6,OO,LEX,34,8,308.0
6,OO,LGA,8,1,95.0
6,OO,LGB,112,11,202.0
6,OO,LIT,97,20,1230.0
6,OO,LNK,75,8,231.0
6,OO,LSE,42,5,57.0
6,OO,LWS,56,1,-282.0
6,OO,MAF,139,28,2304.0
6,OO,MBS,146,26,2023.0
6,OO,MCI,144,41,2455.0
6,OO,MDT,7,2,123.0
6,OO,MDW,41,5,523.0
6,OO,MEM,77,15,1161.0
6,OO,MFE,78,21,1111.0
6,OO,MFR,209,26,869.0
6,OO,MIA,5,1,12.0
6,OO,MKE,613,125,7374.0
6,OO,MKG,55,14,783.0
6,OO,MLI,57,12,562.0
6,OO,MOT,176,22,985.0
6,OO,MRY,239,38,2244.0
6,OO,MSN,145,19,518.0
6,OO,MSO,134,15,155.0
6,OO,MSP,2581,375,18600.0
6,OO,MSY,58,10,503.0
6,OO,MTJ,56,6,192.0
6,OO,OAK,221,30,1713.0
6,OO,OKC,244,41,3300.0
6,OO,OMA,158,29,1713.0
6,OO,ONT,490,81,4204.0
6,OO,ORD,3636,1059,70146.0
6,OO,ORF,75,30,2192.0
6,OO,OTH,32,4,-22.0
6,OO,PAH,55,7,473.0
6,OO,PDX,433,54,2741.0
6,OO,PHX,1864,317,16995.0
6,OO,PIA,32,7,533.0
6,OO,PIH,56,0,-544.0
6,OO,PIT,25,6,467.0
6,OO,PLN,87,8,533.0
6,OO,PSC,171,28,397.0
6,OO,PSP,324,56,3503.0
6,OO,PUB,6,1,35.0
6,OO,PVD,5,1,15.0
6,OO,RAP,211,39,2058.0
6,OO,RDD,58,18,692.0
6,OO,RDM,223,36,1087.0
6,OO,RDU,4,4,179.0
6,OO,RHI,86,9,300.0
6,OO,RKS,55,11,429.0
6,OO,RNO,313,70,3862.0
6,OO,RST,16,5,314.0
6,OO,RSW,9,2,157.0
6,OO,SAF,29,4,602.0
6,OO,SAN,565,105,5288.0
6,OO,SAT,382,70,3479.0
6,OO,SBA,580,85,2992.0
6,OO,SBN,340,64,5406.0
6,OO,SBP,236,31,1555.0
6,OO,SDF,42,7,159.0
6,OO,SEA,1147,170,6841.0
6,OO,SFO,2870,614,31847.0
6,OO,SGF,99,22,1601.0
6,OO,SGU,148,14,647.0
6,OO,SHV,25,5,392.0
6,OO,SIT,30,0,-151.0
6,OO,SJC,565,79,3609.0
6,OO,SLC,3980,455,13879.0
6,OO,SMF,508,96,4066.0
6,OO,SMX,58,3,-105.0
6,OO,SNA,240,40,1582.0
6,OO,SPI,85,19,1722.0
6,OO,STL,99,19,1482.0
6,OO,SUN,76,7,68.0
6,OO,SYR,3,0,8.0
6,OO,TUL,161,31,2069.0
6,OO,TUS,504,88,3451.0
6,OO,TVC,21,2,-104.0
6,OO,TWF,86,0,-508.0
6,OO,VPS,28,7,528.0
6,OO,WYS,51,4,321.0
6,OO,XNA,153,34,2526.0
6,OO,YUM,168,21,679.0
6,UA,ABQ,49,18,1445.0
6,UA,ALB,77,11,416.0
6,UA,ANC,165,82,6181.0
6,UA,ATL,372,146,10664.0
6,UA,AUS,404,98,8078.0
6,UA,BDL,71,30,2463.0
6,UA,BIL,60,8,244.0
6,UA,BNA,52,11,860.0
6,UA,BOI,51,14,1462.0
6,UA,BOS,1178,377,26255.0
6,UA,BQN,30,17,1002.0
6,UA,BUF,58,14,968.0
6,UA,BWI,321,116,8702.0
6,UA,BZN,55,16,801.0
6,UA,CLE,614,156,10800.0
6,UA,CMH,64,16,1184.0
6,UA,DCA,472,153,11455.0
6,UA,DEN,4434,1611,108558.0
6,UA,DFW,422,107,8904.0
6,UA,DSM,76,20,1940.0
6,UA,DTW,83,25,2299.0
6,UA,EGE,3,0,-5.0
6,UA,EWR,4038,1597,110842.0
6,UA,FAI,25,20,1985.0
6,UA,FLL,379,99,6444.0
6,UA,GEG,55,11,1249.0
6,UA,GRR,76,18,1862.0
6,UA,GUM,30,10,1386.0
6,UA,HNL,504,91,6760.0
6,UA,IAD,1869,657,47910.0
6,UA,IAH,5110,1999,146638.0
6,UA,ICT,55,23,1384.0
6,UA,IND,132,33,2111.0
6,UA,ITO,29,5,280.0
6,UA,JAC,125,36,2231.0
6,UA,JAX,4,1,30.0
6,UA,JFK,367,56,3760.0
6,UA,KOA,131,23,1182.0
6,UA,LAS,991,242,16494.0
6,UA,LAX,2719,874,56634.0
6,UA,LGA,729,204,19492.0
6,UA,LIH,90,14,287.0
6,UA,MCI,55,29,2754.0
6,UA,MCO,1045,394,31968.0
6,UA,MDT,51,16,1697.0
6,UA,MFE,42,12,1708.0
6,UA,MIA,204,57,4359.0
6,UA,MSN,44,15,827.0
6,UA,MSP,366,118,10308.0
6,UA,MSY,349,120,8021.0
6,UA,OGG,244,53,4081.0
6,UA,OKC,63,10,523.0
6,UA,OMA,117,41,2870.0
6,UA,ORD,5592,2386,180874.0
6,UA,PBI,142,45,2801.0
6,UA,PDX,560,122,7015.0
6,UA,PHL,364,109,8501.0
6,UA,PHX,392,95,6258.0
6,UA,PIT,235,60,2747.0
6,UA,PVD,21,6,256.0
6,UA,RDU,240,80,6000.0
6,UA,RIC,26,8,1695.0
6,UA,RNO,59,11,490.0
6,UA,ROC,4,0,30.0
6,UA,RSW,121,21,801.0
6,UA,SAN,763,197,11726.0
6,UA,SAT,257,55,4371.0
6,UA,SEA,973,322,20884.0
6,UA,SFO,4402,1406,91099.0
6,UA,SJC,138,26,1789.0
6,UA,SJU,163,73,5379.0
6,UA,SLC,62,25,1831.0
6,UA,SMF,231,55,3680.0
6,UA,SNA,470,123,9017.0
6,UA,SRQ,27,7,225.0
6,UA,STL,47,29,2878.0
6,UA,STT,23,8,394.0
6,UA,TPA,505,130,10118.0
6,UA,TUL,13,2,100.0
6,US,ABQ,26,4,126.0
6,US,ALB,58,5,277.0
6,US,ANC,29,6,140.0
6,US,ATL,518,79,4479.0
6,US,AUS,78,14,1084.0
6,US,BDL,156,17,439.0
6,US,BNA,135,16,772.0
6,US,BOI,82,14,638.0
6,US,BOS,1511,193,7186.0
6,US,BUF,112,13,247.0
6,US,BWI,317,54,3940.0
6,US,CLE,140,10,-79.0
6,US,CLT,7278,1534,85670.0
6,US,CMH,88,13,533.0
6,US,DCA,1626,246,12451.0
6,US,DEN,438,65,4708.0
6,US,DFW,549,92,4846.0
6,US,DTW,278,38,1303.0
6,US,EWR,352,52,2465.0
6,US,FLL,434,53,2909.0
6,US,GEG,58,2,-152.0
6,US,HNL,89,21,923.0
6,US,IAH,449,57,2827.0
6,US,IND,159,18,742.0
6,US,JAX,220,33,808.0
6,US,JFK,234,47,2476.0
6,US,KOA,30,0,-279.0
6,US,LAS,532,50,1088.0
6,US,LAX,714,91,4657.0
6,US,LGA,1036,144,6888.0
6,US,LIH,45,1,-130.0
6,US,MCI,222,27,995.0
6,US,MCO,771,120,6775.0
6,US,MEM,60,7,183.0
6,US,MIA,300,48,2249.0
6,US,MKE,59,4,19.0
6,US,MSP,360,56,1591.0
6,US,MSY,176,30,1709.0
6,US,OAK,60,8,279.0
6,US,OGG,56,10,251.0
6,US,OMA,55,2,-189.0
6,US,ONT,118,7,-12.0
6,US,ORD,572,122,6889.0
6,US,ORF,44,2,370.0
6,US,PBI,227,27,603.0
6,US,PDX,232,21,523.0
6,US,PHL,3539,725,45397.0
6,US,PHX,5102,866,41185.0
6,US,PIT,389,49,2015.0
6,US,PVD,84,11,428.0
6,US,PWM,29,4,103.0
6,US,RDU,270,45,2369.0
6,US,RIC,128,14,166.0
6,US,RNO,112,9,-198.0
6,US,ROC,4,0,-21.0
6,US,RSW,178,19,559.0
6,US,SAN,319,29,450.0
6,US,SAT,59,9,161.0
6,US,SEA,397,57,2726.0
6,US,SFO,502,54,1536.0
6,US,SJC,145,13,32.0
6,US,SJU,179,28,511.0
6,US,SLC,206,19,601.0
6,US,SMF,207,42,1976.0
6,US,SNA,149,8,-244.0
6,US,STL,191,35,1497.0
6,US,STT,54,13,522.0
6,US,STX,4,0,3.0
6,US,SYR,56,8,178.0
6,US,TPA,592,77,2957.0
6,VX,AUS,192,14,397.0
6,VX,BOS,176,35,1276.0
6,VX,DAL,518,115,7319.0
6,VX,DCA,112,18,1039.0
6,VX,EWR,180,28,2508.0
6,VX,FLL,60,9,245.0
6,VX,IAD,148,17,1254.0
6,VX,JFK,325,37,2416.0
6,VX,LAS,321,55,2952.0
6,VX,LAX,1076,162,9841.0
6,VX,LGA,106,29,2221.0
6,VX,MCO,30,3,208.0
6,VX,ORD,149,35,1279.0
6,VX,PDX,30,1,-103.0
6,VX,SAN,171,29,872.0
6,VX,SEA,193,35,1524.0
6,VX,SFO,1452,210,10297.0
6,WN,ABQ,1038,270,15820.0
6,WN,ALB,358,56,2810.0
6,WN,AMA,137,14,583.0
6,WN,ATL,3560,1122,73243.0
6,WN,AUS,1587,330,18557.0
6,WN,BDL,538,106,7079.0
6,WN,BHM,376,77,5440.0
6,WN,BNA,2644,723,42458.0
6,WN,BOI,287,53,3960.0
6,WN,BOS,977,246,14374.0
6,WN,BUF,530,99,5655.0
6,WN,BUR,1221,185,8652.0
6,WN,BWI,6067,2045,131188.0
6,WN,CAK,294,69,4030.0
6,WN,CHS,227,57,3387.0
6,WN,CLE,437,90,5038.0
6,WN,CLT,162,64,3864.0
6,WN,CMH,949,209,12293.0
6,WN,CRP,115,16,895.0
6,WN,DAL,4680,1448,89791.0
6,WN,DAY,143,26,1512.0
6,WN,DCA,1224,220,13856.0
6,WN,DEN,5301,1650,99013.0
6,WN,DSM,89,22,1270.0
6,WN,DTW,571,133,7768.0
6,WN,ECP,196,35,2096.0
6,WN,ELP,595,119,5731.0
6,WN,EWR,490,129,9760.0
6,WN,FLL,1578,359,21752.0
6,WN,FNT,122,18,719.0
6,WN,GEG,284,53,2499.0
6,WN,GRR,157,29,1907.0
6,WN,GSP,115,33,1939.0
6,WN,HOU,4420,1327,77672.0
6,WN,HRL,168,16,194.0
6,WN,IAD,202,43,3639.0
6,WN,ICT,139,30,2619.0
6,WN,IND,964,212,12278.0
6,WN,ISP,392,69,3472.0
6,WN,JAX,432,88,5496.0
6,WN,LAS,6400,2016,113291.0
6,WN,LAX,3460,1170,64885.0
6,WN,LBB,198,15,307.0
6,WN,LGA,926,315,24201.0
6,WN,LIT,202,45,2373.0
6,WN,MAF,296,63,3624.0
6,WN,MCI,2025,485,30509.0
6,WN,MCO,3636,963,65485.0
6,WN,MDW,7346,2492,145838.0
6,WN,MEM,285,87,5548.0
6,WN,MHT,391,62,3623.0
6,WN,MKE,1236,258,13718.0
6,WN,MSP,685,198,10537.0
6,WN,MSY,1630,350,17672.0
6,WN,OAK,3019,802,41014.0
6,WN,OKC,517,106,4859.0
6,WN,OMA,509,130,6302.0
6,WN,ONT,876,229,11923.0
6,WN,ORF,212,40,1582.0
6,WN,PBI,183,38,1751.0
6,WN,PDX,1090,260,12173.0
6,WN,PHL,693,177,15572.0
6,WN,PHX,4999,1713,99091.0
6,WN,PIT,843,146,8317.0
6,WN,PNS,93,26,1532.0
6,WN,PVD,551,114,6655.0
6,WN,PWM,108,21,1509.0
6,WN,RDU,896,207,11945.0
6,WN,RIC,119,24,917.0
6,WN,RNO,611,131,7152.0
6,WN,ROC,167,40,2360.0
6,WN,RSW,482,94,6296.0
6,WN,SAN,2896,813,42607.0
6,WN,SAT,1344,298,14853.0
6,WN,SDF,406,79,4692.0
6,WN,SEA,1296,314,17202.0
6,WN,SFO,1291,314,15942.0
6,WN,SJC,1962,485,24241.0
6,WN,SJU,322,35,1126.0
6,WN,SLC,794,192,11023.0
6,WN,SMF,1907,435,23498.0
6,WN,SNA,1485,286,11195.0
6,WN,STL,2608,769,47292.0
6,WN,TPA,2383,616,37490.0
6,WN,TUL,370,93,5970.0
6,WN,TUS,378,81,4675.0
7,AA,ABQ,216,19,1575.0
7,AA,ALB,61,8,458.0
7,AA,ANC,61,23,1167.0
7,AA,ATL,1038,159,7797.0
7,AA,AUS,839,116,4574.0
7,AA,BDL,256,35,1282.0
7,AA,BNA,442,53,1942.0
7,AA,BOI,91,13,681.0
7,AA,BOS,2568,334,13864.0
7,AA,BUF,116,13,332.0
7,AA,BWI,605,86,4558.0
7,AA,CLE,259,32,1121.0
7,AA,CLT,7890,1589,86431.0
7,AA,CMH,243,27,1804.0
7,AA,COS,122,8,504.0
7,AA,DAY,92,9,505.0
7,AA,DCA,2529,404,19249.0
7,AA,DEN,944,142,8382.0
7,AA,DFW,13125,2588,133381.0
7,AA,DSM,61,6,-17.0
7,AA,DTW,533,67,3315.0
7,AA,EGE,31,6,299.0
7,AA,ELP,123,11,288.0
7,AA,EWR,744,168,13575.0
7,AA,FAT,61,8,284.0
7,AA,FLL,700,87,3224.0
7,AA,GEG,62,5,54.0
7,AA,GSO,1,0,-8.0
7,AA,HNL,308,44,1954.0
7,AA,IAD,276,67,4253.0
7,AA,IAH,867,118,6493.0
7,AA,IND,331,36,3318.0
7,AA,JAC,66,11,197.0
7,AA,JAX,355,47,1520.0
7,AA,JFK,1564,278,15582.0
7,AA,KOA,92,3,-528.0
7,AA,LAS,1364,198,13353.0
7,AA,LAX,3535,605,32034.0
7,AA,LBB,31,1,-140.0
7,AA,LGA,2275,410,23592.0
7,AA,LIH,109,11,296.0
7,AA,MCI,511,75,3676.0
7,AA,MCO,1659,333,23078.0
7,AA,MEM,80,13,643.0
7,AA,MFE,123,19,1252.0
7,AA,MIA,4688,1470,90942.0
7,AA,MKE,151,14,202.0
7,AA,MSP,703,100,3971.0
7,AA,MSY,435,57,2186.0
7,AA,OAK,62,6,125.0
7,AA,OGG,217,13,-614.0
7,AA,OKC,146,11,-275.0
7,AA,OMA,150,16,400.0
7,AA,ONT,262,32,1370.0
7,AA,ORD,5259,1302,85075.0
7,AA,ORF,113,12,551.0
7,AA,PBI,324,31,308.0
7,AA,PDX,449,56,2229.0
7,AA,PHL,4054,744,37088.0
7,AA,PHX,5637,937,45909.0
7,AA,PIT,546,41,2545.0
7,AA,PNS,62,10,467.0
7,AA,PSP,31,3,16.0
7,AA,PVD,78,15,860.0
7,AA,PWM,32,6,267.0
7,AA,RDU,630,111,6263.0
7,AA,RIC,226,34,1653.0
7,AA,RNO,269,38,2508.0
7,AA,RSW,307,32,1420.0
7,AA,SAN,849,100,5021.0
7,AA,SAT,524,55,1149.0
7,AA,SDF,27,7,535.0
7,AA,SEA,970,135,6779.0
7,AA,SFO,1441,228,12949.0
7,AA,SJC,388,35,761.0
7,AA,SJU,591,88,4885.0
7,AA,SLC,417,40,1880.0
7,AA,SMF,349,46,4926.0
7,AA,SNA,560,54,1522.0
7,AA,STL,682,87,4896.0
7,AA,STT,178,49,2810.0
7,AA,STX,66,12,402.0
7,AA,SYR,58,8,113.0
7,AA,TPA,1123,171,8357.0
7,AA,TUL,216,25,807.0
7,AA,TUS,243,19,310.0
7,AS,ABQ,31,0,-277.0
7,AS,ADK,9,6,193.0
7,AS,ADQ,55,12,918.0
7,AS,AKN,31,3,92.0
7,AS,ANC,1372,119,1882.0
7,AS,ATL,31,4,152.0
7,AS,AUS,53,5,185.0
7,AS,BET,85,9,241.0
7,AS,BOS,154,11,17.0
7,AS,BRW,70,14,308.0
7,AS,BUR,93,7,-220.0
7,AS,BWI,31,3,8.0
7,AS,CDV,62,6,-6.0
7,AS,DCA,123,5,-602.0
7,AS,DEN,182,10,-58.0
7,AS,DFW,155,12,251.0
7,AS,DLG,31,5,120.0
7,AS,DTW,31,1,34.0
7,AS,EWR,62,8,295.0
7,AS,FAI,186,17,863.0
7,AS,FLL,31,5,263.0
7,AS,GEG,119,21,995.0
7,AS,GST,30,13,783.0
7,AS,HNL,229,22,229.0
7,AS,IAD,31,4,-24.0
7,AS,IAH,53,2,-265.0
7,AS,JNU,489,62,1755.0
7,AS,KOA,110,4,-662.0
7,AS,KTN,248,32,644.0
7,AS,LAS,362,24,-477.0
7,AS,LAX,804,95,3132.0
7,AS,LIH,106,8,46.0
7,AS,MCI,53,5,347.0
7,AS,MCO,56,17,951.0
7,AS,MSP,62,7,-8.0
7,AS,MSY,30,3,36.0
7,AS,OAK,225,12,-280.0
7,AS,OGG,230,12,-1032.0
7,AS,OME,62,12,254.0
7,AS,ONT,32,1,-194.0
7,AS,ORD,196,19,212.0
7,AS,OTZ,57,11,397.0
7,AS,PDX,1250,157,3568.0
7,AS,PHL,31,4,90.0
7,AS,PHX,186,13,-404.0
7,AS,PSG,61,13,382.0
7,AS,PSP,71,7,27.0
7,AS,SAN,536,40,156.0
7,AS,SAT,31,8,217.0
7,AS,SCC,79,14,277.0
7,AS,SEA,5013,574,21156.0
7,AS,SFO,488,72,3024.0
7,AS,SIT,154,17,363.0
7,AS,SJC,442,23,-837.0
7,AS,SLC,186,18,1811.0
7,AS,SMF,216,9,-386.0
7,AS,SNA,327,16,-1480.0
7,AS,STL,53,8,635.0
7,AS,TPA,31,8,397.0
7,AS,TUS,31,1,-300.0
7,AS,WRG,62,11,482.0
7,AS,YAK,62,3,-255.0
7,B6,ABQ,31,12,588.0
7,B6,ACK,138,31,1504.0
7,B6,ANC,124,35,1478.0
7,B6,AUS,213,34,2001.0
7,B6,BDL,268,73,3686.0
7,B6,BOS,3727,718,34805.0
7,B6,BQN,123,14,259.0
7,B6,BTV,93,12,246.0
7,B6,BUF,408,66,2377.0
7,B6,BUR,31,9,694.0
7,B6,BWI,169,15,172.0
7,B6,CHS,175,39,2493.0
7,B6,CLE,92,8,78.0
7,B6,CLT,124,28,1136.0
7,B6,DCA,884,150,6443.0
7,B6,DEN,92,30,1215.0
7,B6,DFW,58,8,314.0
7,B6,DTW,123,21,665.0
7,B6,EWR,578,127,7983.0
7,B6,FLL,1551,374,22236.0
7,B6,HOU,62,17,1324.0
7,B6,HPN,339,76,3709.0
7,B6,HYA,31,9,1027.0
7,B6,IAD,180,27,1163.0
7,B6,JAX,275,44,1691.0
7,B6,JFK,3956,785,45919.0
7,B6,LAS,408,114,5572.0
7,B6,LAX,398,92,4684.0
7,B6,LGA,550,144,9167.0
7,B6,LGB,796,133,5156.0
7,B6,MCO,1742,477,27432.0
7,B6,MSY,94,24,1126.0
7,B6,MVY,62,21,1473.0
7,B6,OAK,152,24,908.0
7,B6,ORD,273,68,5073.0
7,B6,ORH,61,9,416.0
7,B6,PBI,491,138,7073.0
7,B6,PDX,212,47,2057.0
7,B6,PHL,150,23,610.0
7,B6,PHX,62,17,900.0
7,B6,PIT,144,16,208.0
7,B6,PSE,92,15,58.0
7,B6,PVD,92,17,682.0
7,B6,PWM,149,27,2044.0
7,B6,RDU,242,51,2606.0
7,B6,RIC,213,28,1044.0
7,B6,RNO,31,11,656.0
7,B6,ROC,93,10,-77.0
7,B6,RSW,244,56,2747.0
7,B6,SAN,124,28,1778.0
7,B6,SAV,93,24,1260.0
7,B6,SEA,334,95,5580.0
7,B6,SFO,459,117,6369.0
7,B6,SJC,61,25,1677.0
7,B6,SJU,1055,263,11861.0
7,B6,SLC,123,26,1200.0
7,B6,SMF,111,24,1226.0
7,B6,SRQ,62,16,962.0
7,B6,STT,62,3,-201.0
7,B6,STX,31,6,374.0
7,B6,SWF,62,8,572.0
7,B6,SYR,121,13,396.0
7,B6,TPA,510,151,8702.0
7,DL,ABE,31,1,-16.0
7,DL,ABQ,159,3,141.0
7,DL,AGS,63,6,743.0
7,DL,ALB,121,22,896.0
7,DL,ANC,334,71,2918.0
7,DL,ATL,21579,3743,198091.0
7,DL,ATW,59,1,-188.0
7,DL,AUS,385,37,2721.0
7,DL,AVL,63,10,362.0
7,DL,BDL,431,51,1595.0
7,DL,BGR,57,3,48.0
7,DL,BHM,315,48,3516.0
7,DL,BIL,125,8,175.0
7,DL,BIS,30,1,-46.0
7,DL,BNA,497,84,4443.0
7,DL,BOI,141,6,-196.0
7,DL,BOS,1285,220,14467.0
7,DL,BTR,54,11,435.0
7,DL,BTV,31,2,25.0
7,DL,BUF,263,23,2041.0
7,DL,BWI,643,90,4664.0
7,DL,BZN,139,11,24.0
7,DL,CAE,110,9,396.0
7,DL,CAK,116,11,903.0
7,DL,CHA,59,3,202.0
7,DL,CHO,31,0,-147.0
7,DL,CHS,383,47,2503.0
7,DL,CLE,234,19,571.0
7,DL,CLT,597,75,4152.0
7,DL,CMH,318,42,2071.0
7,DL,COS,31,2,-30.0
7,DL,CRW,31,2,48.0
7,DL,CVG,565,86,5143.0
7,DL,DAB,149,20,770.0
7,DL,DAL,137,14,147.0
7,DL,DAY,122,16,618.0
7,DL,DCA,863,122,7540.0
7,DL,DEN,697,109,6469.0
7,DL,DFW,538,56,3235.0
7,DL,DLH,31,1,-3.0
7,DL,DSM,91,12,848.0
7,DL,DTW,5248,725,38434.0
7,DL,ECP,187,16,535.0
7,DL,ELP,62,6,340.0
7,DL,EVV,41,3,9.0
7,DL,EWR,499,90,5593.0
7,DL,EYW,96,15,547.0
7,DL,FAI,62,14,1692.0
7,DL,FAR,61,5,53.0
7,DL,FAY,52,5,348.0
7,DL,FCA,100,7,354.0
7,DL,FLL,952,145,7979.0
7,DL,FNT,88,13,435.0
7,DL,FSD,30,0,-90.0
7,DL,GEG,200,18,1914.0
7,DL,GPT,82,10,374.0
7,DL,GRB,133,13,317.0
7,DL,GRR,255,23,298.0
7,DL,GSO,146,13,628.0
7,DL,GSP,175,22,1059.0
7,DL,HNL,273,28,949.0
7,DL,HOU,87,15,790.0
7,DL,HSV,165,15,699.0
7,DL,IAD,241,32,1609.0
7,DL,IAH,342,40,1916.0
7,DL,ICT,93,12,764.0
7,DL,ILM,31,2,36.0
7,DL,IND,431,54,5474.0
7,DL,JAC,138,8,278.0
7,DL,JAN,230,29,966.0
7,DL,JAX,405,55,3556.0
7,DL,JFK,2568,537,31466.0
7,DL,JNU,31,7,111.0
7,DL,KOA,31,6,432.0
7,DL,LAS,1086,139,8807.0
7,DL,LAX,2659,611,31552.0
7,DL,LEX,84,4,-224.0
7,DL,LFT,31,1,-71.0
7,DL,LGA,2063,547,40868.0
7,DL,LIH,31,2,98.0
7,DL,LIT,206,16,477.0
7,DL,MCI,524,60,4183.0
7,DL,MCO,1433,265,17109.0
7,DL,MDT,89,13,1387.0
7,DL,MDW,254,26,877.0
7,DL,MEM,416,48,2963.0
7,DL,MHT,51,2,-104.0
7,DL,MIA,769,159,10544.0
7,DL,MKE,471,57,1587.0
7,DL,MLB,120,12,563.0
7,DL,MOB,58,2,-80.0
7,DL,MSN,224,14,-362.0
7,DL,MSO,97,9,231.0
7,DL,MSP,6138,840,37856.0
7,DL,MSY,603,89,4818.0
7,DL,MYR,124,11,439.0
7,DL,OAK,83,6,118.0
7,DL,OGG,93,11,480.0
7,DL,OKC,156,17,585.0
7,DL,OMA,229,15,537.0
7,DL,ORD,677,141,8440.0
7,DL,ORF,272,38,2110.0
7,DL,PBI,508,83,4757.0
7,DL,PDX,710,77,2617.0
7,DL,PHL,696,120,7450.0
7,DL,PHX,642,69,5570.0
7,DL,PIT,345,47,2109.0
7,DL,PNS,221,32,768.0
7,DL,PSC,26,0,-104.0
7,DL,PVD,173,21,1076.0
7,DL,PWM,91,12,584.0
7,DL,RAP,31,2,59.0
7,DL,RDU,540,79,3804.0
7,DL,RIC,265,45,2482.0
7,DL,RNO,92,8,210.0
7,DL,ROA,47,6,685.0
7,DL,ROC,124,14,803.0
7,DL,RSW,389,41,1318.0
7,DL,SAN,630,47,1750.0
7,DL,SAT,304,43,1582.0
7,DL,SAV,320,68,3709.0
7,DL,SDF,260,29,928.0
7,DL,SEA,1590,257,12500.0
7,DL,SFO,1138,219,11076.0
7,DL,SGF,31,0,-105.0
7,DL,SHV,26,5,313.0
7,DL,SJC,117,13,371.0
7,DL,SJU,277,24,450.0
7,DL,SLC,3520,437,19212.0
7,DL,SMF,223,52,2881.0
7,DL,SNA,247,22,647.0
7,DL,SRQ,178,20,1582.0
7,DL,STL,509,62,1674.0
7,DL,STT,96,12,837.0
7,DL,STX,4,0,23.0
7,DL,SYR,131,14,791.0
7,DL,TLH,92,5,558.0
7,DL,TPA,943,177,11492.0
7,DL,TRI,31,3,272.0
7,DL,TUL,76,6,201.0
7,DL,TUS,58,5,180.0
7,DL,TVC,134,8,-1.0
7,DL,TYS,73,7,442.0
7,DL,VPS,185,14,901.0
7,DL,XNA,58,3,230.0
7,EV,ABE,201,37,2727.0
7,EV,ABQ,41,4,-122.0
7,EV,ABY,77,7,153.0
7,EV,ACT,148,18,986.0
7,EV,AEX,232,33,953.0
7,EV,AGS,158,26,1220.0
7,EV,ALB,71,15,961.0
7,EV,AMA,147,15,367.0
7,EV,ATL,5466,1106,56143.0
7,EV,ATW,131,24,1569.0
7,EV,AUS,29,2,-83.0
7,EV,AVL,178,35,1725.0
7,EV,AVP,142,13,775.0
7,EV,AZO,9,0,-51.0
7,EV,BDL,150,24,1290.0
7,EV,BGM,61,3,74.0
7,EV,BGR,9,0,-60.0
7,EV,BHM,283,45,2105.0
7,EV,BIL,25,3,26.0
7,EV,BMI,106,10,323.0
7,EV,BNA,214,49,2496.0
7,EV,BOS,229,31,1468.0
7,EV,BPT,31,1,8.0
7,EV,BQK,78,12,646.0
7,EV,BRO,233,16,259.0
7,EV,BTR,586,96,4413.0
7,EV,BTV,175,35,2692.0
7,EV,BUF,132,23,1562.0
7,EV,BWI,14,2,231.0
7,EV,CAE,346,53,3891.0
7,EV,CAK,150,12,359.0
7,EV,CHA,314,46,2088.0
7,EV,CHO,3,0,-17.0
7,EV,CHS,273,66,4472.0
7,EV,CID,224,34,1013.0
7,EV,CLE,924,144,5643.0
7,EV,CLL,59,3,-112.0
7,EV,CLT,400,105,6224.0
7,EV,CMH,217,47,2738.0
7,EV,COS,28,1,-55.0
7,EV,CRP,183,14,-289.0
7,EV,CRW,179,40,2068.0
7,EV,CSG,102,16,533.0
7,EV,CVG,251,40,2769.0
7,EV,CWA,58,13,1270.0
7,EV,DAL,8,0,-13.0
7,EV,DAY,188,50,4072.0
7,EV,DCA,239,37,2137.0
7,EV,DEN,11,4,283.0
7,EV,DFW,2844,616,34563.0
7,EV,DHN,118,16,1141.0
7,EV,DSM,120,19,990.0
7,EV,DTW,1906,299,18546.0
7,EV,ECP,95,10,-47.0
7,EV,ELM,197,35,2165.0
7,EV,ELP,98,6,142.0
7,EV,ERI,58,7,898.0
7,EV,EVV,202,33,1173.0
7,EV,EWN,57,8,273.0
7,EV,EWR,2930,629,36867.0
7,EV,EYW,31,4,120.0
7,EV,FAR,156,23,1157.0
7,EV,FAY,97,22,919.0
7,EV,FNT,84,9,125.0
7,EV,FSD,149,17,630.0
7,EV,FSM,172,20,117.0
7,EV,FWA,15,1,-11.0
7,EV,GJT,31,2,-31.0
7,EV,GNV,200,33,1455.0
7,EV,GPT,250,27,532.0
7,EV,GRB,200,25,1051.0
7,EV,GRK,311,25,641.0
7,EV,GRR,147,24,988.0
7,EV,GSO,286,71,5270.0
7,EV,GSP,232,34,2201.0
7,EV,GTR,87,14,842.0
7,EV,HDN,31,1,-82.0
7,EV,HOB,57,6,516.0
7,EV,HOU,115,17,888.0
7,EV,HPN,267,55,3594.0
7,EV,HRL,113,6,-16.0
7,EV,HSV,175,18,605.0
7,EV,IAD,155,24,1619.0
7,EV,IAH,5429,580,16032.0
7,EV,ICT,199,40,1555.0
7,EV,ILM,165,19,1059.0
7,EV,IND,310,83,6270.0
7,EV,ISN,31,1,-176.0
7,EV,JAN,397,48,1563.0
7,EV,JAX,153,35,2206.0
7,EV,JLN,50,11,163.0
7,EV,LAN,86,13,251.0
7,EV,LAW,87,3,-145.0
7,EV,LBB,91,12,361.0
7,EV,LCH,95,6,-366.0
7,EV,LEX,370,59,3572.0
7,EV,LFT,321,36,820.0
7,EV,LGA,970,328,22471.0
7,EV,LIT,259,42,2028.0
7,EV,LNK,138,14,739.0
7,EV,LRD,119,3,-439.0
7,EV,MAF,184,15,102.0
7,EV,MBS,4,0,-25.0
7,EV,MCI,229,32,701.0
7,EV,MCO,8,1,8.0
7,EV,MDT,55,7,98.0
7,EV,MDW,107,20,1472.0
7,EV,MEI,85,9,-478.0
7,EV,MEM,329,70,4395.0
7,EV,MFE,75,5,-382.0
7,EV,MGM,231,40,1877.0
7,EV,MHT,131,18,1115.0
7,EV,MKE,248,63,2667.0
7,EV,MLB,11,3,136.0
7,EV,MLI,116,18,1460.0
7,EV,MLU,288,34,2010.0
7,EV,MOB,325,46,1632.0
7,EV,MSN,222,45,2613.0
7,EV,MSP,609,127,7747.0
7,EV,MSY,111,10,-113.0
7,EV,MTJ,30,0,-261.0
7,EV,MYR,61,10,893.0
7,EV,OAJ,104,14,1447.0
7,EV,OKC,116,25,1481.0
7,EV,OMA,271,42,2312.0
7,EV,ORD,4394,816,46879.0
7,EV,ORF,183,28,2049.0
7,EV,PBI,13,6,259.0
7,EV,PHF,118,22,1652.0
7,EV,PHX,2,0,19.0
7,EV,PIA,258,38,1893.0
7,EV,PIB,54,5,-2.0
7,EV,PIT,87,15,562.0
7,EV,PNS,208,28,786.0
7,EV,PVD,39,17,1621.0
7,EV,PWM,218,44,3792.0
7,EV,RAP,33,2,57.0
7,EV,RDU,245,43,2482.0
7,EV,RIC,497,125,8535.0
7,EV,ROA,185,39,2722.0
7,EV,ROC,104,20,465.0
7,EV,RST,90,11,698.0
7,EV,RSW,20,4,277.0
7,EV,SAF,33,8,644.0
7,EV,SAT,64,9,516.0
7,EV,SAV,235,62,4701.0
7,EV,SBN,48,5,200.0
7,EV,SCE,145,17,744.0
7,EV,SDF,129,21,2178.0
7,EV,SGF,130,31,2259.0
7,EV,SHV,504,73,3235.0
7,EV,SLC,4,0,-24.0
7,EV,SPI,60,5,144.0
7,EV,STL,261,46,2048.0
7,EV,SYR,82,17,564.0
7,EV,TLH,163,36,1558.0
7,EV,TRI,164,36,1676.0
7,EV,TUL,262,43,1834.0
7,EV,TUS,29,1,-109.0
7,EV,TVC,79,14,1008.0
7,EV,TXK,61,3,-242.0
7,EV,TYR,231,21,79.0
7,EV,TYS,575,119,7681.0
7,EV,VLD,87,13,671.0
7,EV,VPS,345,56,2827.0
7,EV,XNA,314,57,2933.0
7,F9,ATL,526,168,13178.0
7,F9,AUS,153,30,2683.0
7,F9,BIS,13,5,221.0
7,F9,BNA,30,4,29.0
7,F9,BZN,17,4,172.0
7,F9,CID,13,4,180.0
7,F9,CLE,301,63,5478.0
7,F9,CLT,62,14,450.0
7,F9,CVG,248,94,7885.0
7,F9,DCA,92,4,-421.0
7,F9,DEN,1966,393,16736.0
7,F9,DFW,122,20,400.0
7,F9,DSM,18,2,32.0
7,F9,DTW,78,9,441.0
7,F9,FLL,49,12,1193.0
7,F9,FSD,13,4,138.0
7,F9,GSO,18,6,136.0
7,F9,IAD,213,40,2455.0
7,F9,IAH,154,44,3243.0
7,F9,IND,85,20,1532.0
7,F9,LAS,442,143,9892.0
7,F9,LAX,145,38,1617.0
7,F9,LGA,93,38,2476.0
7,F9,MCI,31,4,762.0
7,F9,MCO,386,74,3556.0
7,F9,MEM,44,8,287.0
7,F9,MIA,184,52,3439.0
7,F9,MKE,31,3,-12.0
7,F9,MSN,18,3,204.0
7,F9,MSO,13,4,209.0
7,F9,MSP,201,57,4181.0
7,F9,MSY,62,16,795.0
7,F9,OMA,18,4,-7.0
7,F9,ORD,494,149,8639.0
7,F9,PDX,93,5,-341.0
7,F9,PHL,279,66,3361.0
7,F9,PHX,154,38,3161.0
7,F9,RDU,124,17,1399.0
7,F9,RSW,91,20,1088.0
7,F9,SAN,65,11,454.0
7,F9,SEA,91,24,1123.0
7,F9,SFO,185,46,2483.0
7,F9,SLC,97,24,1257.0
7,F9,SNA,62,10,308.0
7,F9,STL,62,9,449.0
7,F9,TPA,123,21,1286.0
7,F9,TTN,274,46,2962.0
7,F9,TYS,13,2,210.0
7,F9,UST,11,6,141.0
7,HA,HNL,2949,183,-2.0
7,HA,ITO,533,24,-1369.0
7,HA,JFK,31,2,41.0
7,HA,KOA,797,51,-859.0
7,HA,LAS,76,5,80.0
7,HA,LAX,185,15,408.0
7,HA,LIH,741,38,-444.0
7,HA,OAK,92,7,354.0
7,HA,OGG,1217,126,2973.0
7,HA,PDX,31,3,-23.0
7,HA,PHX,31,1,53.0
7,HA,PPG,14,1,25.0
7,HA,SAN,31,3,29.0
7,HA,SEA,62,7,1357.0
7,HA,SFO,61,8,1766.0
7,HA,SJC,62,7,405.0
7,HA,SMF,31,3,141.0
7,MQ,ABI,210,34,1390.0
7,MQ,ABQ,52,13,1063.0
7,MQ,AEX,62,8,249.0
7,MQ,ALO,58,5,75.0
7,MQ,AMA,105,7,277.0
7,MQ,ASE,61,20,1316.0
7,MQ,ATL,157,40,2125.0
7,MQ,AZO,115,4,-500.0
7,MQ,BDL,59,12,788.0
7,MQ,BHM,80,10,689.0
7,MQ,BIS,60,8,217.0
7,MQ,BMI,148,9,-212.0
7,MQ,BNA,399,86,6038.0
7,MQ,BPT,58,11,842.0
7,MQ,BTR,31,5,258.0
7,MQ,BUF,95,15,361.0
7,MQ,BWI,114,16,880.0
7,MQ,CHA,28,5,246.0
7,MQ,CHO,22,7,727.0
7,MQ,CID,260,47,2334.0
7,MQ,CLE,165,45,2861.0
7,MQ,CLL,155,12,443.0
7,MQ,CMH,412,84,5402.0
7,MQ,CMI,175,18,548.0
7,MQ,COU,119,19,718.0
7,MQ,CRP,61,6,-55.0
7,MQ,CVG,444,74,5508.0
7,MQ,CWA,56,3,176.0
7,MQ,DAY,163,21,700.0
7,MQ,DBQ,87,9,-13.0
7,MQ,DCA,31,10,924.0
7,MQ,DFW,4337,747,33867.0
7,MQ,DRO,93,17,552.0
7,MQ,DSM,174,25,1060.0
7,MQ,DTW,183,55,2939.0
7,MQ,ELP,61,9,1161.0
7,MQ,EVV,147,17,542.0
7,MQ,EWR,27,4,360.0
7,MQ,EYW,30,7,260.0
7,MQ,FAR,117,23,1433.0
7,MQ,FNT,87,8,216.0
7,MQ,FSD,88,16,654.0
7,MQ,FWA,175,17,426.0
7,MQ,GCK,62,5,390.0
7,MQ,GGG,60,4,-167.0
7,MQ,GJT,85,6,-12.0
7,MQ,GNV,43,3,95.0
7,MQ,GRB,117,9,-48.0
7,MQ,GRI,57,2,-138.0
7,MQ,GRK,62,4,62.0
7,MQ,GRR,236,42,2184.0
7,MQ,GSO,77,14,514.0
7,MQ,GSP,61,3,-17.0
7,MQ,HOU,124,14,180.0
7,MQ,HPN,86,13,930.0
7,MQ,HSV,81,17,841.0
7,MQ,ICT,38,10,485.0
7,MQ,IND,163,23,500.0
7,MQ,JAN,67,16,445.0
7,MQ,JAX,64,14,873.0
7,MQ,JFK,320,64,3758.0
7,MQ,JLN,10,1,-3.0
7,MQ,LAW,33,1,-30.0
7,MQ,LAX,31,9,931.0
7,MQ,LBB,31,3,67.0
7,MQ,LCH,60,11,1434.0
7,MQ,LEX,87,15,999.0
7,MQ,LFT,117,15,435.0
7,MQ,LGA,984,320,20153.0
7,MQ,LIT,251,48,3150.0
7,MQ,LRD,86,4,-376.0
7,MQ,LSE,121,13,83.0
7,MQ,MAF,26,11,639.0
7,MQ,MDT,81,9,877.0
7,MQ,MEM,114,26,1605.0
7,MQ,MGM,60,8,65.0
7,MQ,MHK,151,13,45.0
7,MQ,MIA,468,97,5055.0
7,MQ,MLI,171,24,759.0
7,MQ,MOB,92,12,358.0
7,MQ,MQT,27,1,86.0
7,MQ,MSN,234,23,1277.0
7,MQ,MSY,5,1,-4.0
7,MQ,MTJ,27,4,39.0
7,MQ,OKC,293,74,4208.0
7,MQ,OMA,63,10,337.0
7,MQ,ORD,5955,1171,56248.0
7,MQ,ORF,13,2,5.0
7,MQ,PHL,3,2,143.0
7,MQ,PIA,170,18,184.0
7,MQ,PIT,49,10,503.0
7,MQ,PNS,158,24,677.0
7,MQ,RAP,92,11,35.0
7,MQ,RDU,261,79,5227.0
7,MQ,RIC,197,60,4493.0
7,MQ,ROC,122,18,814.0
7,MQ,ROW,89,10,202.0
7,MQ,RST,120,17,702.0
7,MQ,SAF,90,9,-28.0
7,MQ,SAT,3,0,-14.0
7,MQ,SAV,66,10,598.0
7,MQ,SDF,30,4,69.0
7,MQ,SGF,255,40,2348.0
7,MQ,SJT,149,22,793.0
7,MQ,SPS,120,14,231.0
7,MQ,STL,104,27,1439.0
7,MQ,SUX,58,5,43.0
7,MQ,SYR,122,22,952.0
7,MQ,TLH,29,1,-146.0
7,MQ,TOL,87,8,156.0
7,MQ,TUL,186,34,1255.0
7,MQ,TVC,119,10,332.0
7,MQ,TXK,31,3,183.0
7,MQ,TYS,39,11,843.0
7,MQ,XNA,412,90,6053.0
7,NK,ACY,340,73,4247.0
7,NK,ATL,430,151,10895.0
7,NK,BOS,246,48,2245.0
7,NK,BQN,17,5,299.0
7,NK,BWI,331,144,8777.0
7,NK,CLE,245,59,3331.0
7,NK,CRW,10,2,62.0
7,NK,DEN,397,98,6488.0
7,NK,DFW,853,211,11030.0
7,NK,DTW,615,161,10556.0
7,NK,FLL,1040,229,12552.0
7,NK,IAG,27,3,179.0
7,NK,IAH,520,184,11614.0
7,NK,LAS,861,211,12233.0
7,NK,LAX,441,151,8708.0
7,NK,LBE,143,31,1165.0
7,NK,LGA,327,71,4557.0
7,NK,MCI,146,44,2101.0
7,NK,MCO,386,109,7121.0
7,NK,MSP,302,119,6895.0
7,NK,MSY,155,51,3380.0
7,NK,MYR,398,78,2453.0
7,NK,OAK,154,31,1534.0
7,NK,ORD,997,400,24881.0
7,NK,PBG,24,5,120.0
7,NK,PDX,89,27,1679.0
7,NK,PHL,155,32,1953.0
7,NK,PHX,62,11,345.0
7,NK,RSW,57,19,962.0
7,NK,SAN,184,27,1236.0
7,NK,SJU,62,3,-4.0
7,NK,STT,31,7,111.0
7,NK,TPA,175,51,3451.0
7,OO,ABQ,377,69,3016.0
7,OO,ABR,62,13,467.0
7,OO,ACV,119,24,760.0
7,OO,AMA,58,10,1155.0
7,OO,APN,52,6,304.0
7,OO,ASE,192,32,1224.0
7,OO,ATL,412,70,4640.0
7,OO,ATW,122,20,334.0
7,OO,AUS,212,31,1996.0
7,OO,AVL,92,14,790.0
7,OO,BDL,83,25,1399.0
7,OO,BFL,252,31,867.0
7,OO,BHM,112,22,1122.0
7,OO,BIL,126,17,101.0
7,OO,BIS,251,29,433.0
7,OO,BJI,61,5,378.0
7,OO,BNA,271,41,2188.0
7,OO,BOI,604,118,7736.0
7,OO,BOS,23,3,191.0
7,OO,BRD,61,4,-12.0
7,OO,BTM,62,1,-180.0
7,OO,BUR,416,56,2502.0
7,OO,BZN,220,22,167.0
7,OO,CDC,54,2,-130.0
7,OO,CHO,136,30,1239.0
7,OO,CHS,86,19,1100.0
7,OO,CID,199,27,805.0
7,OO,CIU,61,10,566.0
7,OO,CLE,21,6,144.0
7,OO,CLT,53,20,1080.0
7,OO,CMH,93,22,1235.0
7,OO,CMX,60,6,65.0
7,OO,COD,98,21,1256.0
7,OO,COS,453,90,7212.0
7,OO,CPR,210,21,212.0
7,OO,CVG,380,88,6701.0
7,OO,DAY,168,23,789.0
7,OO,DCA,162,30,1962.0
7,OO,DEN,4630,1054,53030.0
7,OO,DFW,352,78,4779.0
7,OO,DIK,64,2,-226.0
7,OO,DLH,117,19,691.0
7,OO,DRO,113,10,-74.0
7,OO,DSM,146,30,2034.0
7,OO,DTW,1007,133,6547.0
7,OO,DVL,49,3,-136.0
7,OO,EAU,58,14,867.0
7,OO,EKO,57,1,-416.0
7,OO,ELP,168,21,340.0
7,OO,ESC,53,1,-106.0
7,OO,EUG,359,47,2049.0
7,OO,FAR,285,26,112.0
7,OO,FAT,593,114,5903.0
7,OO,FCA,215,28,270.0
7,OO,FLG,179,23,1306.0
7,OO,FNT,77,3,388.0
7,OO,FSD,202,32,1160.0
7,OO,FWA,325,53,5177.0
7,OO,GCC,89,5,-66.0
7,OO,GEG,187,26,837.0
7,OO,GFK,34,2,-84.0
7,OO,GJT,169,7,-660.0
7,OO,GRB,85,10,25.0
7,OO,GRR,53,10,677.0
7,OO,GTF,230,15,-255.0
7,OO,GUC,49,14,832.0
7,OO,HIB,83,6,-143.0
7,OO,HLN,146,9,196.0
7,OO,HYS,52,9,387.0
7,OO,IAD,36,4,179.0
7,OO,IAH,1479,408,22834.0
7,OO,ICT,236,44,2526.0
7,OO,IDA,263,15,-877.0
7,OO,IMT,57,6,-16.0
7,OO,IND,23,6,472.0
7,OO,INL,52,7,229.0
7,OO,ISN,217,30,766.0
7,OO,JAC,107,13,312.0
7,OO,JAX,32,13,994.0
7,OO,JMS,75,10,-137.0
7,OO,KTN,31,14,1083.0
7,OO,LAN,81,7,463.0
7,OO,LAR,54,6,169.0
7,OO,LAS,180,26,896.0
7,OO,LAX,3381,1010,61351.0
7,OO,LBB,60,13,464.0
7,OO,LEX,65,9,840.0
7,OO,LGB,114,7,109.0
7,OO,LIT,122,17,651.0
7,OO,LNK,92,9,75.0
7,OO,LSE,39,3,-157.0
7,OO,LWS,62,0,-337.0
7,OO,MAF,129,16,604.0
7,OO,MBS,139,22,1045.0
7,OO,MCI,121,30,1447.0
7,OO,MDW,81,6,113.0
7,OO,MEM,61,16,917.0
7,OO,MFE,12,5,271.0
7,OO,MFR,242,27,361.0
7,OO,MIA,52,5,638.0
7,OO,MKE,682,118,4045.0
7,OO,MKG,60,8,433.0
7,OO,MLI,21,4,246.0
7,OO,MOT,213,29,1403.0
7,OO,MRY,289,53,3407.0
7,OO,MSN,147,14,139.0
7,OO,MSO,190,21,955.0
7,OO,MSP,2636,313,12265.0
7,OO,MSY,72,10,722.0
7,OO,MTJ,61,3,-355.0
7,OO,OAK,227,56,4064.0
7,OO,OKC,279,48,2444.0
7,OO,OMA,172,24,623.0
7,OO,ONT,525,75,2566.0
7,OO,ORD,3457,858,49671.0
7,OO,ORF,22,8,375.0
7,OO,OTH,39,8,545.0
7,OO,PAH,61,8,582.0
7,OO,PBI,13,4,155.0
7,OO,PDX,431,19,-462.0
7,OO,PHX,2015,297,15533.0
7,OO,PIA,3,1,198.0
7,OO,PIH,57,2,48.0
7,OO,PIT,55,7,58.0
7,OO,PLN,118,19,1475.0
7,OO,PSC,234,23,745.0
7,OO,PSP,324,58,3520.0
7,OO,PVD,10,0,-5.0
7,OO,RAP,359,69,2735.0
7,OO,RDD,61,6,450.0
7,OO,RDM,239,25,736.0
7,OO,RDU,8,1,73.0
7,OO,RHI,88,10,195.0
7,OO,RIC,5,2,130.0
7,OO,RKS,58,6,342.0
7,OO,RNO,245,70,4236.0
7,OO,RSW,4,1,67.0
7,OO,SAF,27,7,324.0
7,OO,SAN,615,170,9070.0
7,OO,SAT,387,64,3459.0
7,OO,SAV,18,4,719.0
7,OO,SBA,610,112,5082.0
7,OO,SBN,345,40,1383.0
7,OO,SBP,207,39,2396.0
7,OO,SDF,23,8,446.0
7,OO,SEA,1320,208,10220.0
7,OO,SFO,3027,619,27989.0
7,OO,SGF,53,5,214.0
7,OO,SGU,153,9,-257.0
7,OO,SHV,60,12,572.0
7,OO,SIT,30,2,-86.0
7,OO,SJC,562,127,7807.0
7,OO,SLC,4196,479,17789.0
7,OO,SMF,499,100,4388.0
7,OO,SMX,62,8,64.0
7,OO,SNA,238,48,1907.0
7,OO,SPI,91,12,241.0
7,OO,STL,145,37,1566.0
7,OO,SUN,131,23,1158.0
7,OO,SYR,14,4,122.0
7,OO,TUL,138,20,1913.0
7,OO,TUS,493,87,4165.0
7,OO,TVC,39,3,90.0
7,OO,TWF,89,7,426.0
7,OO,VPS,9,2,183.0
7,OO,WYS,53,4,195.0
7,OO,XNA,125,17,309.0
7,OO,YUM,172,8,-979.0
7,UA,ABQ,51,10,567.0
7,UA,ALB,89,15,1234.0
7,UA,ANC,187,95,6616.0
7,UA,ATL,307,79,6101.0
7,UA,AUS,455,86,5805.0
7,UA,BDL,34,10,1267.0
7,UA,BIL,60,6,183.0
7,UA,BNA,77,17,1413.0
7,UA,BOI,50,11,561.0
7,UA,BOS,1213,352,24546.0
7,UA,BQN,31,19,1308.0
7,UA,BUF,101,28,1572.0
7,UA,BWI,331,92,6103.0
7,UA,BZN,133,27,1517.0
7,UA,CLE,604,114,7795.0
7,UA,CLT,25,10,912.0
7,UA,CMH,53,12,856.0
7,UA,DCA,447,87,5683.0
7,UA,DEN,4509,1339,83983.0
7,UA,DFW,411,113,7768.0
7,UA,DSM,79,13,1122.0
7,UA,DTW,120,23,1249.0
7,UA,EGE,13,1,21.0
7,UA,EWR,4102,1446,107103.0
7,UA,FAI,31,21,1389.0
7,UA,FLL,388,89,5088.0
7,UA,GEG,58,10,869.0
7,UA,GRR,113,20,1574.0
7,UA,GUM,31,9,448.0
7,UA,HNL,528,120,6529.0
7,UA,IAD,1805,489,33756.0
7,UA,IAH,5062,1718,116747.0
7,UA,ICT,56,12,677.0
7,UA,IND,105,22,2019.0
7,UA,ITO,31,8,491.0
7,UA,JAC,165,28,2223.0
7,UA,JFK,375,65,4758.0
7,UA,KOA,139,16,504.0
7,UA,LAS,942,201,11348.0
7,UA,LAX,2832,906,61298.0
7,UA,LGA,776,174,14971.0
7,UA,LIH,96,13,872.0
7,UA,MCI,52,21,1288.0
7,UA,MCO,1027,284,19375.0
7,UA,MDT,49,8,855.0
7,UA,MFE,44,10,848.0
7,UA,MIA,180,53,3565.0
7,UA,MSN,54,10,540.0
7,UA,MSP,375,91,5938.0
7,UA,MSY,311,60,3276.0
7,UA,OGG,224,43,2539.0
7,UA,OKC,84,20,1180.0
7,UA,OMA,114,27,1921.0
7,UA,ORD,5887,2009,140764.0
7,UA,PBI,133,42,3536.0
7,UA,PDX,602,123,6203.0
7,UA,PHL,359,80,6392.0
7,UA,PHX,309,70,3703.0
7,UA,PIT,238,47,3067.0
7,UA,PVD,27,7,388.0
7,UA,RDU,199,52,4787.0
7,UA,RIC,30,5,259.0
7,UA,RNO,112,15,1017.0
7,UA,ROC,59,15,1068.0
7,UA,RSW,120,18,1098.0
7,UA,SAN,782,180,12817.0
7,UA,SAT,267,46,2802.0
7,UA,SEA,953,247,15352.0
7,UA,SFO,4652,1319,80156.0
7,UA,SJC,123,13,220.0
7,UA,SJU,212,75,4381.0
7,UA,SLC,119,22,1520.0
7,UA,SMF,233,39,1589.0
7,UA,SNA,493,110,6783.0
7,UA,SRQ,1,1,101.0
7,UA,STL,24,10,916.0
7,UA,STT,26,6,538.0
7,UA,TPA,516,126,8792.0
7,UA,TUL,5,1,173.0
7,VX,AUS,197,20,91.0
7,VX,BOS,198,37,1892.0
7,VX,DAL,535,90,2980.0
7,VX,DCA,114,15,375.0
7,VX,EWR,184,26,1443.0
7,VX,FLL,60,27,1916.0
7,VX,IAD,148,21,582.0
7,VX,JFK,332,41,1927.0
7,VX,LAS,328,72,4764.0
7,VX,LAX,1100,269,14637.0
7,VX,LGA,112,26,861.0
7,VX,MCO,31,9,401.0
7,VX,ORD,152,22,1369.0
7,VX,PDX,31,3,-10.0
7,VX,SAN,176,41,1727.0
7,VX,SEA,198,71,3773.0
7,VX,SFO,1497,297,13678.0
7,WN,ABQ,1075,251,15010.0
7,WN,ALB,368,67,3612.0
7,WN,AMA,142,18,706.0
7,WN,ATL,3702,1166,73907.0
7,WN,AUS,1736,332,17801.0
7,WN,BDL,552,107,5901.0
7,WN,BHM,396,86,4747.0
7,WN,BNA,2766,780,45115.0
7,WN,BOI,301,69,3380.0
7,WN,BOS,1114,292,19209.0
7,WN,BUF,547,119,6933.0
7,WN,BUR,1253,209,10376.0
7,WN,BWI,6455,2338,141889.0
7,WN,CAK,308,80,5135.0
7,WN,CHS,244,43,1860.0
7,WN,CLE,465,84,3984.0
7,WN,CLT,175,57,3707.0
7,WN,CMH,997,256,15844.0
7,WN,CRP,120,12,921.0
7,WN,DAL,4864,1333,70552.0
7,WN,DAY,158,29,1479.0
7,WN,DCA,1302,229,13384.0
7,WN,DEN,5528,1628,95345.0
7,WN,DSM,93,20,1411.0
7,WN,DTW,597,105,5797.0
7,WN,ECP,205,28,972.0
7,WN,ELP,621,107,5857.0
7,WN,EWR,516,149,10373.0
7,WN,FLL,1647,374,21080.0
7,WN,FNT,124,25,673.0
7,WN,GEG,302,54,2610.0
7,WN,GRR,158,19,1682.0
7,WN,GSP,120,27,1332.0
7,WN,HOU,4664,1285,74113.0
7,WN,HRL,175,13,463.0
7,WN,IAD,213,26,1038.0
7,WN,ICT,147,17,504.0
7,WN,IND,1068,230,14611.0
7,WN,ISP,404,78,5404.0
7,WN,JAX,451,90,4621.0
7,WN,LAS,6573,2131,119544.0
7,WN,LAX,3577,1335,80853.0
7,WN,LBB,206,22,585.0
7,WN,LGA,1001,317,24486.0
7,WN,LIT,211,35,2255.0
7,WN,MAF,307,55,2075.0
7,WN,MCI,2125,451,25323.0
7,WN,MCO,3729,1001,62963.0
7,WN,MDW,7852,2543,147917.0
7,WN,MEM,298,91,5145.0
7,WN,MHT,406,73,3324.0
7,WN,MKE,1286,226,10757.0
7,WN,MSP,736,182,10022.0
7,WN,MSY,1687,316,17082.0
7,WN,OAK,3126,848,47623.0
7,WN,OKC,533,93,4856.0
7,WN,OMA,536,121,6376.0
7,WN,ONT,888,206,12133.0
7,WN,ORF,232,52,3460.0
7,WN,PBI,185,37,2522.0
7,WN,PDX,1200,277,16034.0
7,WN,PHL,701,171,10284.0
7,WN,PHX,5111,1649,91911.0
7,WN,PIT,874,150,9003.0
7,WN,PNS,96,21,1870.0
7,WN,PVD,566,116,8006.0
7,WN,PWM,123,27,1422.0
7,WN,RDU,942,206,11102.0
7,WN,RIC,123,12,411.0
7,WN,RNO,630,156,9158.0
7,WN,ROC,181,45,2727.0
7,WN,RSW,465,88,5493.0
7,WN,SAN,2967,889,49300.0
7,WN,SAT,1406,310,15940.0
7,WN,SDF,435,72,3687.0
7,WN,SEA,1436,346,21532.0
7,WN,SFO,1321,417,23739.0
7,WN,SJC,1997,583,30924.0
7,WN,SJU,345,33,1349.0
7,WN,SLC,819,222,14068.0
7,WN,SMF,1932,466,24847.0
7,WN,SNA,1641,340,16201.0
7,WN,STL,2753,735,42173.0
7,WN,TPA,2404,669,37889.0
7,WN,TUL,389,92,4806.0
7,WN,TUS,387,96,4362.0
8,AA,ABQ,217,19,2023.0
8,AA,ALB,60,8,332.0
8,AA,ANC,60,17,1060.0
8,AA,ATL,978,120,6647.0
8,AA,AUS,819,95,3313.0
8,AA,BDL,247,28,1621.0
8,AA,BNA,440,54,2003.0
8,AA,BOI,77,13,403.0
8,AA,BOS,2541,331,11802.0
8,AA,BUF,110,16,851.0
8,AA,BWI,585,101,5657.0
8,AA,CLE,260,31,874.0
8,AA,CLT,7735,1586,96526.0
8,AA,CMH,236,30,3368.0
8,AA,COS,122,8,183.0
8,AA,DAY,89,11,181.0
8,AA,DCA,2515,383,17255.0
8,AA,DEN,956,134,6911.0
8,AA,DFW,12806,2493,121360.0
8,AA,DSM,88,13,661.0
8,AA,DTW,508,64,4761.0
8,AA,EGE,30,1,-72.0
8,AA,ELP,121,11,725.0
8,AA,EWR,721,97,7542.0
8,AA,FAT,62,11,1596.0
8,AA,FLL,671,86,4624.0
8,AA,GEG,61,3,-199.0
8,AA,HNL,284,47,3928.0
8,AA,IAD,262,47,2642.0
8,AA,IAH,843,123,7078.0
8,AA,IND,331,40,1112.0
8,AA,JAC,67,6,-15.0
8,AA,JAX,345,47,3186.0
8,AA,JFK,1563,269,15402.0
8,AA,KOA,81,13,1163.0
8,AA,LAS,1355,211,14501.0
8,AA,LAX,3498,566,29976.0
8,AA,LBB,31,2,488.0
8,AA,LGA,2252,327,13525.0
8,AA,LIH,94,9,2183.0
8,AA,MCI,485,60,3070.0
8,AA,MCO,1605,415,28850.0
8,AA,MEM,69,11,888.0
8,AA,MFE,136,19,1001.0
8,AA,MIA,4604,1364,82948.0
8,AA,MKE,148,16,1982.0
8,AA,MSP,686,89,4443.0
8,AA,MSY,408,53,1472.0
8,AA,OAK,62,5,-26.0
8,AA,OGG,183,22,1081.0
8,AA,OKC,143,14,29.0
8,AA,OMA,146,12,44.0
8,AA,ONT,257,41,1914.0
8,AA,ORD,5179,1060,59487.0
8,AA,ORF,111,9,1440.0
8,AA,PBI,319,53,1871.0
8,AA,PDX,450,51,3582.0
8,AA,PHL,4001,697,35589.0
8,AA,PHX,5348,957,47227.0
8,AA,PIT,532,49,1218.0
8,AA,PNS,34,3,43.0
8,AA,PSP,31,2,108.0
8,AA,PVD,104,12,544.0
8,AA,PWM,44,2,18.0
8,AA,RDU,661,112,5943.0
8,AA,RIC,217,38,4625.0
8,AA,RNO,239,33,2378.0
8,AA,RSW,297,29,433.0
8,AA,SAN,825,75,3367.0
8,AA,SAT,509,47,1763.0
8,AA,SDF,26,4,131.0
8,AA,SEA,935,156,7310.0
8,AA,SFO,1429,179,9237.0
8,AA,SJC,388,39,1033.0
8,AA,SJU,518,86,3568.0
8,AA,SLC,415,44,1026.0
8,AA,SMF,331,44,2237.0
8,AA,SNA,556,45,1546.0
8,AA,STL,652,72,2378.0
8,AA,STT,139,35,1613.0
8,AA,STX,50,7,110.0
8,AA,SYR,57,5,119.0
8,AA,TPA,1068,198,11004.0
8,AA,TUL,211,24,24.0
8,AA,TUS,229,16,1222.0
8,AS,ABQ,31,1,-209.0
8,AS,ADK,9,7,279.0
8,AS,ADQ,53,10,487.0
8,AS,AKN,8,2,74.0
8,AS,ANC,1328,124,1901.0
8,AS,ATL,39,8,547.0
8,AS,AUS,53,6,83.0
8,AS,BET,82,11,572.0
8,AS,BLI,30,3,111.0
8,AS,BOS,155,15,273.0
8,AS,BRW,75,9,-109.0
8,AS,BUR,102,11,-126.0
8,AS,BWI,31,4,471.0
8,AS,CDV,62,13,475.0
8,AS,DCA,124,12,471.0
8,AS,DEN,172,18,368.0
8,AS,DFW,155,14,228.0
8,AS,DLG,22,2,-115.0
8,AS,DTW,31,2,-67.0
8,AS,EWR,62,6,-126.0
8,AS,FAI,186,19,-101.0
8,AS,FLL,31,8,430.0
8,AS,GEG,158,29,1285.0
8,AS,GST,22,9,291.0
8,AS,HNL,224,19,663.0
8,AS,IAD,31,7,551.0
8,AS,IAH,52,8,158.0
8,AS,JNU,480,70,976.0
8,AS,KOA,104,6,-308.0
8,AS,KTN,239,38,1065.0
8,AS,LAS,355,55,1627.0
8,AS,LAX,793,124,3771.0
8,AS,LIH,100,7,-556.0
8,AS,MCI,51,7,95.0
8,AS,MCO,60,16,796.0
8,AS,MSP,62,3,40.0
8,AS,MSY,31,3,-1.0
8,AS,OAK,212,20,-11.0
8,AS,OGG,225,20,32.0
8,AS,OME,62,19,669.0
8,AS,ONT,40,9,418.0
8,AS,ORD,193,35,2226.0
8,AS,OTZ,62,9,254.0
8,AS,PDX,1319,139,1568.0
8,AS,PHL,31,2,-104.0
8,AS,PHX,185,23,440.0
8,AS,PSG,62,15,717.0
8,AS,PSP,76,11,53.0
8,AS,SAN,517,44,64.0
8,AS,SAT,31,5,116.0
8,AS,SCC,79,10,124.0
8,AS,SEA,5238,786,30290.0
8,AS,SFO,514,94,3062.0
8,AS,SIT,185,18,-69.0
8,AS,SJC,427,49,1210.0
8,AS,SLC,217,24,307.0
8,AS,SMF,217,26,-47.0
8,AS,SNA,326,38,353.0
8,AS,STL,52,10,268.0
8,AS,TPA,31,10,404.0
8,AS,TUS,31,1,-215.0
8,AS,WRG,62,14,565.0
8,AS,YAK,62,5,-203.0
8,B6,ABQ,31,8,306.0
8,B6,ACK,138,23,2062.0
8,B6,ANC,111,28,1444.0
8,B6,AUS,214,43,2501.0
8,B6,BDL,269,79,4093.0
8,B6,BOS,3717,847,48377.0
8,B6,BQN,103,17,797.0
8,B6,BTV,92,8,238.0
8,B6,BUF,408,66,2445.0
8,B6,BUR,31,4,136.0
8,B6,BWI,167,19,635.0
8,B6,CHS,177,34,2183.0
8,B6,CLE,93,17,708.0
8,B6,CLT,123,28,1776.0
8,B6,DCA,881,169,11078.0
8,B6,DEN,98,30,1370.0
8,B6,DFW,57,14,593.0
8,B6,DTW,124,14,11.0
8,B6,EWR,570,112,6441.0
8,B6,FLL,1559,539,36621.0
8,B6,HOU,61,12,879.0
8,B6,HPN,337,67,4352.0
8,B6,HYA,31,6,562.0
8,B6,IAD,179,25,1219.0
8,B6,JAX,276,53,2912.0
8,B6,JFK,3957,811,46531.0
8,B6,LAS,408,120,6793.0
8,B6,LAX,397,94,6561.0
8,B6,LGA,545,148,9304.0
8,B6,LGB,794,173,8447.0
8,B6,MCO,1682,567,41355.0
8,B6,MSY,92,24,1675.0
8,B6,MVY,62,19,1778.0
8,B6,OAK,153,29,1177.0
8,B6,ORD,277,68,5174.0
8,B6,ORH,60,17,962.0
8,B6,PBI,492,164,10270.0
8,B6,PDX,205,49,2444.0
8,B6,PHL,148,23,1356.0
8,B6,PHX,60,21,1200.0
8,B6,PIT,146,20,483.0
8,B6,PSE,60,15,716.0
8,B6,PVD,90,28,1518.0
8,B6,PWM,151,21,544.0
8,B6,RDU,243,62,3733.0
8,B6,RIC,212,39,2682.0
8,B6,RNO,31,7,346.0
8,B6,ROC,91,14,382.0
8,B6,RSW,244,70,4183.0
8,B6,SAN,124,27,1197.0
8,B6,SAV,91,24,1383.0
8,B6,SEA,312,94,4661.0
8,B6,SFO,457,114,7318.0
8,B6,SJC,61,17,1151.0
8,B6,SJU,1028,314,18669.0
8,B6,SLC,124,28,1665.0
8,B6,SMF,109,33,1226.0
8,B6,SRQ,61,18,1495.0
8,B6,STT,60,5,-75.0
8,B6,STX,30,8,189.0
8,B6,SWF,61,11,1088.0
8,B6,SYR,122,10,-562.0
8,B6,TPA,484,156,10751.0
8,DL,ABE,31,1,60.0
8,DL,ABQ,153,9,88.0
8,DL,AGS,74,8,459.0
8,DL,ALB,124,15,760.0
8,DL,ANC,339,77,3276.0
8,DL,ATL,21624,3588,190993.0
8,DL,ATW,48,2,-97.0
8,DL,AUS,387,37,1967.0
8,DL,AVL,71,14,873.0
8,DL,BDL,427,35,1028.0
8,DL,BGR,56,7,127.0
8,DL,BHM,305,38,2297.0
8,DL,BIL,122,1,-368.0
8,DL,BIS,18,2,34.0
8,DL,BNA,492,47,1714.0
8,DL,BOI,133,7,235.0
8,DL,BOS,1310,228,15028.0
8,DL,BTR,50,2,-34.0
8,DL,BTV,31,0,-42.0
8,DL,BUF,266,28,1519.0
8,DL,BWI,641,79,6360.0
8,DL,BZN,143,11,440.0
8,DL,CAE,108,11,301.0
8,DL,CAK,115,13,383.0
8,DL,CHA,57,9,421.0
8,DL,CHO,31,2,43.0
8,DL,CHS,388,39,2789.0
8,DL,CLE,236,26,574.0
8,DL,CLT,590,83,4411.0
8,DL,CMH,321,41,1771.0
8,DL,COS,31,4,281.0
8,DL,CRW,30,2,-36.0
8,DL,CVG,589,63,2284.0
8,DL,DAB,136,15,422.0
8,DL,DAL,135,22,708.0
8,DL,DAY,122,13,607.0
8,DL,DCA,868,111,7065.0
8,DL,DEN,701,114,6995.0
8,DL,DFW,526,54,4071.0
8,DL,DLH,29,5,481.0
8,DL,DSM,91,17,955.0
8,DL,DTW,5273,665,35498.0
8,DL,ECP,199,23,1437.0
8,DL,ELP,74,8,492.0
8,DL,EVV,46,1,-62.0
8,DL,EWR,498,64,4824.0
8,DL,EYW,83,10,179.0
8,DL,FAI,62,13,466.0
8,DL,FAR,56,1,-36.0
8,DL,FAY,55,6,261.0
8,DL,FCA,101,7,250.0
8,DL,FLL,949,148,7857.0
8,DL,FNT,88,9,-36.0
8,DL,FSD,31,2,-73.0
8,DL,GEG,190,18,173.0
8,DL,GPT,93,16,539.0
8,DL,GRB,111,14,265.0
8,DL,GRR,281,25,549.0
8,DL,GSO,180,22,885.0
8,DL,GSP,162,17,712.0
8,DL,HNL,261,33,2541.0
8,DL,HOU,76,12,712.0
8,DL,HSV,177,20,735.0
8,DL,IAD,230,43,3330.0
8,DL,IAH,346,49,3009.0
8,DL,ICT,92,12,211.0
8,DL,ILM,31,3,199.0
8,DL,IND,440,48,2773.0
8,DL,JAC,142,13,86.0
8,DL,JAN,227,24,1153.0
8,DL,JAX,408,60,2816.0
8,DL,JFK,2630,552,30498.0
8,DL,JNU,31,7,180.0
8,DL,KOA,31,7,425.0
8,DL,LAS,1087,139,7384.0
8,DL,LAX,2716,494,24140.0
8,DL,LEX,70,3,-148.0
8,DL,LFT,31,2,371.0
8,DL,LGA,2109,373,24150.0
8,DL,LIH,31,2,68.0
8,DL,LIT,203,22,1034.0
8,DL,MCI,538,49,1226.0
8,DL,MCO,1435,329,23783.0
8,DL,MDT,101,11,814.0
8,DL,MDW,253,30,1054.0
8,DL,MEM,410,58,3154.0
8,DL,MHT,55,3,17.0
8,DL,MIA,771,125,6493.0
8,DL,MKE,478,61,2463.0
8,DL,MLB,119,17,1219.0
8,DL,MOB,57,5,1721.0
8,DL,MSN,239,20,825.0
8,DL,MSO,84,9,654.0
8,DL,MSP,6057,690,30088.0
8,DL,MSY,597,76,4628.0
8,DL,MYR,123,14,218.0
8,DL,OAK,84,5,192.0
8,DL,OGG,93,10,1646.0
8,DL,OKC,161,15,1.0
8,DL,OMA,229,20,561.0
8,DL,ONT,14,0,-39.0
8,DL,ORD,673,109,6812.0
8,DL,ORF,270,33,1799.0
8,DL,PBI,512,72,5532.0
8,DL,PDX,676,64,1380.0
8,DL,PHL,670,113,9851.0
8,DL,PHX,638,65,2807.0
8,DL,PIT,353,49,4502.0
8,DL,PNS,220,23,717.0
8,DL,PSC,42,1,-44.0
8,DL,PVD,169,21,1359.0
8,DL,PWM,107,18,1174.0
8,DL,RAP,35,1,-56.0
8,DL,RDU,540,80,4453.0
8,DL,RIC,261,32,1976.0
8,DL,RNO,93,5,11.0
8,DL,ROA,53,7,227.0
8,DL,ROC,123,10,757.0
8,DL,RSW,379,45,2475.0
8,DL,SAN,645,45,2237.0
8,DL,SAT,303,21,964.0
8,DL,SAV,320,37,1885.0
8,DL,SDF,258,22,312.0
8,DL,SEA,1665,336,17406.0
8,DL,SFO,1133,207,10907.0
8,DL,SGF,31,2,-12.0
8,DL,SHV,25,4,152.0
8,DL,SJC,124,23,1558.0
8,DL,SJU,278,34,1683.0
8,DL,SLC,3485,431,20387.0
8,DL,SMF,199,44,3173.0
8,DL,SNA,249,14,307.0
8,DL,SRQ,164,15,132.0
8,DL,STL,501,40,1270.0
8,DL,STT,92,11,538.0
8,DL,STX,3,0,0.0
8,DL,SYR,134,12,128.0
8,DL,TLH,104,7,78.0
8,DL,TPA,942,163,12406.0
8,DL,TRI,35,3,172.0
8,DL,TUL,90,10,441.0
8,DL,TUS,57,10,1123.0
8,DL,TVC,128,8,181.0
8,DL,TYS,85,11,411.0
8,DL,VPS,195,20,742.0
8,DL,XNA,71,8,270.0
8,EV,ABE,202,37,2063.0
8,EV,ABQ,10,0,-54.0
8,EV,ABY,79,7,151.0
8,EV,ACT,146,18,818.0
8,EV,AEX,232,33,1327.0
8,EV,AGS,130,23,1269.0
8,EV,ALB,91,11,379.0
8,EV,AMA,89,6,-33.0
8,EV,ATL,5371,1105,61888.0
8,EV,ATW,108,17,766.0
8,EV,AUS,25,5,280.0
8,EV,AVL,145,24,1092.0
8,EV,AVP,119,15,1093.0
8,EV,AZO,8,1,27.0
8,EV,BDL,140,19,872.0
8,EV,BGM,29,2,119.0
8,EV,BGR,20,2,289.0
8,EV,BHM,296,42,2378.0
8,EV,BIL,13,0,-50.0
8,EV,BMI,113,12,677.0
8,EV,BNA,224,29,1329.0
8,EV,BOS,227,40,2219.0
8,EV,BPT,44,6,123.0
8,EV,BQK,80,10,599.0
8,EV,BRO,227,19,-18.0
8,EV,BTR,582,98,4758.0
8,EV,BTV,142,22,1274.0
8,EV,BUF,118,17,603.0
8,EV,BWI,33,2,132.0
8,EV,CAE,345,52,2587.0
8,EV,CAK,127,5,-102.0
8,EV,CHA,317,43,2290.0
8,EV,CHO,26,4,604.0
8,EV,CHS,233,45,1580.0
8,EV,CID,200,25,622.0
8,EV,CLE,966,124,4611.0
8,EV,CLL,64,6,144.0
8,EV,CLT,369,85,5034.0
8,EV,CMH,191,29,1332.0
8,EV,COS,15,2,148.0
8,EV,CRP,151,17,589.0
8,EV,CRW,184,32,2063.0
8,EV,CSG,99,8,212.0
8,EV,CVG,212,29,1568.0
8,EV,CWA,61,9,670.0
8,EV,DAL,10,0,-31.0
8,EV,DAY,147,20,739.0
8,EV,DCA,241,33,1208.0
8,EV,DFW,2764,573,31859.0
8,EV,DHN,117,14,612.0
8,EV,DSM,103,21,1414.0
8,EV,DTW,1665,205,8888.0
8,EV,ECP,88,8,80.0
8,EV,ELM,198,22,597.0
8,EV,ELP,94,4,-243.0
8,EV,ERI,61,11,278.0
8,EV,EVV,199,23,324.0
8,EV,EWN,57,13,712.0
8,EV,EWR,2950,527,23778.0
8,EV,EYW,44,12,1438.0
8,EV,FAR,145,20,1364.0
8,EV,FAY,94,22,1081.0
8,EV,FNT,85,10,699.0
8,EV,FSD,133,21,1137.0
8,EV,FSM,145,14,-274.0
8,EV,FWA,23,3,110.0
8,EV,GJT,30,3,11.0
8,EV,GNV,200,44,2853.0
8,EV,GPT,232,35,1674.0
8,EV,GRB,174,22,659.0
8,EV,GRK,265,29,1260.0
8,EV,GRR,161,23,909.0
8,EV,GSO,281,57,3636.0
8,EV,GSP,255,39,1895.0
8,EV,GTR,87,11,979.0
8,EV,HDN,31,2,218.0
8,EV,HOB,51,6,476.0
8,EV,HOU,125,23,1286.0
8,EV,HPN,267,47,3544.0
8,EV,HRL,108,9,560.0
8,EV,HSV,172,22,573.0
8,EV,IAD,151,22,1215.0
8,EV,IAH,5053,596,22347.0
8,EV,ICT,203,26,944.0
8,EV,ILM,158,13,145.0
8,EV,IND,304,37,1356.0
8,EV,ISN,31,4,68.0
8,EV,JAN,398,36,244.0
8,EV,JAX,169,44,2544.0
8,EV,JLN,58,5,339.0
8,EV,LAN,85,9,357.0
8,EV,LAW,90,10,409.0
8,EV,LBB,99,9,191.0
8,EV,LCH,112,10,-84.0
8,EV,LEX,361,44,1917.0
8,EV,LFT,285,40,1454.0
8,EV,LGA,986,224,12296.0
8,EV,LIT,255,34,2206.0
8,EV,LNK,137,15,748.0
8,EV,LRD,132,10,-18.0
8,EV,MAF,142,16,724.0
8,EV,MCI,210,28,1604.0
8,EV,MCO,6,3,358.0
8,EV,MDT,50,5,235.0
8,EV,MDW,110,17,770.0
8,EV,MEI,83,7,-506.0
8,EV,MEM,330,48,1635.0
8,EV,MFE,68,8,-74.0
8,EV,MGM,215,36,1752.0
8,EV,MHT,138,20,1299.0
8,EV,MKE,266,44,2166.0
8,EV,MLB,13,5,147.0
8,EV,MLI,117,15,893.0
8,EV,MLU,284,32,1302.0
8,EV,MOB,315,41,990.0
8,EV,MSN,191,26,863.0
8,EV,MSP,600,124,7427.0
8,EV,MSY,88,9,86.0
8,EV,MTJ,21,2,35.0
8,EV,MYR,48,8,340.0
8,EV,OAJ,105,16,730.0
8,EV,OKC,116,16,785.0
8,EV,OMA,260,38,1149.0
8,EV,ORD,4275,687,36871.0
8,EV,ORF,216,31,1261.0
8,EV,PBI,5,0,-23.0
8,EV,PHF,118,19,1375.0
8,EV,PHX,3,0,-6.0
8,EV,PIA,277,32,1270.0
8,EV,PIB,52,4,91.0
8,EV,PIT,87,11,582.0
8,EV,PNS,210,26,635.0
8,EV,PVD,42,10,786.0
8,EV,PWM,186,37,2194.0
8,EV,RAP,26,5,739.0
8,EV,RDU,248,39,3379.0
8,EV,RIC,507,80,4938.0
8,EV,ROA,181,41,2930.0
8,EV,ROC,107,13,291.0
8,EV,RST,81,11,286.0
8,EV,RSW,10,1,-20.0
8,EV,SAF,31,5,107.0
8,EV,SAT,58,12,268.0
8,EV,SAV,265,56,3145.0
8,EV,SBN,43,5,535.0
8,EV,SCE,143,11,-37.0
8,EV,SDF,117,21,1437.0
8,EV,SGF,133,27,1455.0
8,EV,SHV,490,72,3213.0
8,EV,SLC,5,0,-24.0
8,EV,SPI,60,5,73.0
8,EV,STL,276,33,870.0
8,EV,SWF,1,1,33.0
8,EV,SYR,92,7,228.0
8,EV,TLH,156,30,2278.0
8,EV,TRI,162,24,1939.0
8,EV,TUL,273,53,2759.0
8,EV,TUS,25,4,-36.0
8,EV,TVC,90,13,865.0
8,EV,TXK,87,7,300.0
8,EV,TYR,222,34,1709.0
8,EV,TYS,565,102,6895.0
8,EV,VLD,87,13,1372.0
8,EV,VPS,286,46,1872.0
8,EV,XNA,280,42,2226.0
8,F9,ATL,535,124,7699.0
8,F9,AUS,154,25,994.0
8,F9,BIS,13,1,101.0
8,F9,BNA,31,5,434.0
8,F9,BZN,18,4,-7.0
8,F9,CID,13,2,114.0
8,F9,CLE,316,55,3761.0
8,F9,CLT,62,17,385.0
8,F9,CVG,256,50,2535.0
8,F9,DCA,92,8,69.0
8,F9,DEN,1991,267,9733.0
8,F9,DFW,124,12,205.0
8,F9,DSM,18,2,25.0
8,F9,DTW,79,13,400.0
8,F9,FLL,49,7,308.0
8,F9,FSD,13,3,232.0
8,F9,GSO,18,2,388.0
8,F9,IAD,211,36,2086.0
8,F9,IAH,155,28,1888.0
8,F9,IND,86,17,1152.0
8,F9,LAS,452,82,4123.0
8,F9,LAX,149,36,2100.0
8,F9,LGA,91,20,1187.0
8,F9,MCI,31,2,-99.0
8,F9,MCO,390,102,5250.0
8,F9,MEM,44,5,125.0
8,F9,MIA,183,53,3221.0
8,F9,MKE,31,3,-192.0
8,F9,MSN,18,2,-88.0
8,F9,MSO,13,4,98.0
8,F9,MSP,196,40,2466.0
8,F9,MSY,62,9,329.0
8,F9,OMA,18,4,266.0
8,F9,ORD,478,141,9019.0
8,F9,PDX,93,4,91.0
8,F9,PHL,277,77,3829.0
8,F9,PHX,151,21,694.0
8,F9,RDU,122,19,456.0
8,F9,RSW,91,16,609.0
8,F9,SAN,61,5,-162.0
8,F9,SEA,106,26,875.0
8,F9,SFO,186,25,417.0
8,F9,SLC,92,19,1064.0
8,F9,SNA,62,7,77.0
8,F9,STL,61,5,-97.0
8,F9,TPA,122,24,1723.0
8,F9,TTN,277,45,1398.0
8,F9,TYS,13,3,107.0
8,F9,UST,12,7,451.0
8,HA,HNL,2914,346,10505.0
8,HA,ITO,524,67,2184.0
8,HA,JFK,31,4,16.0
8,HA,KOA,779,88,4333.0
8,HA,LAS,75,6,132.0
8,HA,LAX,183,19,1517.0
8,HA,LIH,735,101,4053.0
8,HA,OAK,89,13,1010.0
8,HA,OGG,1206,194,8264.0
8,HA,PDX,31,2,-55.0
8,HA,PHX,31,2,95.0
8,HA,PPG,11,1,-3.0
8,HA,SAN,31,1,7.0
8,HA,SEA,62,4,370.0
8,HA,SFO,62,5,556.0
8,HA,SJC,62,4,209.0
8,HA,SMF,31,1,-111.0
8,MQ,ABI,208,11,-588.0
8,MQ,ABQ,56,8,457.0
8,MQ,AEX,60,10,1790.0
8,MQ,ALO,55,5,60.0
8,MQ,AMA,36,2,-135.0
8,MQ,ASE,41,11,581.0
8,MQ,ATL,162,41,1910.0
8,MQ,AZO,116,17,667.0
8,MQ,BDL,58,16,654.0
8,MQ,BHM,70,9,592.0
8,MQ,BIS,61,11,582.0
8,MQ,BMI,139,13,-38.0
8,MQ,BNA,422,84,5253.0
8,MQ,BPT,46,6,196.0
8,MQ,BTR,28,6,130.0
8,MQ,BUF,83,15,923.0
8,MQ,BWI,115,21,2019.0
8,MQ,CHA,31,6,217.0
8,MQ,CHO,30,4,235.0
8,MQ,CID,259,44,2098.0
8,MQ,CLE,150,41,2616.0
8,MQ,CLL,153,14,-68.0
8,MQ,CMH,368,88,6206.0
8,MQ,CMI,185,10,-273.0
8,MQ,COU,116,18,1452.0
8,MQ,CRP,43,3,-210.0
8,MQ,CVG,452,65,3968.0
8,MQ,CWA,66,9,417.0
8,MQ,DAY,166,21,720.0
8,MQ,DBQ,84,13,418.0
8,MQ,DCA,141,50,3882.0
8,MQ,DFW,4157,629,26286.0
8,MQ,DRO,93,16,1142.0
8,MQ,DSM,168,30,1624.0
8,MQ,DTW,141,45,3496.0
8,MQ,ELP,59,10,640.0
8,MQ,EVV,143,20,1208.0
8,MQ,EWR,38,4,346.0
8,MQ,EYW,44,3,-64.0
8,MQ,FAR,132,17,1353.0
8,MQ,FNT,84,9,347.0
8,MQ,FSD,86,11,593.0
8,MQ,FSM,23,4,36.0
8,MQ,FWA,174,19,678.0
8,MQ,GCK,60,3,-303.0
8,MQ,GGG,60,8,290.0
8,MQ,GJT,89,4,-359.0
8,MQ,GNV,50,9,335.0
8,MQ,GRB,114,8,-192.0
8,MQ,GRI,56,6,-63.0
8,MQ,GRK,104,8,123.0
8,MQ,GRR,255,32,1299.0
8,MQ,GSO,64,14,572.0
8,MQ,GSP,37,3,-27.0
8,MQ,HOU,185,38,3019.0
8,MQ,HPN,84,13,1606.0
8,MQ,HSV,83,14,582.0
8,MQ,ICT,61,6,285.0
8,MQ,IND,164,23,858.0
8,MQ,JAN,60,8,259.0
8,MQ,JAX,60,10,219.0
8,MQ,JFK,222,43,2575.0
8,MQ,LAW,30,1,-196.0
8,MQ,LAX,15,2,172.0
8,MQ,LBB,13,1,136.0
8,MQ,LCH,60,9,339.0
8,MQ,LEX,82,10,863.0
8,MQ,LFT,116,11,103.0
8,MQ,LGA,876,294,15519.0
8,MQ,LIT,218,41,1989.0
8,MQ,LRD,72,6,90.0
8,MQ,LSE,106,12,583.0
8,MQ,MAF,68,17,801.0
8,MQ,MDT,80,10,618.0
8,MQ,MEM,99,11,537.0
8,MQ,MGM,74,5,-89.0
8,MQ,MHK,153,12,-98.0
8,MQ,MIA,482,105,5414.0
8,MQ,MLI,167,19,310.0
8,MQ,MOB,91,12,227.0
8,MQ,MQT,25,3,-15.0
8,MQ,MSN,177,17,224.0
8,MQ,MTJ,14,1,43.0
8,MQ,OKC,251,62,3334.0
8,MQ,OMA,61,9,231.0
8,MQ,ORD,5754,1062,49312.0
8,MQ,ORF,5,2,142.0
8,MQ,PHL,3,0,-8.0
8,MQ,PIA,172,15,178.0
8,MQ,PIT,59,13,775.0
8,MQ,PNS,118,20,917.0
8,MQ,RAP,24,3,35.0
8,MQ,RDU,159,46,2466.0
8,MQ,RIC,218,62,5113.0
8,MQ,ROC,119,20,1185.0
8,MQ,ROW,93,3,-235.0
8,MQ,RST,121,11,216.0
8,MQ,SAF,75,9,145.0
8,MQ,SAV,59,4,-24.0
8,MQ,SDF,33,3,-25.0
8,MQ,SGF,283,35,2613.0
8,MQ,SJT,149,14,-170.0
8,MQ,SPS,121,3,143.0
8,MQ,STL,82,18,720.0
8,MQ,SUX,55,10,566.0
8,MQ,SYR,143,26,1716.0
8,MQ,TLH,31,4,-86.0
8,MQ,TOL,87,5,-141.0
8,MQ,TUL,166,22,550.0
8,MQ,TVC,124,15,1068.0
8,MQ,TXK,4,0,-26.0
8,MQ,TYS,16,6,421.0
8,MQ,XNA,425,86,5581.0
8,NK,ACY,335,89,6801.0
8,NK,ATL,466,188,13378.0
8,NK,BOS,243,72,4247.0
8,NK,BQN,18,3,125.0
8,NK,BWI,334,138,9437.0
8,NK,CLE,246,68,4228.0
8,NK,CRW,9,1,14.0
8,NK,DEN,387,115,8146.0
8,NK,DFW,851,218,14307.0
8,NK,DTW,620,209,14548.0
8,NK,FLL,1035,288,18843.0
8,NK,IAG,27,6,507.0
8,NK,IAH,512,213,15878.0
8,NK,LAS,851,271,18724.0
8,NK,LAX,472,192,14568.0
8,NK,LBE,142,46,3055.0
8,NK,LGA,332,89,5859.0
8,NK,MCI,151,52,3176.0
8,NK,MCO,394,137,9577.0
8,NK,MSP,297,136,9673.0
8,NK,MSY,150,49,2842.0
8,NK,MYR,397,131,7936.0
8,NK,OAK,150,34,2529.0
8,NK,ORD,999,379,23996.0
8,NK,PBG,26,8,384.0
8,NK,PDX,89,31,2845.0
8,NK,PHL,154,48,3593.0
8,NK,PHX,61,9,72.0
8,NK,RSW,56,14,702.0
8,NK,SAN,180,26,1720.0
8,NK,SJU,58,18,1153.0
8,NK,STT,29,7,147.0
8,NK,TPA,175,65,4859.0
8,OO,ABQ,334,58,2254.0
8,OO,ABR,61,5,159.0
8,OO,ACV,117,35,2159.0
8,OO,AGS,11,0,-9.0
8,OO,ALB,12,2,102.0
8,OO,AMA,47,3,38.0
8,OO,APN,51,6,-14.0
8,OO,ASE,174,28,1421.0
8,OO,ATL,428,57,3961.0
8,OO,ATW,138,26,843.0
8,OO,AUS,221,29,1056.0
8,OO,AVL,95,10,598.0
8,OO,AZO,12,0,-76.0
8,OO,BDL,65,12,854.0
8,OO,BFL,236,33,990.0
8,OO,BHM,109,17,703.0
8,OO,BIL,135,11,800.0
8,OO,BIS,259,28,2058.0
8,OO,BJI,62,6,948.0
8,OO,BNA,276,39,2086.0
8,OO,BOI,626,109,4491.0
8,OO,BOS,12,2,133.0
8,OO,BRD,60,2,-82.0
8,OO,BTM,61,5,544.0
8,OO,BUR,388,39,1030.0
8,OO,BZN,255,27,1040.0
8,OO,CAE,9,2,286.0
8,OO,CAK,12,2,138.0
8,OO,CDC,52,6,31.0
8,OO,CHO,119,27,2484.0
8,OO,CHS,79,15,1580.0
8,OO,CID,170,19,406.0
8,OO,CIU,62,8,862.0
8,OO,CLE,20,4,231.0
8,OO,CLT,59,18,2041.0
8,OO,CMH,86,22,1476.0
8,OO,CMX,61,8,981.0
8,OO,COD,77,18,718.0
8,OO,COS,468,73,2924.0
8,OO,CPR,188,13,-229.0
8,OO,CRP,26,4,114.0
8,OO,CVG,428,64,2908.0
8,OO,DAY,190,22,1007.0
8,OO,DCA,185,19,2120.0
8,OO,DEN,4582,824,34722.0
8,OO,DFW,397,72,4683.0
8,OO,DIK,61,2,-361.0
8,OO,DLH,133,21,1221.0
8,OO,DRO,102,7,-123.0
8,OO,DSM,130,15,47.0
8,OO,DTW,1022,137,6766.0
8,OO,DVL,36,5,21.0
8,OO,EAU,59,19,1527.0
8,OO,EKO,30,1,-254.0
8,OO,ELP,155,22,826.0
8,OO,ESC,50,5,50.0
8,OO,EUG,362,49,2128.0
8,OO,FAR,273,35,695.0
8,OO,FAT,617,116,6387.0
8,OO,FCA,214,36,1816.0
8,OO,FLG,166,21,621.0
8,OO,FNT,77,10,276.0
8,OO,FSD,188,34,1930.0
8,OO,FWA,317,35,3896.0
8,OO,GCC,87,6,-155.0
8,OO,GEG,197,39,1622.0
8,OO,GFK,75,7,-174.0
8,OO,GJT,175,14,-295.0
8,OO,GRB,109,11,102.0
8,OO,GRR,58,13,451.0
8,OO,GTF,227,12,-217.0
8,OO,GUC,45,8,663.0
8,OO,HIB,81,3,-366.0
8,OO,HLN,146,5,-302.0
8,OO,HYS,51,7,12.0
8,OO,IAD,28,5,195.0
8,OO,IAH,1417,368,21643.0
8,OO,ICT,225,37,2163.0
8,OO,IDA,253,18,-414.0
8,OO,IMT,57,4,335.0
8,OO,IND,24,6,284.0
8,OO,INL,53,5,150.0
8,OO,ISN,200,14,-100.0
8,OO,JAC,125,21,656.0
8,OO,JAX,20,10,789.0
8,OO,JMS,67,14,47.0
8,OO,KTN,29,13,692.0
8,OO,LAN,60,5,-78.0
8,OO,LAR,51,3,8.0
8,OO,LAS,148,27,997.0
8,OO,LAX,3419,856,39781.0
8,OO,LBB,60,7,198.0
8,OO,LEX,70,8,304.0
8,OO,LFT,22,3,25.0
8,OO,LGA,13,1,29.0
8,OO,LGB,115,6,-87.0
8,OO,LIT,109,16,1477.0
8,OO,LNK,93,11,372.0
8,OO,LSE,57,3,225.0
8,OO,LWS,60,1,-253.0
8,OO,MAF,126,10,-102.0
8,OO,MBS,135,21,546.0
8,OO,MCI,153,36,1664.0
8,OO,MDT,8,1,145.0
8,OO,MDW,87,8,238.0
8,OO,MEM,82,16,804.0
8,OO,MFE,9,1,52.0
8,OO,MFR,247,36,1367.0
8,OO,MIA,45,12,599.0
8,OO,MKE,689,104,4698.0
8,OO,MKG,59,10,347.0
8,OO,MLI,22,6,196.0
8,OO,MOT,203,14,17.0
8,OO,MRY,275,44,2934.0
8,OO,MSN,163,22,1095.0
8,OO,MSO,184,22,529.0
8,OO,MSP,2576,257,8740.0
8,OO,MSY,104,16,859.0
8,OO,MTJ,61,2,-364.0
8,OO,OAK,241,55,2826.0
8,OO,OKC,270,38,1478.0
8,OO,OMA,152,20,699.0
8,OO,ONT,509,70,1615.0
8,OO,ORD,3729,820,47818.0
8,OO,ORF,34,10,784.0
8,OO,OTH,40,15,995.0
8,OO,PAH,59,11,840.0
8,OO,PBI,8,4,199.0
8,OO,PDX,444,60,2318.0
8,OO,PHX,1883,326,15812.0
8,OO,PIH,70,3,-374.0
8,OO,PIT,35,9,804.0
8,OO,PLN,90,10,450.0
8,OO,PSC,195,20,880.0
8,OO,PSP,342,57,3003.0
8,OO,PVD,8,1,39.0
8,OO,RAP,349,42,1006.0
8,OO,RDD,62,15,1092.0
8,OO,RDM,229,28,2074.0
8,OO,RHI,88,3,176.0
8,OO,RIC,24,10,503.0
8,OO,RKS,57,2,-189.0
8,OO,RNO,231,81,3828.0
8,OO,SAF,29,2,643.0
8,OO,SAN,624,114,3280.0
8,OO,SAT,316,55,2282.0
8,OO,SAV,10,3,119.0
8,OO,SBA,604,107,3922.0
8,OO,SBN,362,54,4894.0
8,OO,SBP,222,44,1508.0
8,OO,SDF,33,6,333.0
8,OO,SEA,1345,285,14643.0
8,OO,SFO,3089,689,31559.0
8,OO,SGF,49,8,171.0
8,OO,SGU,155,11,-122.0
8,OO,SHV,61,13,399.0
8,OO,SIT,29,4,43.0
8,OO,SJC,537,96,4113.0
8,OO,SLC,4167,479,14513.0
8,OO,SMF,557,143,7978.0
8,OO,SMX,60,12,473.0
8,OO,SNA,239,45,2115.0
8,OO,SPI,90,5,122.0
8,OO,STL,156,25,1416.0
8,OO,SUN,124,16,949.0
8,OO,SYR,16,8,574.0
8,OO,TUL,135,10,70.0
8,OO,TUS,553,101,5449.0
8,OO,TVC,33,5,56.0
8,OO,TWF,85,5,-73.0
8,OO,VPS,9,1,5.0
8,OO,WYS,54,1,-106.0
8,OO,XNA,113,17,386.0
8,OO,YUM,170,11,122.0
8,UA,ABQ,66,18,1235.0
8,UA,ALB,74,6,86.0
8,UA,ANC,149,62,3148.0
8,UA,ATL,313,64,4341.0
8,UA,AUS,479,88,5767.0
8,UA,BDL,35,5,211.0
8,UA,BIL,61,7,151.0
8,UA,BNA,76,12,975.0
8,UA,BOI,52,3,145.0
8,UA,BOS,1189,287,19931.0
8,UA,BQN,30,17,1100.0
8,UA,BTV,13,1,75.0
8,UA,BUF,97,21,2304.0
8,UA,BWI,328,59,3778.0
8,UA,BZN,106,20,725.0
8,UA,CLE,562,96,5851.0
8,UA,CLT,37,11,533.0
8,UA,CMH,65,9,563.0
8,UA,DCA,421,71,5842.0
8,UA,DEN,4523,947,56263.0
8,UA,DFW,342,48,3001.0
8,UA,DSM,68,12,461.0
8,UA,DTW,123,24,2301.0
8,UA,EGE,8,1,14.0
8,UA,EWR,3944,1269,78944.0
8,UA,FAI,17,13,640.0
8,UA,FLL,347,60,2950.0
8,UA,GEG,57,8,745.0
8,UA,GRR,103,20,931.0
8,UA,GUM,31,10,395.0
8,UA,HNL,485,101,6354.0
8,UA,IAD,1753,378,28130.0
8,UA,IAH,4884,1303,86482.0
8,UA,ICT,42,5,372.0
8,UA,IND,101,14,532.0
8,UA,ITO,30,4,174.0
8,UA,JAC,149,21,597.0
8,UA,JFK,377,50,2557.0
8,UA,KOA,135,18,808.0
8,UA,LAS,1038,169,8889.0
8,UA,LAX,2751,653,35565.0
8,UA,LGA,762,135,9145.0
8,UA,LIH,95,13,301.0
8,UA,MCI,73,14,699.0
8,UA,MCO,921,256,17985.0
8,UA,MDT,49,5,250.0
8,UA,MFE,41,6,383.0
8,UA,MIA,174,37,2261.0
8,UA,MSN,79,14,669.0
8,UA,MSP,376,58,4290.0
8,UA,MSY,300,37,1376.0
8,UA,OGG,198,40,2176.0
8,UA,OKC,78,8,210.0
8,UA,OMA,121,29,2424.0
8,UA,ORD,5876,1624,107396.0
8,UA,ORF,13,2,1.0
8,UA,PBI,122,43,2598.0
8,UA,PDX,579,72,4018.0
8,UA,PHL,369,70,4364.0
8,UA,PHX,357,65,3652.0
8,UA,PIT,251,33,1792.0
8,UA,PVD,28,4,150.0
8,UA,RDU,178,41,2390.0
8,UA,RIC,30,3,46.0
8,UA,RNO,118,7,-243.0
8,UA,ROC,62,12,711.0
8,UA,RSW,105,17,634.0
8,UA,SAN,771,125,7299.0
8,UA,SAT,256,25,1565.0
8,UA,SEA,917,221,13823.0
8,UA,SFO,4598,1048,58331.0
8,UA,SJC,136,13,124.0
8,UA,SJU,181,50,3163.0
8,UA,SLC,124,19,633.0
8,UA,SMF,231,25,1230.0
8,UA,SNA,488,88,5616.0
8,UA,STL,47,9,619.0
8,UA,STT,22,7,787.0
8,UA,TPA,467,98,5887.0
8,UA,TUL,18,1,18.0
8,VX,AUS,171,20,395.0
8,VX,BOS,192,20,1613.0
8,VX,DAL,502,96,3861.0
8,VX,DCA,114,18,651.0
8,VX,EWR,182,23,1010.0
8,VX,FLL,62,9,181.0
8,VX,IAD,149,10,55.0
8,VX,JFK,341,21,350.0
8,VX,LAS,392,80,5203.0
8,VX,LAX,1182,258,14315.0
8,VX,LGA,108,14,326.0
8,VX,MCO,31,9,549.0
8,VX,ORD,153,21,1037.0
8,VX,PDX,42,3,-24.0
8,VX,SAN,182,34,1129.0
8,VX,SEA,196,52,3001.0
8,VX,SFO,1665,329,16655.0
8,WN,ABQ,1027,202,9984.0
8,WN,ALB,363,58,3519.0
8,WN,AMA,144,7,-58.0
8,WN,ATL,3693,942,53849.0
8,WN,AUS,1627,246,14243.0
8,WN,BDL,496,95,5811.0
8,WN,BHM,381,50,2846.0
8,WN,BNA,2570,462,23939.0
8,WN,BOI,278,43,2958.0
8,WN,BOS,1053,209,13221.0
8,WN,BUF,500,83,4868.0
8,WN,BUR,1215,172,7731.0
8,WN,BWI,5959,1678,100915.0
8,WN,CAK,281,35,1157.0
8,WN,CHS,250,28,1478.0
8,WN,CLE,440,56,2332.0
8,WN,CLT,180,37,1888.0
8,WN,CMH,953,142,8357.0
8,WN,CRP,113,18,1062.0
8,WN,DAL,5124,1013,54015.0
8,WN,DAY,132,22,1297.0
8,WN,DCA,1274,186,10389.0
8,WN,DEN,5380,1163,62066.0
8,WN,DSM,90,6,113.0
8,WN,DTW,594,98,5259.0
8,WN,ECP,173,30,1222.0
8,WN,ELP,591,87,4734.0
8,WN,EWR,508,99,7492.0
8,WN,FLL,1364,300,18171.0
8,WN,FNT,119,18,1007.0
8,WN,GEG,276,37,2726.0
8,WN,GRR,133,27,1604.0
8,WN,GSP,116,23,1116.0
8,WN,HOU,4384,1010,59770.0
8,WN,HRL,172,23,924.0
8,WN,IAD,208,33,1978.0
8,WN,ICT,141,14,271.0
8,WN,IND,890,163,10044.0
8,WN,ISP,374,72,4669.0
8,WN,JAX,382,65,3370.0
8,WN,LAS,6443,1610,95467.0
8,WN,LAX,3446,892,50455.0
8,WN,LBB,208,20,395.0
8,WN,LGA,979,215,12714.0
8,WN,LIT,233,28,1715.0
8,WN,MAF,301,48,3195.0
8,WN,MCI,1943,271,13643.0
8,WN,MCO,3056,756,50275.0
8,WN,MDW,7435,1799,97668.0
8,WN,MEM,276,50,2653.0
8,WN,MHT,415,71,4281.0
8,WN,MKE,1109,195,11918.0
8,WN,MSP,720,100,4806.0
8,WN,MSY,1567,229,10784.0
8,WN,OAK,3069,681,37871.0
8,WN,OKC,550,65,3200.0
8,WN,OMA,490,69,3796.0
8,WN,ONT,894,171,11149.0
8,WN,ORF,222,51,3060.0
8,WN,PBI,183,37,1821.0
8,WN,PDX,1163,180,10159.0
8,WN,PHL,715,122,6639.0
8,WN,PHX,4896,1160,65144.0
8,WN,PIT,795,145,7726.0
8,WN,PNS,98,19,845.0
8,WN,PVD,535,93,4364.0
8,WN,PWM,118,28,1495.0
8,WN,RDU,850,138,8821.0
8,WN,RIC,119,13,874.0
8,WN,RNO,605,108,5082.0
8,WN,ROC,157,35,2276.0
8,WN,RSW,364,88,4926.0
8,WN,SAN,2853,638,33909.0
8,WN,SAT,1294,193,9781.0
8,WN,SDF,399,54,3457.0
8,WN,SEA,1287,345,18713.0
8,WN,SFO,1305,272,14087.0
8,WN,SJC,1975,361,19284.0
8,WN,SJU,232,26,904.0
8,WN,SLC,849,150,7974.0
8,WN,SMF,1923,340,18400.0
8,WN,SNA,1671,282,14274.0
8,WN,STL,2591,476,24727.0
8,WN,TPA,2093,490,33044.0
8,WN,TUL,384,54,2449.0
8,WN,TUS,365,67,4215.0
9,AA,ABQ,183,11,-119.0
9,AA,ALB,59,3,-135.0
9,AA,ANC,60,11,1538.0
9,AA,ATL,911,65,1480.0
9,AA,AUS,788,76,1446.0
9,AA,BDL,243,22,1006.0
9,AA,BNA,422,40,2079.0
9,AA,BOI,63,7,635.0
9,AA,BOS,2447,248,4290.0
9,AA,BUF,107,6,-73.0
9,AA,BWI,513,59,3076.0
9,AA,CHS,45,3,-72.0
9,AA,CLE,253,15,774.0
9,AA,CLT,7702,1027,49985.0
9,AA,CMH,202,21,379.0
9,AA,COS,106,8,11.0
9,AA,DAY,79,5,-40.0
9,AA,DCA,2466,296,11758.0
9,AA,DEN,825,95,5219.0
9,AA,DFW,11866,1623,58458.0
9,AA,DSM,73,2,-267.0
9,AA,DTW,503,36,1895.0
9,AA,EGE,30,2,44.0
9,AA,ELP,115,11,238.0
9,AA,EWR,637,72,2832.0
9,AA,FAT,60,13,623.0
9,AA,FLL,582,68,3248.0
9,AA,GEG,59,5,-90.0
9,AA,GSO,60,7,-53.0
9,AA,HNL,219,20,208.0
9,AA,IAD,217,23,592.0
9,AA,IAH,752,83,2467.0
9,AA,ILM,47,6,197.0
9,AA,IND,329,25,585.0
9,AA,JAC,57,3,-193.0
9,AA,JAX,321,36,2125.0
9,AA,JFK,1488,186,7366.0
9,AA,KOA,49,5,-120.0
9,AA,LAS,1242,110,1651.0
9,AA,LAX,3179,324,9814.0
9,AA,LBB,30,2,-8.0
9,AA,LGA,2201,233,4706.0
9,AA,LIH,58,6,-133.0
9,AA,MCI,435,49,2187.0
9,AA,MCO,1421,194,9958.0
9,AA,MEM,60,6,174.0
9,AA,MFE,118,10,1112.0
9,AA,MIA,4191,950,51978.0
9,AA,MKE,136,14,1482.0
9,AA,MSP,669,63,962.0
9,AA,MSY,451,34,956.0
9,AA,OAK,58,1,-194.0
9,AA,OGG,126,9,1215.0
9,AA,OKC,133,10,-377.0
9,AA,OMA,136,19,986.0
9,AA,ONT,229,30,2396.0
9,AA,ORD,4729,750,35923.0
9,AA,ORF,143,14,477.0
9,AA,PBI,314,32,80.0
9,AA,PDX,374,28,2077.0
9,AA,PHL,3757,443,18346.0
9,AA,PHX,4532,498,17855.0
9,AA,PIT,486,37,1025.0
9,AA,PSP,30,0,-91.0
9,AA,PVD,215,17,215.0
9,AA,PWM,57,4,299.0
9,AA,RDU,651,73,2919.0
9,AA,RIC,235,29,1423.0
9,AA,RNO,187,13,709.0
9,AA,ROC,41,6,249.0
9,AA,RSW,230,19,106.0
9,AA,SAN,701,46,2656.0
9,AA,SAT,457,32,-476.0
9,AA,SDF,26,3,198.0
9,AA,SEA,755,87,5195.0
9,AA,SFO,1361,175,8333.0
9,AA,SJC,336,25,1574.0
9,AA,SJU,374,34,850.0
9,AA,SLC,344,32,1206.0
9,AA,SMF,266,25,787.0
9,AA,SNA,498,47,1389.0
9,AA,STL,595,55,870.0
9,AA,STT,64,9,480.0
9,AA,STX,30,8,1713.0
9,AA,SYR,52,4,-97.0
9,AA,TPA,961,99,2628.0
9,AA,TUL,207,18,-48.0
9,AA,TUS,207,14,813.0
9,AS,ABQ,30,0,-328.0
9,AS,ADK,8,4,203.0
9,AS,ADQ,47,5,-4.0
9,AS,ANC,1105,77,-419.0
9,AS,ATL,60,6,139.0
9,AS,AUS,35,2,-120.0
9,AS,BET,81,3,-350.0
9,AS,BNA,8,0,-42.0
9,AS,BOS,120,14,126.0
9,AS,BRW,75,6,-304.0
9,AS,BUR,112,7,-675.0
9,AS,BWI,50,6,100.0
9,AS,CDV,60,16,790.0
9,AS,DCA,120,9,-212.0
9,AS,DEN,144,9,-243.0
9,AS,DFW,132,3,-643.0
9,AS,DTW,31,4,148.0
9,AS,EWR,61,5,987.0
9,AS,FAI,172,17,947.0
9,AS,FLL,30,8,298.0
9,AS,GEG,141,19,335.0
9,AS,HNL,195,20,425.0
9,AS,IAD,30,4,84.0
9,AS,IAH,34,0,-185.0
9,AS,JFK,14,0,-9.0
9,AS,JNU,342,52,2502.0
9,AS,KOA,85,6,-345.0
9,AS,KTN,199,29,-33.0
9,AS,LAS,314,23,-892.0
9,AS,LAX,891,69,-1467.0
9,AS,LIH,77,8,-322.0
9,AS,MCI,33,4,271.0
9,AS,MCO,58,5,17.0
9,AS,MSP,60,4,104.0
9,AS,MSY,30,1,-259.0
9,AS,OAK,175,5,-867.0
9,AS,OGG,209,13,-339.0
9,AS,OME,59,12,204.0
9,AS,ONT,60,5,38.0
9,AS,ORD,179,15,-93.0
9,AS,OTZ,59,14,505.0
9,AS,PDX,1170,91,-460.0
9,AS,PHL,30,3,103.0
9,AS,PHX,176,14,-752.0
9,AS,PSG,60,6,-20.0
9,AS,PSP,89,11,-33.0
9,AS,SAN,454,17,-1585.0
9,AS,SAT,30,2,-242.0
9,AS,SCC,76,7,-20.0
9,AS,SEA,4590,375,5479.0
9,AS,SFO,454,70,3133.0
9,AS,SIT,105,12,283.0
9,AS,SJC,367,28,240.0
9,AS,SLC,187,8,-922.0
9,AS,SMF,204,12,-1017.0
9,AS,SNA,314,25,-1046.0
9,AS,STL,35,4,-43.0
9,AS,TPA,30,4,195.0
9,AS,TUS,30,1,-113.0
9,AS,WRG,59,5,-116.0
9,AS,YAK,60,10,201.0
9,B6,ABQ,26,8,341.0
9,B6,ACK,77,14,726.0
9,B6,ANC,43,12,603.0
9,B6,AUS,183,35,1537.0
9,B6,BDL,239,28,674.0
9,B6,BOS,3302,429,16041.0
9,B6,BQN,61,11,506.0
9,B6,BTV,113,19,1094.0
9,B6,BUF,400,44,140.0
9,B6,BUR,29,7,131.0
9,B6,BWI,162,15,252.0
9,B6,CHS,156,30,1579.0
9,B6,CLE,87,10,167.0
9,B6,CLT,117,29,1157.0
9,B6,DCA,841,99,4601.0
9,B6,DEN,91,18,546.0
9,B6,DFW,56,3,-108.0
9,B6,DTW,117,10,-184.0
9,B6,EWR,528,70,2164.0
9,B6,FLL,1409,406,21754.0
9,B6,HOU,59,14,657.0
9,B6,HPN,303,55,1645.0
9,B6,HYA,8,1,-39.0
9,B6,IAD,171,27,1003.0
9,B6,JAX,265,46,2083.0
9,B6,JFK,3539,577,24861.0
9,B6,LAS,401,79,4013.0
9,B6,LAX,363,48,2203.0
9,B6,LGA,535,95,4174.0
9,B6,LGB,673,108,4764.0
9,B6,MCO,1442,298,17923.0
9,B6,MSY,90,20,931.0
9,B6,MVY,27,4,380.0
9,B6,OAK,131,18,553.0
9,B6,ORD,215,42,2448.0
9,B6,ORH,59,6,61.0
9,B6,PBI,484,119,5070.0
9,B6,PDX,117,21,1268.0
9,B6,PHL,143,20,475.0
9,B6,PHX,60,15,669.0
9,B6,PIT,142,13,-179.0
9,B6,PSE,59,7,-79.0
9,B6,PVD,81,13,422.0
9,B6,PWM,114,21,1097.0
9,B6,RDU,246,46,2306.0
9,B6,RIC,203,18,-60.0
9,B6,RNO,21,4,339.0
9,B6,ROC,112,18,274.0
9,B6,RSW,246,61,3450.0
9,B6,SAN,112,20,1390.0
9,B6,SAV,90,19,1162.0
9,B6,SEA,206,69,3116.0
9,B6,SFO,445,88,3688.0
9,B6,SJC,49,13,666.0
9,B6,SJU,794,144,7464.0
9,B6,SLC,120,40,2288.0
9,B6,SMF,95,12,299.0
9,B6,SRQ,60,13,446.0
9,B6,STT,61,0,-363.0
9,B6,STX,30,7,318.0
9,B6,SWF,60,5,83.0
9,B6,SYR,141,17,408.0
9,B6,TPA,434,106,6216.0
9,DL,ABE,30,3,325.0
9,DL,ABQ,137,7,286.0
9,DL,AGS,78,2,-19.0
9,DL,ALB,145,8,252.0
9,DL,ANC,190,17,894.0
9,DL,ATL,20118,1784,71641.0
9,DL,ATW,31,1,-53.0
9,DL,AUS,275,20,604.0
9,DL,AVL,30,2,469.0
9,DL,AVP,29,1,94.0
9,DL,BDL,406,26,514.0
9,DL,BGR,30,0,-76.0
9,DL,BHM,292,12,-139.0
9,DL,BIL,85,5,385.0
9,DL,BIS,30,1,-100.0
9,DL,BNA,421,28,1394.0
9,DL,BOI,30,1,18.0
9,DL,BOS,1131,107,6416.0
9,DL,BTR,19,2,20.0
9,DL,BTV,1,0,-4.0
9,DL,BUF,257,11,372.0
9,DL,BWI,605,57,3366.0
9,DL,BZN,119,4,-235.0
9,DL,CAE,104,2,-221.0
9,DL,CAK,110,7,-57.0
9,DL,CHA,30,1,290.0
9,DL,CHO,30,0,-111.0
9,DL,CHS,361,21,1032.0
9,DL,CLE,219,9,428.0
9,DL,CLT,522,28,-271.0
9,DL,CMH,279,35,902.0
9,DL,COS,29,1,-88.0
9,DL,CRW,30,2,255.0
9,DL,CVG,445,27,363.0
9,DL,DAB,111,8,111.0
9,DL,DAL,136,6,-91.0
9,DL,DAY,115,10,156.0
9,DL,DCA,795,96,5767.0
9,DL,DEN,669,56,1728.0
9,DL,DFW,494,37,354.0
9,DL,DLH,24,2,306.0
9,DL,DSM,97,13,511.0
9,DL,DTW,4510,477,22024.0
9,DL,ECP,177,13,402.0
9,DL,ELP,74,6,163.0
9,DL,EVV,30,1,311.0
9,DL,EWR,513,40,1102.0
9,DL,EYW,60,7,114.0
9,DL,FAI,15,2,95.0
9,DL,FAR,92,9,390.0
9,DL,FAY,54,7,151.0
9,DL,FCA,31,3,56.0
9,DL,FLL,792,93,4240.0
9,DL,FNT,83,3,66.0
9,DL,FSD,59,3,-136.0
9,DL,GEG,139,12,635.0
9,DL,GPT,110,6,831.0
9,DL,GRB,44,1,-126.0
9,DL,GRR,270,13,-17.0
9,DL,GSO,217,18,721.0
9,DL,GSP,197,14,1025.0
9,DL,HNL,184,13,1417.0
9,DL,HOU,148,8,165.0
9,DL,HSV,189,16,1032.0
9,DL,IAD,243,20,560.0
9,DL,IAH,208,20,164.0
9,DL,ICT,85,4,216.0
9,DL,ILM,30,2,-1.0
9,DL,IND,357,28,215.0
9,DL,JAC,90,3,-328.0
9,DL,JAN,194,11,851.0
9,DL,JAX,385,24,1017.0
9,DL,JFK,2099,304,12911.0
9,DL,JNU,1,0,-1.0
9,DL,KOA,30,4,1072.0
9,DL,LAS,1017,65,218.0
9,DL,LAX,2500,329,14744.0
9,DL,LEX,107,2,-111.0
9,DL,LFT,30,3,99.0
9,DL,LGA,1926,201,10139.0
9,DL,LIH,30,3,20.0
9,DL,LIT,165,7,-227.0
9,DL,MCI,497,27,1356.0
9,DL,MCO,1231,113,3749.0
9,DL,MDT,83,9,246.0
9,DL,MDW,226,20,493.0
9,DL,MEM,402,30,1213.0
9,DL,MHT,50,1,-87.0
9,DL,MIA,698,91,4736.0
9,DL,MKE,443,39,1587.0
9,DL,MLB,107,12,342.0
9,DL,MOB,31,1,-24.0
9,DL,MSN,316,26,1936.0
9,DL,MSO,55,2,-40.0
9,DL,MSP,5258,499,15863.0
9,DL,MSY,595,36,322.0
9,DL,MYR,114,8,63.0
9,DL,OAK,80,2,116.0
9,DL,OGG,81,14,2449.0
9,DL,OKC,142,8,371.0
9,DL,OMA,195,14,562.0
9,DL,ONT,29,3,99.0
9,DL,ORD,661,94,5014.0
9,DL,ORF,247,12,-3.0
9,DL,PBI,457,58,3529.0
9,DL,PDX,508,35,677.0
9,DL,PHL,607,63,3238.0
9,DL,PHX,548,33,532.0
9,DL,PIT,375,32,1740.0
9,DL,PNS,200,11,-82.0
9,DL,PSC,60,1,-80.0
9,DL,PVD,147,9,520.0
9,DL,PWM,87,10,277.0
9,DL,RAP,29,2,168.0
9,DL,RDU,439,36,993.0
9,DL,RIC,249,31,1840.0
9,DL,RNO,77,4,23.0
9,DL,ROA,53,3,-60.0
9,DL,ROC,83,4,290.0
9,DL,RSW,291,34,1093.0
9,DL,SAN,498,19,443.0
9,DL,SAT,254,7,-381.0
9,DL,SAV,301,15,29.0
9,DL,SBN,11,1,32.0
9,DL,SDF,240,17,-38.0
9,DL,SEA,1318,147,8518.0
9,DL,SFO,946,113,4734.0
9,DL,SGF,30,2,8.0
9,DL,SHV,21,4,488.0
9,DL,SJC,225,17,1492.0
9,DL,SJU,233,16,-8.0
9,DL,SLC,3013,188,2214.0
9,DL,SMF,164,14,1203.0
9,DL,SNA,242,11,-393.0
9,DL,SRQ,141,10,183.0
9,DL,STL,496,45,1002.0
9,DL,STT,42,2,-43.0
9,DL,SYR,113,14,1289.0
9,DL,TLH,105,5,-132.0
9,DL,TPA,777,69,2523.0
9,DL,TRI,30,2,73.0
9,DL,TUL,129,6,-84.0
9,DL,TUS,60,1,-272.0
9,DL,TVC,29,2,29.0
9,DL,TYS,116,5,725.0
9,DL,VPS,138,8,605.0
9,DL,XNA,60,1,-67.0
9,EV,ABE,188,18,1239.0
9,EV,ABQ,6,0,-51.0
9,EV,ABY,78,8,397.0
9,EV,ACT,140,11,-184.0
9,EV,AEX,212,15,523.0
9,EV,AGS,136,22,536.0
9,EV,ALB,83,6,-180.0
9,EV,AMA,64,3,-26.0
9,EV,ATL,4846,712,29806.0
9,EV,ATW,64,7,-5.0
9,EV,AUS,12,0,-65.0
9,EV,AVL,145,15,213.0
9,EV,AVP,81,18,1826.0
9,EV,AZO,9,0,-60.0
9,EV,BDL,79,9,830.0
9,EV,BGR,12,0,-49.0
9,EV,BHM,299,40,1347.0
9,EV,BMI,109,4,-81.0
9,EV,BNA,233,25,465.0
9,EV,BOS,215,31,1891.0
9,EV,BPT,76,10,266.0
9,EV,BQK,80,10,544.0
9,EV,BRO,176,8,-495.0
9,EV,BTR,553,55,1374.0
9,EV,BTV,202,16,397.0
9,EV,BUF,96,14,-24.0
9,EV,BWI,41,8,235.0
9,EV,CAE,339,45,1680.0
9,EV,CAK,85,4,36.0
9,EV,CHA,328,28,1150.0
9,EV,CHO,51,7,54.0
9,EV,CHS,203,25,950.0
9,EV,CID,150,15,156.0
9,EV,CLE,889,101,3313.0
9,EV,CLL,66,0,-493.0
9,EV,CLT,348,54,2488.0
9,EV,CMH,192,24,384.0
9,EV,COS,3,1,81.0
9,EV,CRP,100,10,-45.0
9,EV,CRW,178,33,1921.0
9,EV,CSG,106,11,143.0
9,EV,CVG,229,19,392.0
9,EV,CWA,57,2,-89.0
9,EV,DAY,157,19,788.0
9,EV,DCA,225,25,1074.0
9,EV,DFW,2517,271,7907.0
9,EV,DHN,108,12,165.0
9,EV,DSM,91,12,416.0
9,EV,DTW,1757,253,12651.0
9,EV,ECP,60,2,-371.0
9,EV,ELM,182,25,1063.0
9,EV,ELP,84,3,-463.0
9,EV,ERI,57,8,255.0
9,EV,EVV,210,18,269.0
9,EV,EWN,52,3,-57.0
9,EV,EWR,2623,332,9409.0
9,EV,EYW,30,6,577.0
9,EV,FAR,127,21,1064.0
9,EV,FAY,80,9,228.0
9,EV,FNT,83,3,-339.0
9,EV,FSD,127,14,936.0
9,EV,FSM,146,15,504.0
9,EV,GJT,30,2,-78.0
9,EV,GNV,194,19,591.0
9,EV,GPT,189,18,-497.0
9,EV,GRB,205,24,1124.0
9,EV,GRK,243,18,967.0
9,EV,GRR,127,15,119.0
9,EV,GSO,293,35,1027.0
9,EV,GSP,230,16,140.0
9,EV,GTR,85,6,-66.0
9,EV,HDN,3,1,35.0
9,EV,HOB,46,2,-268.0
9,EV,HOU,49,7,280.0
9,EV,HPN,256,51,2174.0
9,EV,HRL,102,5,-351.0
9,EV,HSV,150,12,537.0
9,EV,IAD,90,8,356.0
9,EV,IAH,4624,321,-2480.0
9,EV,ICT,203,21,758.0
9,EV,ILM,114,11,332.0
9,EV,IND,249,31,1051.0
9,EV,ISN,26,2,42.0
9,EV,JAN,352,16,-700.0
9,EV,JAX,173,36,2664.0
9,EV,JLN,59,5,-118.0
9,EV,LAN,106,5,-42.0
9,EV,LAW,91,6,-97.0
9,EV,LBB,105,12,774.0
9,EV,LCH,104,3,-626.0
9,EV,LEX,310,30,911.0
9,EV,LFT,249,30,127.0
9,EV,LGA,813,125,5745.0
9,EV,LIT,251,31,926.0
9,EV,LNK,139,13,413.0
9,EV,LRD,142,8,-468.0
9,EV,MAF,136,6,-686.0
9,EV,MBS,28,4,294.0
9,EV,MCI,185,10,-78.0
9,EV,MDT,29,2,57.0
9,EV,MDW,86,12,942.0
9,EV,MEI,82,4,-708.0
9,EV,MEM,365,42,1214.0
9,EV,MFE,72,9,63.0
9,EV,MGM,216,25,909.0
9,EV,MHT,162,28,1441.0
9,EV,MKE,251,34,979.0
9,EV,MLI,136,15,670.0
9,EV,MLU,269,19,-372.0
9,EV,MOB,329,31,668.0
9,EV,MSN,167,11,-324.0
9,EV,MSP,367,65,4954.0
9,EV,MSY,25,3,-45.0
9,EV,MTJ,2,0,-32.0
9,EV,MYR,29,2,1.0
9,EV,OAJ,99,12,1276.0
9,EV,OKC,128,11,498.0
9,EV,OMA,258,25,826.0
9,EV,ORD,3783,439,18560.0
9,EV,ORF,204,25,1672.0
9,EV,PBI,16,1,-30.0
9,EV,PHF,108,19,883.0
9,EV,PHL,2,0,-11.0
9,EV,PHX,1,0,-5.0
9,EV,PIA,283,33,1854.0
9,EV,PIB,52,3,-289.0
9,EV,PIT,44,5,87.0
9,EV,PNS,148,16,214.0
9,EV,PVD,54,5,-8.0
9,EV,PWM,108,9,157.0
9,EV,RDU,194,25,1467.0
9,EV,RIC,489,65,4861.0
9,EV,ROA,165,17,246.0
9,EV,ROC,122,11,-223.0
9,EV,RST,59,8,138.0
9,EV,SAF,30,7,261.0
9,EV,SAT,47,3,-2.0
9,EV,SAV,211,32,1424.0
9,EV,SBN,34,5,222.0
9,EV,SCE,60,4,36.0
9,EV,SDF,120,25,1718.0
9,EV,SGF,120,15,781.0
9,EV,SHV,465,49,1133.0
9,EV,SPI,55,4,260.0
9,EV,SPS,6,0,-17.0
9,EV,STL,265,35,708.0
9,EV,SYR,96,8,-267.0
9,EV,TLH,145,18,760.0
9,EV,TRI,131,14,49.0
9,EV,TUL,308,17,-135.0
9,EV,TUS,22,3,266.0
9,EV,TVC,38,4,110.0
9,EV,TXK,86,7,320.0
9,EV,TYR,195,12,-725.0
9,EV,TYS,498,46,347.0
9,EV,VLD,82,9,156.0
9,EV,VPS,237,21,581.0
9,EV,XNA,274,17,266.0
9,F9,ATL,540,110,7436.0
9,F9,AUS,148,19,405.0
9,F9,BIS,13,2,15.0
9,F9,BNA,29,2,-23.0
9,F9,BZN,16,1,-22.0
9,F9,CID,13,1,-31.0
9,F9,CLE,288,35,578.0
9,F9,CLT,59,12,356.0
9,F9,CVG,253,32,1710.0
9,F9,DCA,88,9,204.0
9,F9,DEN,1972,153,-209.0
9,F9,DFW,119,10,434.0
9,F9,DSM,17,0,-165.0
9,F9,DTW,77,6,-32.0
9,F9,FLL,46,5,591.0
9,F9,FSD,13,1,-3.0
9,F9,GSO,17,4,118.0
9,F9,IAD,201,23,770.0
9,F9,IAH,150,35,2936.0
9,F9,IND,90,12,1059.0
9,F9,LAS,436,51,1472.0
9,F9,LAX,145,10,-65.0
9,F9,LGA,90,18,1170.0
9,F9,MCI,31,0,-202.0
9,F9,MCO,380,61,3049.0
9,F9,MEM,43,5,137.0
9,F9,MIA,180,35,1806.0
9,F9,MKE,30,1,-261.0
9,F9,MSN,17,1,-20.0
9,F9,MSO,13,0,-231.0
9,F9,MSP,180,14,-136.0
9,F9,MSY,60,11,233.0
9,F9,OMA,17,3,105.0
9,F9,ORD,422,72,5017.0
9,F9,PDX,90,4,6.0
9,F9,PHL,268,71,5537.0
9,F9,PHX,141,15,403.0
9,F9,RDU,97,14,1317.0
9,F9,RSW,89,5,-317.0
9,F9,SAN,81,9,-149.0
9,F9,SEA,97,12,426.0
9,F9,SFO,181,20,1060.0
9,F9,SLC,93,9,-230.0
9,F9,SNA,60,3,-106.0
9,F9,STL,57,6,-146.0
9,F9,TPA,114,20,850.0
9,F9,TTN,266,56,2851.0
9,F9,TYS,13,2,61.0
9,F9,UST,12,4,243.0
9,HA,HNL,2646,266,4528.0
9,HA,ITO,470,41,-80.0
9,HA,JFK,27,0,-133.0
9,HA,KOA,652,69,496.0
9,HA,LAS,73,3,-1.0
9,HA,LAX,132,10,226.0
9,HA,LIH,610,78,1853.0
9,HA,OAK,63,5,-19.0
9,HA,OGG,1151,150,2831.0
9,HA,PDX,30,5,389.0
9,HA,PHX,30,1,-112.0
9,HA,PPG,8,3,33.0
9,HA,SAN,30,7,239.0
9,HA,SEA,60,7,1968.0
9,HA,SFO,60,9,241.0
9,HA,SJC,58,1,-7.0
9,HA,SMF,30,6,235.0
9,MQ,ABI,193,15,341.0
9,MQ,ABQ,49,6,449.0
9,MQ,AEX,54,8,794.0
9,MQ,ALO,51,9,376.0
9,MQ,AMA,52,6,-97.0
9,MQ,ASE,8,1,42.0
9,MQ,ATL,66,9,524.0
9,MQ,AZO,108,6,-476.0
9,MQ,BDL,54,7,263.0
9,MQ,BHM,58,1,-178.0
9,MQ,BIS,60,10,999.0
9,MQ,BMI,136,12,-276.0
9,MQ,BNA,417,62,4434.0
9,MQ,BPT,7,2,121.0
9,MQ,BTR,22,2,1078.0
9,MQ,BUF,92,14,639.0
9,MQ,BWI,128,25,1640.0
9,MQ,CHA,28,6,83.0
9,MQ,CHO,29,7,354.0
9,MQ,CID,180,19,-270.0
9,MQ,CLE,156,35,1574.0
9,MQ,CLL,139,13,-318.0
9,MQ,CMH,346,55,2107.0
9,MQ,CMI,193,19,321.0
9,MQ,COU,112,11,346.0
9,MQ,CRP,31,4,29.0
9,MQ,CVG,402,47,803.0
9,MQ,CWA,78,4,-180.0
9,MQ,DAY,115,18,577.0
9,MQ,DBQ,84,7,49.0
9,MQ,DCA,40,8,532.0
9,MQ,DFW,3739,413,9568.0
9,MQ,DRO,90,9,27.0
9,MQ,DSM,167,21,926.0
9,MQ,DTW,133,24,745.0
9,MQ,ELP,57,6,133.0
9,MQ,EVV,132,10,96.0
9,MQ,EWR,54,12,624.0
9,MQ,EYW,14,3,63.0
9,MQ,FAR,114,10,-113.0
9,MQ,FNT,83,5,-207.0
9,MQ,FSD,62,8,272.0
9,MQ,FSM,25,2,-56.0
9,MQ,FWA,171,16,554.0
9,MQ,GCK,59,4,-195.0
9,MQ,GGG,55,4,-147.0
9,MQ,GJT,85,10,594.0
9,MQ,GNV,54,6,336.0
9,MQ,GRB,114,11,158.0
9,MQ,GRI,56,3,-199.0
9,MQ,GRK,101,5,-472.0
9,MQ,GRR,208,21,52.0
9,MQ,GSO,54,6,131.0
9,MQ,GSP,26,1,-70.0
9,MQ,HOU,175,25,877.0
9,MQ,HPN,81,22,2409.0
9,MQ,HSV,37,3,-39.0
9,MQ,ICT,28,0,-178.0
9,MQ,IND,190,20,180.0
9,MQ,JAN,78,12,419.0
9,MQ,JAX,38,5,61.0
9,MQ,JFK,156,34,2319.0
9,MQ,LAW,29,2,-120.0
9,MQ,LCH,57,4,-47.0
9,MQ,LEX,83,6,44.0
9,MQ,LFT,114,10,125.0
9,MQ,LGA,658,123,3717.0
9,MQ,LIT,216,26,479.0
9,MQ,LRD,53,3,37.0
9,MQ,LSE,87,13,816.0
9,MQ,MAF,60,10,263.0
9,MQ,MDT,74,4,-284.0
9,MQ,MEM,74,10,25.0
9,MQ,MGM,85,11,261.0
9,MQ,MHK,147,5,-436.0
9,MQ,MIA,330,43,1384.0
9,MQ,MLI,161,16,356.0
9,MQ,MOB,85,15,890.0
9,MQ,MQT,26,4,108.0
9,MQ,MSN,168,18,656.0
9,MQ,OKC,250,31,398.0
9,MQ,OMA,76,13,414.0
9,MQ,ORD,5515,851,38928.0
9,MQ,PHL,3,0,-20.0
9,MQ,PIA,169,15,49.0
9,MQ,PIT,56,18,1113.0
9,MQ,PNS,46,3,68.0
9,MQ,RDU,101,19,1177.0
9,MQ,RIC,208,31,684.0
9,MQ,ROC,95,12,917.0
9,MQ,ROW,89,9,152.0
9,MQ,RST,112,10,489.0
9,MQ,SAF,59,5,-85.0
9,MQ,SAV,58,6,143.0
9,MQ,SDF,29,1,119.0
9,MQ,SGF,285,20,1634.0
9,MQ,SJT,141,18,81.0
9,MQ,SPS,106,5,-232.0
9,MQ,STL,59,9,279.0
9,MQ,SUX,56,10,648.0
9,MQ,SYR,119,14,638.0
9,MQ,TLH,8,0,-45.0
9,MQ,TOL,84,11,600.0
9,MQ,TUL,100,13,318.0
9,MQ,TVC,116,15,128.0
9,MQ,TYR,19,3,61.0
9,MQ,VPS,19,5,146.0
9,MQ,XNA,425,66,2222.0
9,NK,ACY,267,39,926.0
9,NK,ATL,577,223,15472.0
9,NK,BOS,238,57,2926.0
9,NK,BQN,14,0,-92.0
9,NK,BWI,314,75,5694.0
9,NK,CLE,254,41,2060.0
9,NK,CRW,3,0,15.0
9,NK,DEN,320,38,1187.0
9,NK,DFW,759,93,2553.0
9,NK,DTW,606,116,5399.0
9,NK,FLL,954,194,9771.0
9,NK,IAG,22,4,17.0
9,NK,IAH,536,125,8289.0
9,NK,LAS,889,137,5074.0
9,NK,LAX,472,106,5350.0
9,NK,LBE,118,13,53.0
9,NK,LGA,323,52,2206.0
9,NK,MCI,131,22,871.0
9,NK,MCO,403,70,2208.0
9,NK,MSP,299,65,3015.0
9,NK,MSY,150,16,537.0
9,NK,MYR,342,70,2873.0
9,NK,OAK,149,7,-16.0
9,NK,ORD,945,233,12170.0
9,NK,PBG,17,4,241.0
9,NK,PDX,68,10,549.0
9,NK,PHL,148,30,1760.0
9,NK,PHX,54,4,-202.0
9,NK,RSW,95,30,1339.0
9,NK,SAN,180,16,500.0
9,NK,SJU,39,9,385.0
9,NK,STT,15,6,731.0
9,NK,TPA,179,42,1721.0
9,OO,ABQ,266,18,-654.0
9,OO,ABR,60,4,118.0
9,OO,ACV,109,18,729.0
9,OO,ALB,19,3,242.0
9,OO,AMA,33,4,-1.0
9,OO,APN,49,3,-66.0
9,OO,ASE,107,14,32.0
9,OO,ATL,388,36,1190.0
9,OO,ATW,145,13,414.0
9,OO,AUS,183,16,203.0
9,OO,AVL,103,5,-85.0
9,OO,AZO,41,9,331.0
9,OO,BDL,30,5,434.0
9,OO,BFL,195,15,-426.0
9,OO,BHM,91,7,-111.0
9,OO,BIL,97,5,-306.0
9,OO,BIS,197,21,358.0
9,OO,BJI,60,4,262.0
9,OO,BNA,245,28,3886.0
9,OO,BOI,668,84,5045.0
9,OO,BOS,19,2,141.0
9,OO,BRD,52,5,349.0
9,OO,BRO,11,1,27.0
9,OO,BTM,60,0,-447.0
9,OO,BUF,3,0,-18.0
9,OO,BUR,354,35,461.0
9,OO,BZN,225,13,-321.0
9,OO,CAK,24,2,148.0
9,OO,CDC,52,4,17.0
9,OO,CHO,113,21,923.0
9,OO,CHS,62,6,89.0
9,OO,CID,135,19,1038.0
9,OO,CIU,58,4,63.0
9,OO,CLE,45,2,10.0
9,OO,CLT,93,16,2503.0
9,OO,CMH,71,11,590.0
9,OO,CMX,58,7,-7.0
9,OO,COD,32,1,-179.0
9,OO,COS,449,41,1388.0
9,OO,CPR,142,7,-629.0
9,OO,CRP,57,5,-28.0
9,OO,CVG,439,80,4845.0
9,OO,CWA,1,0,-8.0
9,OO,DAY,107,16,708.0
9,OO,DCA,172,20,1068.0
9,OO,DEN,4111,490,14541.0
9,OO,DFW,355,45,1792.0
9,OO,DIK,59,4,323.0
9,OO,DLH,191,28,1662.0
9,OO,DRO,89,3,-338.0
9,OO,DSM,83,11,397.0
9,OO,DTW,946,118,5796.0
9,OO,DVL,45,5,258.0
9,OO,EAU,59,2,-48.0
9,OO,EKO,4,0,-37.0
9,OO,ELP,118,8,-37.0
9,OO,ESC,52,7,568.0
9,OO,EUG,325,34,692.0
9,OO,FAR,106,12,74.0
9,OO,FAT,591,94,6302.0
9,OO,FCA,201,17,109.0
9,OO,FLG,139,10,78.0
9,OO,FNT,34,3,97.0
9,OO,FSD,165,18,438.0
9,OO,FWA,327,39,1696.0
9,OO,GCC,87,4,-339.0
9,OO,GEG,176,13,73.0
9,OO,GFK,90,6,15.0
9,OO,GJT,184,10,-209.0
9,OO,GRB,97,14,122.0
9,OO,GRR,144,19,1317.0
9,OO,GTF,189,7,-531.0
9,OO,GUC,23,3,63.0
9,OO,HDN,6,1,-4.0
9,OO,HIB,82,5,-402.0
9,OO,HLN,136,8,145.0
9,OO,HYS,51,2,-270.0
9,OO,IAH,1311,192,8152.0
9,OO,ICT,204,23,570.0
9,OO,IDA,201,11,-54.0
9,OO,IMT,56,3,-65.0
9,OO,IND,23,0,-61.0
9,OO,INL,52,5,-100.0
9,OO,ISN,151,16,281.0
9,OO,JAC,82,4,-421.0
9,OO,JAX,6,0,7.0
9,OO,JMS,68,6,-282.0
9,OO,JNU,27,8,847.0
9,OO,KTN,7,1,-23.0
9,OO,LAN,44,4,90.0
9,OO,LAR,51,3,236.0
9,OO,LAS,138,19,1852.0
9,OO,LAX,2965,531,22206.0
9,OO,LBB,56,9,677.0
9,OO,LEX,46,3,113.0
9,OO,LFT,33,3,0.0
9,OO,LGA,15,3,59.0
9,OO,LGB,109,10,514.0
9,OO,LIT,87,13,560.0
9,OO,LNK,163,16,48.0
9,OO,LSE,57,1,-422.0
9,OO,LWS,51,1,-281.0
9,OO,MAF,125,5,-679.0
9,OO,MBS,82,12,281.0
9,OO,MCI,152,12,396.0
9,OO,MDW,32,7,331.0
9,OO,MEM,116,15,320.0
9,OO,MFE,11,2,390.0
9,OO,MFR,237,29,1390.0
9,OO,MIA,32,7,259.0
9,OO,MKE,680,74,807.0
9,OO,MKG,59,11,143.0
9,OO,MLI,47,5,-197.0
9,OO,MOT,203,11,-718.0
9,OO,MRY,235,34,1873.0
9,OO,MSN,84,6,4.0
9,OO,MSO,161,12,-125.0
9,OO,MSP,2263,252,10696.0
9,OO,MSY,71,12,215.0
9,OO,MTJ,38,3,-192.0
9,OO,OAK,221,25,1006.0
9,OO,OKC,266,24,310.0
9,OO,OMA,152,19,124.0
9,OO,ONT,476,55,1432.0
9,OO,ORD,3686,572,26273.0
9,OO,ORF,34,5,184.0
9,OO,OTH,40,7,206.0
9,OO,PAH,59,5,-25.0
9,OO,PBI,1,0,-12.0
9,OO,PDX,481,31,-25.0
9,OO,PHL,3,1,259.0
9,OO,PHX,1425,181,6367.0
9,OO,PIA,21,0,-100.0
9,OO,PIH,76,2,-499.0
9,OO,PIT,28,6,366.0
9,OO,PLN,59,4,219.0
9,OO,PSC,142,11,410.0
9,OO,PSP,344,42,1625.0
9,OO,PVD,2,0,-10.0
9,OO,RAP,237,14,15.0
9,OO,RDD,59,6,102.0
9,OO,RDM,188,15,-450.0
9,OO,RDU,38,4,89.0
9,OO,RHI,86,10,261.0
9,OO,RIC,11,3,100.0
9,OO,RKS,54,3,-170.0
9,OO,RNO,194,34,1444.0
9,OO,RSW,11,3,112.0
9,OO,SAF,8,1,12.0
9,OO,SAN,627,85,2650.0
9,OO,SAT,221,21,701.0
9,OO,SAV,1,0,-3.0
9,OO,SBA,533,66,1811.0
9,OO,SBN,362,46,2328.0
9,OO,SBP,256,38,1275.0
9,OO,SDF,27,4,168.0
9,OO,SEA,1348,126,4190.0
9,OO,SFO,2928,394,10320.0
9,OO,SGF,42,3,61.0
9,OO,SGU,171,16,2142.0
9,OO,SHV,47,8,46.0
9,OO,SIT,7,0,-35.0
9,OO,SJC,381,43,1742.0
9,OO,SLC,3698,270,-130.0
9,OO,SMF,695,102,3502.0
9,OO,SMX,60,4,-100.0
9,OO,SNA,210,31,504.0
9,OO,SPI,89,8,240.0
9,OO,STL,136,16,1024.0
9,OO,SUN,81,6,243.0
9,OO,SYR,8,1,86.0
9,OO,TUL,143,21,531.0
9,OO,TUS,505,49,605.0
9,OO,TVC,41,5,688.0
9,OO,TWF,83,3,-325.0
9,OO,VPS,13,5,170.0
9,OO,WYS,50,2,-124.0
9,OO,XNA,138,17,420.0
9,OO,YUM,154,7,-572.0
9,UA,ABQ,99,10,100.0
9,UA,ALB,56,11,1227.0
9,UA,ANC,80,21,1578.0
9,UA,ATL,325,55,2847.0
9,UA,AUS,466,31,243.0
9,UA,BDL,44,4,61.0
9,UA,BIL,61,6,-31.0
9,UA,BNA,85,15,1240.0
9,UA,BOI,52,9,1202.0
9,UA,BOS,1102,157,9339.0
9,UA,BQN,20,5,82.0
9,UA,BTV,30,5,268.0
9,UA,BUF,82,11,614.0
9,UA,BWI,296,47,2085.0
9,UA,BZN,59,8,541.0
9,UA,CHS,1,0,-4.0
9,UA,CLE,499,38,1649.0
9,UA,CLT,51,2,85.0
9,UA,CMH,81,10,718.0
9,UA,DCA,407,53,2396.0
9,UA,DEN,4208,544,27291.0
9,UA,DFW,264,19,1137.0
9,UA,DSM,55,9,268.0
9,UA,DTW,107,18,772.0
9,UA,EWR,3584,598,30428.0
9,UA,FLL,290,29,393.0
9,UA,GEG,53,4,39.0
9,UA,GRR,79,11,228.0
9,UA,GUM,30,6,285.0
9,UA,HNL,402,37,1654.0
9,UA,IAD,1633,249,14055.0
9,UA,IAH,4516,667,36688.0
9,UA,ICT,27,5,748.0
9,UA,IND,116,13,418.0
9,UA,ITO,23,4,13.0
9,UA,JAC,104,14,1001.0
9,UA,JAX,6,2,75.0
9,UA,JFK,356,39,2160.0
9,UA,KOA,86,10,316.0
9,UA,LAS,1056,110,4197.0
9,UA,LAX,2432,345,20592.0
9,UA,LGA,706,97,6067.0
9,UA,LIH,71,9,653.0
9,UA,MCI,106,12,355.0
9,UA,MCO,792,109,5537.0
9,UA,MDT,50,6,229.0
9,UA,MEM,12,1,0.0
9,UA,MFE,36,3,124.0
9,UA,MIA,186,33,2824.0
9,UA,MSN,88,6,476.0
9,UA,MSP,330,52,2929.0
9,UA,MSY,347,18,-204.0
9,UA,OGG,156,18,875.0
9,UA,OKC,79,8,108.0
9,UA,OMA,122,26,1683.0
9,UA,ORD,5604,1013,63936.0
9,UA,ORF,29,6,315.0
9,UA,PBI,103,16,888.0
9,UA,PDX,511,38,1391.0
9,UA,PHL,350,53,3281.0
9,UA,PHX,449,37,706.0
9,UA,PIT,232,29,1096.0
9,UA,PSP,7,0,-28.0
9,UA,PVD,30,5,238.0
9,UA,RDU,185,25,1252.0
9,UA,RIC,29,4,221.0
9,UA,RNO,101,9,99.0
9,UA,ROC,59,7,606.0
9,UA,RSW,104,7,-233.0
9,UA,SAN,703,58,2308.0
9,UA,SAT,257,17,-473.0
9,UA,SEA,800,112,6008.0
9,UA,SFO,4180,625,30627.0
9,UA,SJC,122,8,-72.0
9,UA,SJU,102,9,299.0
9,UA,SLC,129,22,1067.0
9,UA,SMF,211,23,882.0
9,UA,SNA,448,45,2244.0
9,UA,SRQ,8,0,-103.0
9,UA,STL,63,22,993.0
9,UA,STT,2,0,-23.0
9,UA,TPA,397,39,1264.0
9,UA,TUL,53,6,358.0
9,VX,AUS,169,4,-269.0
9,VX,BOS,143,11,346.0
9,VX,DAL,520,69,2015.0
9,VX,DCA,111,15,518.0
9,VX,EWR,166,8,-280.0
9,VX,FLL,59,10,532.0
9,VX,IAD,146,14,210.0
9,VX,JFK,320,15,-368.0
9,VX,LAS,322,42,1937.0
9,VX,LAX,1069,136,5085.0
9,VX,LGA,106,22,875.0
9,VX,MCO,30,1,6.0
9,VX,ORD,140,24,1003.0
9,VX,PDX,30,0,-143.0
9,VX,PSP,12,2,-7.0
9,VX,SAN,168,14,680.0
9,VX,SEA,187,37,1546.0
9,VX,SFO,1445,130,3255.0
9,WN,ABQ,959,95,3139.0
9,WN,ALB,329,39,1676.0
9,WN,AMA,139,6,38.0
9,WN,ATL,3464,485,20406.0
9,WN,AUS,1533,129,5254.0
9,WN,BDL,465,62,2586.0
9,WN,BHM,363,35,829.0
9,WN,BNA,2398,258,11898.0
9,WN,BOI,255,27,1754.0
9,WN,BOS,963,131,5825.0
9,WN,BUF,471,34,2235.0
9,WN,BUR,1176,90,2818.0
9,WN,BWI,5579,1075,56608.0
9,WN,CAK,243,17,681.0
9,WN,CHS,242,34,1666.0
9,WN,CLE,419,39,1400.0
9,WN,CLT,175,30,1282.0
9,WN,CMH,881,94,3373.0
9,WN,CRP,110,5,-72.0
9,WN,DAL,5069,624,26164.0
9,WN,DAY,119,14,827.0
9,WN,DCA,1261,140,5436.0
9,WN,DEN,5032,624,26026.0
9,WN,DSM,86,11,660.0
9,WN,DTW,567,67,3897.0
9,WN,ECP,129,3,-285.0
9,WN,ELP,570,34,1207.0
9,WN,EWR,501,74,3763.0
9,WN,FLL,1145,196,10030.0
9,WN,FNT,99,16,545.0
9,WN,GEG,259,14,551.0
9,WN,GRR,118,14,528.0
9,WN,GSP,112,16,1155.0
9,WN,HOU,4123,455,17874.0
9,WN,HRL,164,6,-325.0
9,WN,IAD,185,30,1775.0
9,WN,ICT,138,15,249.0
9,WN,IND,797,68,2513.0
9,WN,ISP,350,48,3969.0
9,WN,JAX,348,27,1093.0
9,WN,LAS,6108,811,32292.0
9,WN,LAX,3247,569,25230.0
9,WN,LBB,198,12,175.0
9,WN,LGA,942,131,5727.0
9,WN,LIT,234,25,1336.0
9,WN,MAF,294,18,164.0
9,WN,MCI,1803,158,5277.0
9,WN,MCO,2601,325,13870.0
9,WN,MDW,6970,1112,52656.0
9,WN,MEM,260,30,835.0
9,WN,MHT,395,45,2058.0
9,WN,MKE,995,106,4675.0
9,WN,MSP,690,82,3651.0
9,WN,MSY,1468,111,2450.0
9,WN,OAK,2930,443,19781.0
9,WN,OKC,536,43,665.0
9,WN,OMA,454,47,2254.0
9,WN,ONT,851,135,6152.0
9,WN,ORF,206,36,1625.0
9,WN,PBI,172,35,1691.0
9,WN,PDX,1081,102,4286.0
9,WN,PHL,671,77,4156.0
9,WN,PHX,4573,521,18105.0
9,WN,PIT,709,51,1986.0
9,WN,PNS,93,10,159.0
9,WN,PVD,517,48,1356.0
9,WN,PWM,98,14,725.0
9,WN,RDU,782,58,2445.0
9,WN,RIC,115,2,-322.0
9,WN,RNO,568,62,2659.0
9,WN,ROC,145,15,599.0
9,WN,RSW,310,60,3207.0
9,WN,SAN,2595,325,14689.0
9,WN,SAT,1198,84,1389.0
9,WN,SDF,369,43,2817.0
9,WN,SEA,1134,213,11340.0
9,WN,SFO,1259,157,5481.0
9,WN,SJC,1886,223,10069.0
9,WN,SJU,181,24,1258.0
9,WN,SLC,813,93,3464.0
9,WN,SMF,1842,194,7974.0
9,WN,SNA,1620,179,7421.0
9,WN,STL,2439,269,8800.0
9,WN,TPA,1863,235,9564.0
9,WN,TUL,368,36,1376.0
9,WN,TUS,342,33,693.0
10,AA,10140,181,23,1800.0
10,AA,10257,85,7,133.0
10,AA,10299,34,1,-27.0
10,AA,10397,967,89,2985.0
10,AA,10423,795,84,4997.0
10,AA,10529,276,19,122.0
10,AA,10693,472,38,1845.0
10,AA,10713,66,6,500.0
10,AA,10721,2516,291,10373.0
10,AA,10792,110,9,296.0
10,AA,10821,519,53,2223.0
10,AA,10994,67,5,218.0
10,AA,11042,239,18,124.0
10,AA,11057,8240,910,34031.0
10,AA,11066,222,23,655.0
10,AA,11109,87,14,1985.0
10,AA,11267,81,9,347.0
10,AA,11278,2565,300,14461.0
10,AA,11292,803,104,5956.0
10,AA,11298,12067,1731,98884.0
10,AA,11423,112,13,683.0
10,AA,11433,483,39,1387.0
10,AA,11503,4,0,-34.0
10,AA,11540,124,23,1700.0
10,AA,11618,680,69,3049.0
10,AA,11638,61,8,1000.0
10,AA,11697,658,64,3554.0
10,AA,11884,60,2,-328.0
10,AA,11995,56,5,13.0
10,AA,12173,229,14,-545.0
10,AA,12264,203,26,2620.0
10,AA,12266,815,109,5170.0
10,AA,12323,65,8,214.0
10,AA,12339,391,42,1550.0
10,AA,12441,9,1,-18.0
10,AA,12451,341,25,240.0
10,AA,12478,1497,210,11475.0
10,AA,12758,66,6,565.0
10,AA,12889,1286,132,7332.0
10,AA,12892,3279,340,12674.0
10,AA,12896,30,4,230.0
10,AA,12953,2229,283,10904.0
10,AA,12982,70,6,86.0
10,AA,13198,474,46,1629.0
10,AA,13204,1513,141,5066.0
10,AA,13230,27,3,65.0
10,AA,13244,133,11,215.0
10,AA,13256,115,9,-57.0
10,AA,13303,4358,625,26456.0
10,AA,13342,145,16,754.0
10,AA,13487,668,69,2081.0
10,AA,13495,507,52,1528.0
10,AA,13796,60,8,467.0
10,AA,13830,161,18,1608.0
10,AA,13851,132,6,230.0
10,AA,13871,147,12,63.0
10,AA,13891,241,28,1440.0
10,AA,13930,5093,745,34024.0
10,AA,13931,170,18,380.0
10,AA,14027,375,26,-370.0
10,AA,14057,359,33,726.0
10,AA,14100,3758,527,23122.0
10,AA,14107,5083,594,24733.0
10,AA,14122,514,31,1930.0
10,AA,14262,85,10,1381.0
10,AA,14307,204,19,657.0
10,AA,14321,35,0,-116.0
10,AA,14492,728,67,2189.0
10,AA,14524,224,26,653.0
10,AA,14570,190,18,749.0
10,AA,14576,55,3,16.0
10,AA,14635,366,23,-148.0
10,AA,14679,713,65,3267.0
10,AA,14683,497,53,3209.0
10,AA,14730,26,5,194.0
10,AA,14747,635,65,3514.0
10,AA,14771,1429,160,5749.0
10,AA,14831,349,32,1778.0
10,AA,14843,434,32,598.0
10,AA,14869,326,34,1221.0
10,AA,14893,285,39,1933.0
10,AA,14908,515,50,1398.0
10,AA,15016,612,58,1306.0
10,AA,15024,98,15,557.0
10,AA,15027,37,7,465.0
10,AA,15096,57,2,-278.0
10,AA,15304,1016,70,1602.0
10,AA,15370,214,18,826.0
10,AA,15376,262,29,1315.0
10,AS,10140,31,0,-208.0
10,AS,10165,9,4,158.0
10,AS,10170,28,3,-52.0
10,AS,10299,991,78,386.0
10,AS,10397,62,7,91.0
10,AS,10423,31,5,171.0
10,AS,10551,84,9,48.0
10,AS,10693,31,0,-139.0
10,AS,10721,124,13,301.0
10,AS,10754,80,6,21.0
10,AS,10800,115,10,-618.0
10,AS,10821,62,15,334.0
10,AS,10926,62,8,-340.0
10,AS,11278,124,9,-281.0
10,AS,11292,127,11,-66.0
10,AS,11298,134,10,-144.0
10,AS,11433,31,1,-193.0
10,AS,11618,62,3,-164.0
10,AS,11630,176,9,-505.0
10,AS,11697,31,4,-63.0
10,AS,11884,145,14,227.0
10,AS,12173,205,34,926.0
10,AS,12264,31,1,-187.0
10,AS,12266,31,1,-179.0
10,AS,12478,31,2,-39.0
10,AS,12523,302,49,1335.0
10,AS,12758,104,9,62.0
10,AS,12819,182,28,491.0
10,AS,12889,327,37,149.0
10,AS,12892,913,41,-3271.0
10,AS,12982,91,7,-253.0
10,AS,13198,31,2,-76.0
10,AS,13204,63,3,-141.0
10,AS,13487,62,8,40.0
10,AS,13495,31,1,-147.0
10,AS,13796,182,6,-993.0
10,AS,13830,217,18,-231.0
10,AS,13873,58,8,535.0
10,AS,13891,92,10,-165.0
10,AS,13930,181,14,-150.0
10,AS,13970,61,10,588.0
10,AS,14057,1215,72,-1122.0
10,AS,14100,31,2,-40.0
10,AS,14107,182,14,-536.0
10,AS,14256,60,16,399.0
10,AS,14262,116,9,-403.0
10,AS,14492,31,3,138.0
10,AS,14679,477,20,-1831.0
10,AS,14683,31,1,-103.0
10,AS,14709,80,5,-208.0
10,AS,14747,4607,400,6046.0
10,AS,14771,472,61,1332.0
10,AS,14828,93,11,134.0
10,AS,14831,381,24,225.0
10,AS,14869,186,8,-911.0
10,AS,14893,213,14,-416.0
10,AS,14908,309,21,-1531.0
10,AS,15016,31,3,31.0
10,AS,15304,31,1,-135.0
10,AS,15376,31,2,-149.0
10,AS,15841,60,14,508.0
10,AS,15991,62,5,-231.0
10,B6,10140,28,14,599.0
10,B6,10154,28,10,640.0
10,B6,10423,178,32,1622.0
10,B6,10529,285,35,1108.0
10,B6,10721,3475,434,16416.0
10,B6,10732,62,14,709.0
10,B6,10785,117,14,802.0
10,B6,10792,407,37,426.0
10,B6,10800,30,4,231.0
10,B6,10821,163,15,808.0
10,B6,10994,159,30,965.0
10,B6,11042,87,14,364.0
10,B6,11057,116,27,1097.0
10,B6,11278,888,98,3113.0
10,B6,11292,87,27,1047.0
10,B6,11298,57,11,880.0
10,B6,11433,118,11,485.0
10,B6,11618,543,95,4379.0
10,B6,11697,1506,358,18945.0
10,B6,12191,60,25,1630.0
10,B6,12197,312,54,1324.0
10,B6,12264,179,34,1765.0
10,B6,12451,272,56,2257.0
10,B6,12478,3612,701,33892.0
10,B6,12889,417,91,4742.0
10,B6,12892,379,53,2581.0
10,B6,12953,552,109,6310.0
10,B6,12954,657,107,3824.0
10,B6,13204,1519,306,16916.0
10,B6,13495,97,19,674.0
10,B6,13541,11,2,21.0
10,B6,13796,121,14,370.0
10,B6,13930,205,48,2317.0
10,B6,13933,59,5,270.0
10,B6,14027,538,125,6695.0
10,B6,14057,93,19,478.0
10,B6,14100,146,20,1345.0
10,B6,14107,61,12,500.0
10,B6,14122,143,15,163.0
10,B6,14254,60,8,-117.0
10,B6,14307,91,16,763.0
10,B6,14321,108,23,1288.0
10,B6,14492,256,40,1684.0
10,B6,14524,200,28,1465.0
10,B6,14570,21,4,208.0
10,B6,14576,122,14,469.0
10,B6,14635,348,72,3031.0
10,B6,14679,117,21,985.0
10,B6,14685,92,15,631.0
10,B6,14747,167,53,2103.0
10,B6,14771,468,71,3458.0
10,B6,14831,51,11,441.0
10,B6,14843,838,165,7894.0
10,B6,14869,124,36,1708.0
10,B6,14893,91,15,351.0
10,B6,14986,92,16,1110.0
10,B6,15024,69,6,224.0
10,B6,15027,31,4,124.0
10,B6,15070,61,11,197.0
10,B6,15096,147,15,-24.0
10,B6,15304,462,88,4183.0
10,DL,10135,31,2,63.0
10,DL,10140,153,5,-189.0
10,DL,10208,33,1,-5.0
10,DL,10257,146,9,118.0
10,DL,10299,146,10,809.0
10,DL,10397,20968,1780,61824.0
10,DL,10408,27,1,-34.0
10,DL,10423,331,41,4532.0
10,DL,10431,32,3,161.0
10,DL,10434,31,2,99.0
10,DL,10529,412,25,1066.0
10,DL,10599,295,22,925.0
10,DL,10620,92,3,-197.0
10,DL,10627,56,2,29.0
10,DL,10693,457,31,1270.0
10,DL,10713,57,3,120.0
10,DL,10721,1201,120,5531.0
10,DL,10781,24,6,731.0
10,DL,10792,209,7,972.0
10,DL,10821,616,77,4681.0
10,DL,10849,91,4,58.0
10,DL,10868,87,3,-137.0
10,DL,10874,118,10,141.0
10,DL,10980,90,6,146.0
10,DL,10990,31,0,-38.0
10,DL,10994,374,22,1575.0
10,DL,11042,224,12,464.0
10,DL,11057,549,63,2521.0
10,DL,11066,316,16,342.0
10,DL,11109,31,1,-83.0
10,DL,11146,31,6,353.0
10,DL,11193,500,31,685.0
10,DL,11252,119,7,-152.0
10,DL,11259,138,14,342.0
10,DL,11267,118,5,115.0
10,DL,11278,811,89,4962.0
10,DL,11292,715,51,2820.0
10,DL,11298,465,43,2443.0
10,DL,11337,36,4,193.0
10,DL,11423,88,11,2102.0
10,DL,11433,4696,503,21528.0
10,DL,11481,185,7,33.0
10,DL,11540,87,6,120.0
10,DL,11612,30,3,394.0
10,DL,11618,471,37,1700.0
10,DL,11624,58,3,-189.0
10,DL,11637,107,4,-10.0
10,DL,11641,61,5,439.0
10,DL,11697,903,90,5590.0
10,DL,11721,88,4,-205.0
10,DL,11775,91,6,983.0
10,DL,11884,115,7,1278.0
10,DL,11953,26,2,96.0
10,DL,11973,102,4,-203.0
10,DL,11977,52,4,-10.0
10,DL,11986,279,22,850.0
10,DL,11995,243,13,347.0
10,DL,11996,184,15,576.0
10,DL,12173,205,15,1945.0
10,DL,12191,163,10,386.0
10,DL,12217,172,8,-177.0
10,DL,12264,264,19,782.0
10,DL,12266,221,20,436.0
10,DL,12278,92,10,319.0
10,DL,12323,31,1,-86.0
10,DL,12339,377,36,1216.0
10,DL,12441,29,2,-60.0
10,DL,12448,204,6,-518.0
10,DL,12451,456,29,693.0
10,DL,12478,2326,286,13464.0
10,DL,12758,31,7,686.0
10,DL,12889,1089,88,5519.0
10,DL,12892,2646,281,13314.0
10,DL,12945,115,5,-57.0
10,DL,12951,31,3,774.0
10,DL,12953,2050,209,10460.0
10,DL,12982,31,3,65.0
10,DL,12992,179,6,331.0
10,DL,13198,522,21,28.0
10,DL,13204,1348,79,1541.0
10,DL,13230,90,6,52.0
10,DL,13232,241,10,84.0
10,DL,13244,422,28,51.0
10,DL,13296,54,4,1194.0
10,DL,13303,755,76,3303.0
10,DL,13342,463,40,1492.0
10,DL,13360,116,9,553.0
10,DL,13422,24,0,-60.0
10,DL,13485,257,17,881.0
10,DL,13486,30,0,-126.0
10,DL,13487,5489,453,13588.0
10,DL,13495,606,37,955.0
10,DL,13577,83,4,-97.0
10,DL,13796,83,0,-183.0
10,DL,13830,85,17,1067.0
10,DL,13851,168,5,-512.0
10,DL,13871,203,16,-7.0
10,DL,13891,31,1,-141.0
10,DL,13930,691,52,2177.0
10,DL,13931,287,22,309.0
10,DL,14027,496,46,765.0
10,DL,14057,531,33,315.0
10,DL,14100,608,59,2274.0
10,DL,14107,600,41,770.0
10,DL,14122,358,30,940.0
10,DL,14193,204,10,-71.0
10,DL,14252,59,2,-51.0
10,DL,14307,163,7,434.0
10,DL,14321,86,9,279.0
10,DL,14457,27,3,243.0
10,DL,14492,524,39,571.0
10,DL,14524,253,13,771.0
10,DL,14570,88,3,-189.0
10,DL,14574,57,4,205.0
10,DL,14576,110,8,506.0
10,DL,14635,341,24,-168.0
10,DL,14679,512,25,-102.0
10,DL,14683,275,23,1211.0
10,DL,14685,318,24,563.0
10,DL,14696,7,0,33.0
10,DL,14730,262,13,24.0
10,DL,14747,1274,117,6354.0
10,DL,14771,1036,104,3904.0
10,DL,14783,31,1,-9.0
10,DL,14814,26,1,-105.0
10,DL,14831,231,6,55.0
10,DL,14843,267,18,-83.0
10,DL,14869,3117,208,3139.0
10,DL,14893,176,9,1184.0
10,DL,14908,257,15,1938.0
10,DL,14986,177,7,1042.0
10,DL,15016,551,35,238.0
10,DL,15024,59,3,-324.0
10,DL,15096,118,13,1806.0
10,DL,15249,114,2,-58.0
10,DL,15304,848,51,528.0
10,DL,15323,61,4,757.0
10,DL,15370,120,9,37.0
10,DL,15376,61,3,97.0
10,DL,15380,31,2,260.0
10,DL,15412,137,11,807.0
10,DL,15624,115,5,193.0
10,DL,15919,62,2,35.0
10,EV,10135,208,34,2177.0
10,EV,10140,1,0,12.0
10,EV,10146,87,10,754.0
10,EV,10155,141,6,-581.0
10,EV,10185,224,27,1170.0
10,EV,10208,190,17,126.0
10,EV,10257,104,13,159.0
10,EV,10279,88,11,210.0
10,EV,10397,5039,770,32066.0
10,EV,10408,101,9,458.0
10,EV,10423,4,1,24.0
10,EV,10431,152,22,934.0
10,EV,10434,82,9,743.0
10,EV,10469,1,0,-2.0
10,EV,10529,79,7,85.0
10,EV,10577,62,6,276.0
10,EV,10581,27,4,543.0
10,EV,10599,299,52,3713.0
10,EV,10685,87,6,283.0
10,EV,10693,216,32,1281.0
10,EV,10721,222,28,772.0
10,EV,10728,85,7,92.0
10,EV,10731,85,12,753.0
10,EV,10747,158,16,331.0
10,EV,10781,600,84,4313.0
10,EV,10785,198,29,1131.0
10,EV,10792,174,26,682.0
10,EV,10821,69,14,760.0
10,EV,10868,327,49,3475.0
10,EV,10874,110,2,-586.0
10,EV,10980,295,36,1858.0
10,EV,10990,55,5,562.0
10,EV,10994,253,41,2132.0
10,EV,11003,150,8,280.0
10,EV,11042,919,107,3137.0
10,EV,11049,78,7,-4.0
10,EV,11057,241,39,2343.0
10,EV,11066,195,30,907.0
10,EV,11109,2,0,-11.0
10,EV,11140,93,15,719.0
10,EV,11146,187,22,641.0
10,EV,11150,112,14,650.0
10,EV,11193,217,29,917.0
10,EV,11203,61,4,-207.0
10,EV,11267,137,19,557.0
10,EV,11278,261,36,1121.0
10,EV,11298,2523,343,16087.0
10,EV,11308,118,11,596.0
10,EV,11423,89,6,-141.0
10,EV,11433,2005,243,10251.0
10,EV,11481,62,2,-2.0
10,EV,11537,195,8,43.0
10,EV,11540,85,4,-232.0
10,EV,11577,57,1,-246.0
10,EV,11612,227,27,997.0
10,EV,11617,55,6,203.0
10,EV,11618,3021,542,23880.0
10,EV,11624,66,7,-71.0
10,EV,11637,154,23,1128.0
10,EV,11641,89,8,110.0
10,EV,11721,87,5,-94.0
10,EV,11775,88,8,34.0
10,EV,11778,150,13,-51.0
10,EV,11823,16,1,-53.0
10,EV,11921,30,2,393.0
10,EV,11953,151,24,1056.0
10,EV,11973,196,19,1013.0
10,EV,11977,203,20,262.0
10,EV,11982,274,21,423.0
10,EV,11986,125,19,306.0
10,EV,11995,227,34,1702.0
10,EV,11996,303,27,370.0
10,EV,12007,88,7,37.0
10,EV,12177,53,3,-6.0
10,EV,12191,41,13,718.0
10,EV,12197,318,47,2206.0
10,EV,12206,111,8,61.0
10,EV,12217,187,21,844.0
10,EV,12264,79,3,504.0
10,EV,12266,4683,494,14639.0
10,EV,12278,198,18,-351.0
10,EV,12323,118,10,73.0
10,EV,12339,265,43,2236.0
10,EV,12389,26,1,-209.0
10,EV,12448,357,26,277.0
10,EV,12451,131,20,414.0
10,EV,12511,58,2,-388.0
10,EV,12884,107,5,-126.0
10,EV,12891,90,4,-515.0
10,EV,12896,114,15,1110.0
10,EV,12915,111,4,-699.0
10,EV,12945,307,26,859.0
10,EV,12951,275,33,1299.0
10,EV,12953,813,147,9069.0
10,EV,12992,237,20,655.0
10,EV,13029,132,11,13.0
10,EV,13061,143,15,583.0
10,EV,13158,101,7,-363.0
10,EV,13184,3,1,41.0
10,EV,13198,231,32,1494.0
10,EV,13230,32,3,-2.0
10,EV,13232,124,23,669.0
10,EV,13241,83,13,837.0
10,EV,13244,386,45,1140.0
10,EV,13256,52,1,-363.0
10,EV,13277,221,27,1232.0
10,EV,13296,107,16,888.0
10,EV,13342,222,25,371.0
10,EV,13367,126,10,78.0
10,EV,13377,275,24,997.0
10,EV,13422,316,29,1012.0
10,EV,13485,154,14,-59.0
10,EV,13487,350,72,3475.0
10,EV,13495,38,5,404.0
10,EV,13577,91,14,345.0
10,EV,13795,112,21,1053.0
10,EV,13851,173,18,215.0
10,EV,13871,289,33,757.0
10,EV,13930,3834,333,4303.0
10,EV,13931,172,35,1552.0
10,EV,14027,17,1,-96.0
10,EV,14098,114,11,591.0
10,EV,14100,2,0,-17.0
10,EV,14108,245,30,772.0
10,EV,14109,52,5,135.0
10,EV,14122,66,5,-49.0
10,EV,14193,143,17,827.0
10,EV,14307,70,14,851.0
10,EV,14321,149,18,965.0
10,EV,14492,213,28,1405.0
10,EV,14524,526,79,3153.0
10,EV,14574,166,15,-338.0
10,EV,14576,146,17,600.0
10,EV,14588,4,2,89.0
10,EV,14633,62,9,484.0
10,EV,14674,29,9,605.0
10,EV,14683,38,5,463.0
10,EV,14685,236,39,2967.0
10,EV,14696,40,1,-66.0
10,EV,14711,62,2,-234.0
10,EV,14730,104,23,828.0
10,EV,14783,118,21,1142.0
10,EV,14814,490,49,2073.0
10,EV,14952,56,5,278.0
10,EV,14960,6,0,-35.0
10,EV,15016,253,38,1658.0
10,EV,15096,166,20,842.0
10,EV,15249,144,15,358.0
10,EV,15323,98,13,233.0
10,EV,15370,322,19,-433.0
10,EV,15376,30,4,68.0
10,EV,15380,53,4,-33.0
10,EV,15401,82,11,820.0
10,EV,15411,198,17,66.0
10,EV,15412,467,57,1592.0
10,EV,15607,88,11,621.0
10,EV,15624,293,34,1331.0
10,EV,15919,297,34,1529.0
10,F9,10397,531,102,5809.0
10,F9,10423,138,17,872.0
10,F9,10627,13,0,-99.0
10,F9,10693,53,3,-10.0
10,F9,10849,18,0,-181.0
10,F9,11003,13,2,78.0
10,F9,11042,255,38,1922.0
10,F9,11057,61,8,240.0
10,F9,11193,237,28,391.0
10,F9,11278,77,8,-39.0
10,F9,11292,2079,222,4664.0
10,F9,11298,142,20,508.0
10,F9,11423,18,3,87.0
10,F9,11433,69,8,135.0
10,F9,11697,41,5,-28.0
10,F9,11775,13,2,87.0
10,F9,11995,18,3,137.0
10,F9,12264,174,26,796.0
10,F9,12266,149,19,869.0
10,F9,12339,91,6,-90.0
10,F9,12889,448,58,1095.0
10,F9,12892,147,14,544.0
10,F9,12953,80,17,1219.0
10,F9,13198,31,6,338.0
10,F9,13204,428,71,1868.0
10,F9,13244,39,6,205.0
10,F9,13303,185,23,639.0
10,F9,13342,38,1,-286.0
10,F9,13485,18,1,0.0
10,F9,13486,13,2,-68.0
10,F9,13487,188,31,1580.0
10,F9,13495,61,8,88.0
10,F9,13871,17,0,-26.0
10,F9,13930,455,76,4419.0
10,F9,14057,85,5,-298.0
10,F9,14100,285,67,3074.0
10,F9,14107,144,16,570.0
10,F9,14492,85,8,149.0
10,F9,14635,102,10,-37.0
10,F9,14679,107,9,-340.0
10,F9,14747,80,8,52.0
10,F9,14771,192,33,902.0
10,F9,14869,113,14,88.0
10,F9,14908,61,1,-534.0
10,F9,15016,69,4,-113.0
10,F9,15304,124,17,338.0
10,F9,15356,277,39,983.0
10,F9,15412,13,1,-3.0
10,F9,15497,14,4,13.0
10,HA,12173,2701,134,-1525.0
10,HA,12402,480,16,-898.0
10,HA,12478,27,0,-96.0
10,HA,12758,660,25,-1361.0
10,HA,12889,75,7,1282.0
10,HA,12892,123,17,1043.0
10,HA,12982,602,53,778.0
10,HA,13796,60,2,-147.0
10,HA,13830,1183,81,-72.0
10,HA,14057,31,2,430.0
10,HA,14107,31,2,198.0
10,HA,14222,9,3,802.0
10,HA,14679,31,2,259.0
10,HA,14747,62,3,109.0
10,HA,14771,62,3,-92.0
10,HA,14831,62,3,185.0
10,HA,14893,31,5,154.0
10,MQ,10136,194,26,788.0
10,MQ,10140,57,3,-24.0
10,MQ,10185,54,3,-194.0
10,MQ,10268,57,0,-341.0
10,MQ,10279,38,3,-121.0
10,MQ,10397,31,2,61.0
10,MQ,10469,118,10,-149.0
10,MQ,10529,30,2,-112.0
10,MQ,10599,60,6,600.0
10,MQ,10627,62,6,81.0
10,MQ,10685,150,8,-624.0
10,MQ,10693,392,60,4421.0
10,MQ,10747,4,1,192.0
10,MQ,10781,24,4,75.0
10,MQ,10792,113,15,2666.0
10,MQ,10821,147,12,413.0
10,MQ,10980,30,2,-53.0
10,MQ,10990,31,13,714.0
10,MQ,11003,168,15,48.0
10,MQ,11042,198,23,793.0
10,MQ,11049,140,12,-85.0
10,MQ,11066,365,49,3798.0
10,MQ,11067,206,8,-330.0
10,MQ,11111,123,9,730.0
10,MQ,11140,103,17,2054.0
10,MQ,11193,444,39,265.0
10,MQ,11203,84,4,-187.0
10,MQ,11267,121,9,-149.0
10,MQ,11274,87,3,-131.0
10,MQ,11278,7,0,1.0
10,MQ,11298,3792,430,14152.0
10,MQ,11413,91,12,1718.0
10,MQ,11423,176,8,-319.0
10,MQ,11433,168,36,1888.0
10,MQ,11540,35,2,-61.0
10,MQ,11612,140,11,1338.0
10,MQ,11618,109,16,1592.0
10,MQ,11624,27,1,-164.0
10,MQ,11637,122,8,758.0
10,MQ,11721,89,6,-283.0
10,MQ,11775,58,6,5.0
10,MQ,11778,25,1,-116.0
10,MQ,11823,181,11,8.0
10,MQ,11867,60,4,-152.0
10,MQ,11905,57,5,436.0
10,MQ,11921,89,17,1371.0
10,MQ,11953,57,7,192.0
10,MQ,11977,118,10,128.0
10,MQ,11980,56,3,-219.0
10,MQ,11982,87,5,-100.0
10,MQ,11986,205,14,-465.0
10,MQ,11995,50,6,93.0
10,MQ,11996,26,1,-87.0
10,MQ,12191,123,9,628.0
10,MQ,12197,88,13,1085.0
10,MQ,12217,31,3,5.0
10,MQ,12278,5,0,-24.0
10,MQ,12339,222,10,-847.0
10,MQ,12448,86,4,-142.0
10,MQ,12451,89,12,231.0
10,MQ,12478,151,23,1990.0
10,MQ,12891,29,4,940.0
10,MQ,12896,26,2,468.0
10,MQ,12915,80,5,113.0
10,MQ,12945,89,1,-444.0
10,MQ,12951,114,7,-97.0
10,MQ,12953,546,154,8166.0
10,MQ,12992,271,39,1430.0
10,MQ,13061,55,5,-103.0
10,MQ,13076,92,4,-440.0
10,MQ,13158,29,5,1232.0
10,MQ,13230,85,6,75.0
10,MQ,13244,111,5,-327.0
10,MQ,13277,85,6,-123.0
10,MQ,13290,150,8,-232.0
10,MQ,13303,341,40,1025.0
10,MQ,13342,24,4,356.0
10,MQ,13367,174,12,-184.0
10,MQ,13422,85,11,855.0
10,MQ,13459,26,5,51.0
10,MQ,13485,175,8,514.0
10,MQ,13487,3,0,-18.0
10,MQ,13851,226,29,1817.0
10,MQ,13871,83,8,456.0
10,MQ,13930,6024,562,12503.0
10,MQ,14108,154,4,-630.0
10,MQ,14122,57,8,1673.0
10,MQ,14193,30,4,293.0
10,MQ,14457,52,8,328.0
10,MQ,14492,61,11,502.0
10,MQ,14524,252,36,1400.0
10,MQ,14576,89,8,-253.0
10,MQ,14588,84,12,312.0
10,MQ,14633,123,6,231.0
10,MQ,14674,60,4,319.0
10,MQ,14685,8,3,70.0
10,MQ,14730,31,3,60.0
10,MQ,14783,317,24,-48.0
10,MQ,14842,144,17,586.0
10,MQ,14960,112,8,578.0
10,MQ,15016,52,1,-83.0
10,MQ,15048,57,3,-256.0
10,MQ,15096,120,4,-450.0
10,MQ,15249,20,1,-73.0
10,MQ,15295,88,3,-332.0
10,MQ,15370,89,11,188.0
10,MQ,15380,96,10,36.0
10,MQ,15411,25,1,223.0
10,MQ,15624,3,0,-8.0
10,MQ,15919,411,51,1564.0
10,NK,10158,247,15,-19.0
10,NK,10397,631,216,12421.0
10,NK,10721,245,47,2110.0
10,NK,10732,13,3,49.0
10,NK,10821,327,77,4021.0
10,NK,11042,267,45,2273.0
10,NK,11292,314,44,3306.0
10,NK,11298,759,93,3155.0
10,NK,11433,628,123,6485.0
10,NK,11697,961,126,4505.0
10,NK,12265,22,2,61.0
10,NK,12266,569,142,8381.0
10,NK,12889,940,154,6422.0
10,NK,12892,486,88,4977.0
10,NK,12898,115,12,627.0
10,NK,12953,336,60,1978.0
10,NK,13198,128,26,1219.0
10,NK,13204,415,63,3803.0
10,NK,13487,316,52,1976.0
10,NK,13495,153,22,1232.0
10,NK,13577,332,55,1992.0
10,NK,13796,154,17,219.0
10,NK,13930,974,187,7433.0
10,NK,14025,13,5,228.0
10,NK,14057,62,11,662.0
10,NK,14100,153,23,606.0
10,NK,14107,52,9,1078.0
10,NK,14635,115,17,456.0
10,NK,14679,186,22,640.0
10,NK,14843,30,6,150.0
10,NK,15024,9,0,-82.0
10,NK,15304,195,40,1606.0
10,OO,10140,244,17,-120.0
10,OO,10141,70,6,106.0
10,OO,10157,119,21,1456.0
10,OO,10257,6,0,-36.0
10,OO,10279,35,3,78.0
10,OO,10333,50,4,-70.0
10,OO,10372,58,5,168.0
10,OO,10397,375,30,1218.0
10,OO,10408,131,19,419.0
10,OO,10423,209,29,1893.0
10,OO,10431,95,18,1269.0
10,OO,10469,1,0,0.0
10,OO,10529,65,5,120.0
10,OO,10561,183,18,-41.0
10,OO,10599,115,16,740.0
10,OO,10620,105,4,-330.0
10,OO,10627,207,18,419.0
10,OO,10631,62,1,-18.0
10,OO,10685,1,0,4.0
10,OO,10693,251,33,1580.0
10,OO,10713,714,78,4674.0
10,OO,10721,21,2,41.0
10,OO,10739,53,3,259.0
10,OO,10747,34,2,-48.0
10,OO,10779,61,2,-344.0
10,OO,10792,7,0,-37.0
10,OO,10800,370,50,729.0
10,OO,10849,164,6,-639.0
10,OO,10874,23,1,-70.0
10,OO,10918,53,2,-259.0
10,OO,10990,119,6,-19.0
10,OO,10994,94,15,769.0
10,OO,11003,198,20,869.0
10,OO,11013,57,6,177.0
10,OO,11042,85,7,223.0
10,OO,11057,110,19,586.0
10,OO,11066,91,8,558.0
10,OO,11076,60,4,-215.0
10,OO,11097,30,5,127.0
10,OO,11109,488,59,2070.0
10,OO,11122,137,10,-316.0
10,OO,11140,51,5,-183.0
10,OO,11146,6,0,14.0
10,OO,11193,510,73,2405.0
10,OO,11267,167,18,674.0
10,OO,11278,155,14,77.0
10,OO,11292,4013,533,16023.0
10,OO,11298,364,47,3506.0
10,OO,11315,61,2,226.0
10,OO,11337,186,19,477.0
10,OO,11413,86,8,39.0
10,OO,11423,72,10,232.0
10,OO,11433,1001,90,3066.0
10,OO,11447,49,5,-80.0
10,OO,11471,62,7,713.0
10,OO,11525,53,1,-292.0
10,OO,11540,121,12,1053.0
10,OO,11587,52,3,495.0
10,OO,11603,326,39,1339.0
10,OO,11637,141,10,-296.0
10,OO,11638,592,62,1936.0
10,OO,11648,123,4,-748.0
10,OO,11695,156,33,1664.0
10,OO,11721,55,3,-197.0
10,OO,11775,193,19,682.0
10,OO,11823,314,19,87.0
10,OO,11865,88,8,496.0
10,OO,11884,181,18,247.0
10,OO,11898,90,7,-45.0
10,OO,11921,151,5,-169.0
10,OO,11977,115,14,399.0
10,OO,11986,118,14,195.0
10,OO,12003,190,11,-308.0
10,OO,12094,20,2,-84.0
10,OO,12129,83,10,1115.0
10,OO,12156,141,8,90.0
10,OO,12255,53,3,-201.0
10,OO,12266,1614,259,13239.0
10,OO,12278,217,18,908.0
10,OO,12280,201,14,231.0
10,OO,12335,57,5,-144.0
10,OO,12339,25,4,139.0
10,OO,12343,52,4,217.0
10,OO,12389,194,13,245.0
10,OO,12441,71,7,97.0
10,OO,12451,29,4,428.0
10,OO,12519,75,5,-619.0
10,OO,12523,28,3,296.0
10,OO,12884,113,6,-266.0
10,OO,12888,52,4,19.0
10,OO,12889,227,42,2350.0
10,OO,12892,2524,337,10707.0
10,OO,12896,57,14,1074.0
10,OO,12945,73,5,-24.0
10,OO,12951,4,1,24.0
10,OO,12953,3,0,-1.0
10,OO,12954,115,4,-89.0
10,OO,12992,111,10,977.0
10,OO,13029,156,10,-209.0
10,OO,13076,73,5,1640.0
10,OO,13127,53,1,-254.0
10,OO,13158,159,14,359.0
10,OO,13184,137,17,605.0
10,OO,13198,177,18,654.0
10,OO,13244,103,17,1280.0
10,OO,13256,19,4,175.0
10,OO,13264,240,19,390.0
10,OO,13303,22,3,-32.0
10,OO,13342,723,85,595.0
10,OO,13344,62,6,30.0
10,OO,13367,6,2,147.0
10,OO,13422,5,1,17.0
10,OO,13433,217,16,-478.0
10,OO,13476,233,33,986.0
10,OO,13485,161,17,577.0
10,OO,13486,128,7,2.0
10,OO,13487,2427,230,9022.0
10,OO,13495,21,6,304.0
10,OO,13502,6,0,-34.0
10,OO,13796,236,20,895.0
10,OO,13851,284,30,705.0
10,OO,13871,167,10,-210.0
10,OO,13891,469,75,3339.0
10,OO,13930,3820,489,15331.0
10,OO,13931,41,8,339.0
10,OO,13964,32,12,923.0
10,OO,14006,60,3,-176.0
10,OO,14057,471,43,579.0
10,OO,14100,21,1,-33.0
10,OO,14107,1405,153,3454.0
10,OO,14108,75,8,353.0
10,OO,14113,57,0,-379.0
10,OO,14122,21,3,18.0
10,OO,14150,62,3,97.0
10,OO,14252,151,15,714.0
10,OO,14262,418,55,2353.0
10,OO,14457,154,16,1121.0
10,OO,14487,62,10,847.0
10,OO,14489,200,18,-674.0
10,OO,14492,73,11,1082.0
10,OO,14520,86,5,-252.0
10,OO,14524,29,5,361.0
10,OO,14543,57,4,-126.0
10,OO,14570,189,29,1477.0
10,OO,14679,432,47,1900.0
10,OO,14683,252,30,1219.0
10,OO,14685,4,1,28.0
10,OO,14689,564,72,3310.0
10,OO,14696,368,43,3201.0
10,OO,14698,246,43,1485.0
10,OO,14730,36,9,309.0
10,OO,14747,1450,170,5730.0
10,OO,14771,3219,520,21924.0
10,OO,14783,58,5,-31.0
10,OO,14794,203,18,508.0
10,OO,14814,33,7,346.0
10,OO,14831,276,15,-98.0
10,OO,14869,3898,262,388.0
10,OO,14893,662,66,2566.0
10,OO,14905,61,10,288.0
10,OO,14908,212,23,579.0
10,OO,14952,93,9,137.0
10,OO,15016,160,15,102.0
10,OO,15041,60,3,-55.0
10,OO,15096,27,2,-50.0
10,OO,15370,136,13,105.0
10,OO,15376,555,58,1848.0
10,OO,15380,28,4,88.0
10,OO,15389,87,2,-78.0
10,OO,15412,6,0,-10.0
10,OO,15919,164,25,1054.0
10,OO,16218,177,13,8.0
10,UA,10140,108,11,10.0
10,UA,10257,57,8,185.0
10,UA,10299,57,3,225.0
10,UA,10397,373,42,1918.0
10,UA,10423,493,54,2589.0
10,UA,10529,78,4,-91.0
10,UA,10620,66,4,-225.0
10,UA,10693,94,10,238.0
10,UA,10713,53,4,412.0
10,UA,10721,1190,152,9569.0
10,UA,10732,21,7,371.0
10,UA,10785,30,3,82.0
10,UA,10792,74,6,250.0
10,UA,10800,1,0,-1.0
10,UA,10821,304,29,1131.0
10,UA,10849,61,3,-183.0
10,UA,10994,5,1,4.0
10,UA,11042,496,43,2167.0
10,UA,11057,53,12,2170.0
10,UA,11066,85,10,174.0
10,UA,11278,463,33,950.0
10,UA,11292,4717,758,37959.0
10,UA,11298,328,49,3339.0
10,UA,11423,62,11,487.0
10,UA,11433,108,6,79.0
10,UA,11618,3960,687,40791.0
10,UA,11697,410,46,2691.0
10,UA,11884,57,4,174.0
10,UA,11986,72,8,226.0
10,UA,12016,29,0,-26.0
10,UA,12173,426,68,6092.0
10,UA,12264,1720,204,10455.0
10,UA,12266,5037,853,55608.0
10,UA,12278,39,6,375.0
10,UA,12339,168,13,1191.0
10,UA,12402,23,2,-75.0
10,UA,12441,49,12,354.0
10,UA,12451,25,5,230.0
10,UA,12478,293,30,1975.0
10,UA,12758,106,11,188.0
10,UA,12889,1122,144,7842.0
10,UA,12892,2554,328,17956.0
10,UA,12953,777,92,5380.0
10,UA,12982,86,8,180.0
10,UA,13198,83,8,-36.0
10,UA,13204,1021,118,4333.0
10,UA,13230,51,6,77.0
10,UA,13244,50,5,338.0
10,UA,13256,45,4,273.0
10,UA,13303,283,33,1059.0
10,UA,13485,73,3,-107.0
10,UA,13487,347,28,1244.0
10,UA,13495,606,56,3972.0
10,UA,13830,168,22,1563.0
10,UA,13851,90,8,1087.0
10,UA,13871,114,11,472.0
10,UA,13930,6179,929,48772.0
10,UA,13931,27,3,137.0
10,UA,14027,129,16,827.0
10,UA,14057,550,44,790.0
10,UA,14100,382,42,1956.0
10,UA,14107,570,71,2783.0
10,UA,14122,236,16,815.0
10,UA,14262,36,4,128.0
10,UA,14307,26,1,-135.0
10,UA,14492,195,22,876.0
10,UA,14524,31,1,-92.0
10,UA,14570,61,8,282.0
10,UA,14576,61,8,939.0
10,UA,14635,165,9,-408.0
10,UA,14679,764,75,2563.0
10,UA,14683,264,25,2194.0
10,UA,14747,727,94,4401.0
10,UA,14771,4381,635,33411.0
10,UA,14831,136,10,153.0
10,UA,14843,105,19,1767.0
10,UA,14869,136,9,325.0
10,UA,14893,221,16,279.0
10,UA,14908,487,49,2046.0
10,UA,14986,35,5,247.0
10,UA,15016,32,9,329.0
10,UA,15024,2,0,-32.0
10,UA,15304,512,53,1969.0
10,UA,15370,50,3,485.0
10,UA,15376,5,0,1.0
10,VX,10423,171,23,1262.0
10,VX,10721,142,20,808.0
10,VX,11259,535,116,7067.0
10,VX,11278,115,17,549.0
10,VX,11618,172,16,502.0
10,VX,11697,89,13,493.0
10,VX,12264,151,15,461.0
10,VX,12478,335,21,369.0
10,VX,12889,365,80,3764.0
10,VX,12892,1141,178,8648.0
10,VX,12953,108,19,652.0
10,VX,13204,31,3,74.0
10,VX,13930,146,33,1164.0
10,VX,14057,31,3,-18.0
10,VX,14262,18,2,121.0
10,VX,14679,175,23,1581.0
10,VX,14747,194,38,1531.0
10,VX,14771,1522,210,9512.0
10,WN,10140,1006,170,8907.0
10,WN,10257,335,20,640.0
10,WN,10279,143,17,1072.0
10,WN,10397,3580,465,19289.0
10,WN,10423,1529,208,12570.0
10,WN,10529,483,42,1334.0
10,WN,10599,374,32,1842.0
10,WN,10693,2490,325,15999.0
10,WN,10713,267,27,1462.0
10,WN,10721,979,133,6049.0
10,WN,10792,491,33,1109.0
10,WN,10800,1239,124,4202.0
10,WN,10821,5795,1048,50991.0
10,WN,10874,238,26,2102.0
10,WN,10994,253,38,2119.0
10,WN,11042,435,33,1051.0
10,WN,11057,181,31,1700.0
10,WN,11066,905,62,2812.0
10,WN,11140,113,14,922.0
10,WN,11259,5211,874,54201.0
10,WN,11267,123,8,605.0
10,WN,11278,1304,163,6741.0
10,WN,11292,5248,796,34804.0
10,WN,11423,88,5,150.0
10,WN,11433,595,63,3591.0
10,WN,11481,129,10,590.0
10,WN,11540,590,75,3614.0
10,WN,11618,510,76,4697.0
10,WN,11697,1170,158,6586.0
10,WN,11721,93,16,422.0
10,WN,11884,268,27,1858.0
10,WN,11986,124,11,204.0
10,WN,11996,115,13,434.0
10,WN,12191,4305,725,36524.0
10,WN,12206,170,28,1902.0
10,WN,12264,184,23,836.0
10,WN,12278,141,8,123.0
10,WN,12339,826,97,3973.0
10,WN,12391,366,44,3209.0
10,WN,12451,362,30,557.0
10,WN,12889,6364,943,42643.0
10,WN,12892,3461,519,23657.0
10,WN,12896,205,26,1631.0
10,WN,12953,971,151,9338.0
10,WN,12992,240,22,686.0
10,WN,13158,303,45,2705.0
10,WN,13198,1867,177,6129.0
10,WN,13204,2682,266,9846.0
10,WN,13232,7245,875,36597.0
10,WN,13244,268,34,1299.0
10,WN,13296,413,31,1746.0
10,WN,13342,1019,74,3225.0
10,WN,13487,718,59,1797.0
10,WN,13495,1533,168,9632.0
10,WN,13796,3100,402,18678.0
10,WN,13851,557,70,2264.0
10,WN,13871,474,52,2277.0
10,WN,13891,903,117,4966.0
10,WN,13931,216,30,1319.0
10,WN,14027,181,30,1334.0
10,WN,14057,1116,99,4200.0
10,WN,14100,689,76,4230.0
10,WN,14107,4776,662,26049.0
10,WN,14122,733,58,2111.0
10,WN,14193,97,11,353.0
10,WN,14307,538,40,1891.0
10,WN,14321,97,13,435.0
10,WN,14492,823,71,2775.0
10,WN,14524,119,6,16.0
10,WN,14570,591,66,2687.0
10,WN,14576,150,14,1184.0
10,WN,14635,323,33,849.0
10,WN,14679,2676,340,14336.0
10,WN,14683,1247,128,4854.0
10,WN,14730,383,37,1069.0
10,WN,14747,1173,196,8980.0
10,WN,14771,1333,194,9087.0
10,WN,14831,1977,225,9717.0
10,WN,14843,189,13,305.0
10,WN,14869,853,121,4833.0
10,WN,14893,1923,234,10067.0
10,WN,14908,1688,227,9622.0
10,WN,15016,2540,301,12707.0
10,WN,15304,1944,231,11209.0
10,WN,15370,381,41,2133.0
10,WN,15376,357,37,1150.0
11,AA,ABQ,153,18,246.0
11,AA,ALB,80,4,189.0
11,AA,ANC,30,5,974.0
11,AA,ATL,925,113,4565.0
11,AA,AUS,762,175,13518.0
11,AA,BDL,245,14,9.0
11,AA,BNA,460,51,1264.0
11,AA,BOI,64,4,54.0
11,AA,BOS,2338,224,6103.0
11,AA,BUF,101,7,88.0
11,AA,BWI,494,43,1060.0
11,AA,CHS,60,4,-58.0
11,AA,CLE,203,28,1656.0
11,AA,CLT,7936,814,29089.0
11,AA,CMH,218,15,350.0
11,AA,COS,89,16,1062.0
11,AA,DAY,77,9,99.0
11,AA,DCA,2409,284,10586.0
11,AA,DEN,739,124,8984.0
11,AA,DFW,11468,2326,120319.0
11,AA,DSM,115,16,414.0
11,AA,DTW,507,58,4254.0
11,AA,EGE,11,0,-132.0
11,AA,ELP,125,18,417.0
11,AA,EWR,645,75,2311.0
11,AA,FAT,58,6,55.0
11,AA,FLL,709,51,459.0
11,AA,GEG,34,1,-168.0
11,AA,GSO,51,4,34.0
11,AA,HNL,229,13,-859.0
11,AA,IAD,191,12,972.0
11,AA,IAH,770,100,6804.0
11,AA,ILM,64,1,-151.0
11,AA,IND,388,41,974.0
11,AA,JAX,302,27,2405.0
11,AA,JFK,1444,181,8465.0
11,AA,KOA,52,2,-289.0
11,AA,LAS,1215,110,4479.0
11,AA,LAX,3142,353,13404.0
11,AA,LBB,31,5,437.0
11,AA,LGA,2007,245,8730.0
11,AA,LIH,59,6,-59.0
11,AA,MCI,452,51,3218.0
11,AA,MCO,1513,154,8458.0
11,AA,MDT,30,0,-81.0
11,AA,MEM,124,13,333.0
11,AA,MFE,86,11,467.0
11,AA,MIA,4272,761,39165.0
11,AA,MKE,141,14,1273.0
11,AA,MSP,687,80,5274.0
11,AA,MSY,468,52,2354.0
11,AA,OAK,57,10,361.0
11,AA,OGG,136,9,-191.0
11,AA,OKC,124,17,1001.0
11,AA,OMA,148,12,385.0
11,AA,ONT,228,35,1248.0
11,AA,ORD,4913,909,64405.0
11,AA,ORF,159,20,682.0
11,AA,PBI,416,43,1290.0
11,AA,PDX,315,40,2331.0
11,AA,PHL,3593,399,12908.0
11,AA,PHX,4776,623,24755.0
11,AA,PIT,477,39,756.0
11,AA,PSP,111,16,1317.0
11,AA,PVD,190,5,66.0
11,AA,PWM,30,1,-86.0
11,AA,RDU,698,77,3543.0
11,AA,RIC,208,37,1472.0
11,AA,RNO,158,12,474.0
11,AA,ROC,54,1,-43.0
11,AA,RSW,421,31,1656.0
11,AA,SAN,691,79,4705.0
11,AA,SAT,483,58,2028.0
11,AA,SDF,27,6,253.0
11,AA,SEA,615,82,5606.0
11,AA,SFO,1345,161,6220.0
11,AA,SJC,332,34,1461.0
11,AA,SJU,498,56,1456.0
11,AA,SLC,278,33,850.0
11,AA,SMF,259,30,1251.0
11,AA,SNA,485,59,3280.0
11,AA,STL,643,74,2443.0
11,AA,STT,141,24,1859.0
11,AA,STX,40,6,30.0
11,AA,SYR,53,2,-149.0
11,AA,TPA,983,105,5526.0
11,AA,TUL,203,21,1672.0
11,AA,TUS,256,29,1004.0
11,AA,XNA,2,0,-8.0
11,AS,ABQ,30,3,-212.0
11,AS,ADK,7,6,234.0
11,AS,ADQ,29,2,-39.0
11,AS,ANC,975,111,2950.0
11,AS,ATL,59,3,20.0
11,AS,AUS,30,9,1713.0
11,AS,BET,75,21,1152.0
11,AS,BLI,88,6,158.0
11,AS,BNA,30,7,38.0
11,AS,BOS,117,12,-5.0
11,AS,BRW,75,6,-281.0
11,AS,BUR,86,4,-251.0
11,AS,BWI,60,8,589.0
11,AS,CDV,58,7,-577.0
11,AS,CHS,9,1,-43.0
11,AS,DCA,117,16,307.0
11,AS,DEN,114,16,320.0
11,AS,DFW,89,18,539.0
11,AS,DTW,30,5,74.0
11,AS,EWR,60,10,177.0
11,AS,FAI,168,14,-337.0
11,AS,FLL,30,11,468.0
11,AS,GEG,138,15,978.0
11,AS,HNL,210,15,-573.0
11,AS,IAD,30,4,105.0
11,AS,IAH,30,2,73.0
11,AS,JFK,30,1,-91.0
11,AS,JNU,286,45,735.0
11,AS,KOA,155,10,-122.0
11,AS,KTN,177,26,142.0
11,AS,LAS,351,37,-5.0
11,AS,LAX,805,72,-423.0
11,AS,LIH,120,9,-458.0
11,AS,MCI,30,4,142.0
11,AS,MCO,61,9,249.0
11,AS,MSP,57,7,158.0
11,AS,MSY,30,5,160.0
11,AS,OAK,176,8,-791.0
11,AS,OGG,273,19,-1153.0
11,AS,OME,52,15,1071.0
11,AS,ONT,83,5,-435.0
11,AS,ORD,145,25,1942.0
11,AS,OTZ,54,17,1106.0
11,AS,PDX,1206,79,570.0
11,AS,PHL,30,6,280.0
11,AS,PHX,220,21,-334.0
11,AS,PSG,57,7,-178.0
11,AS,PSP,168,18,722.0
11,AS,RDU,30,3,51.0
11,AS,SAN,426,30,-172.0
11,AS,SAT,30,5,7.0
11,AS,SCC,75,6,-157.0
11,AS,SEA,4322,475,14038.0
11,AS,SFO,429,55,1758.0
11,AS,SIT,87,19,257.0
11,AS,SJC,361,28,-882.0
11,AS,SLC,173,8,-915.0
11,AS,SMF,168,13,-216.0
11,AS,SNA,288,21,-496.0
11,AS,STL,29,5,16.0
11,AS,TPA,30,6,343.0
11,AS,TUS,30,5,86.0
11,AS,WRG,58,5,-237.0
11,AS,YAK,58,6,-774.0
11,B6,ABQ,21,7,378.0
11,B6,AUS,183,46,3626.0
11,B6,BDL,311,42,1223.0
11,B6,BOS,3256,353,9877.0
11,B6,BQN,72,4,-144.0
11,B6,BTV,89,6,-196.0
11,B6,BUF,344,32,-463.0
11,B6,BUR,30,12,830.0
11,B6,BWI,184,11,-376.0
11,B6,CHS,172,24,1304.0
11,B6,CLE,85,7,-127.0
11,B6,CLT,105,18,443.0
11,B6,DCA,850,92,3015.0
11,B6,DEN,78,16,974.0
11,B6,DFW,55,11,412.0
11,B6,DTW,116,11,817.0
11,B6,EWR,559,120,6391.0
11,B6,FLL,1740,314,14708.0
11,B6,HOU,59,24,938.0
11,B6,HPN,320,47,1666.0
11,B6,IAD,168,18,407.0
11,B6,JAX,293,32,1042.0
11,B6,JFK,3525,540,26191.0
11,B6,LAS,353,88,5554.0
11,B6,LAX,391,76,5344.0
11,B6,LGA,533,118,5273.0
11,B6,LGB,623,110,5590.0
11,B6,MCO,1596,303,16246.0
11,B6,MSY,100,16,376.0
11,B6,OAK,113,16,589.0
11,B6,ORD,163,38,2601.0
11,B6,ORH,60,8,324.0
11,B6,PBI,632,144,6273.0
11,B6,PDX,85,13,1041.0
11,B6,PHL,152,20,831.0
11,B6,PHX,57,17,765.0
11,B6,PIT,130,15,306.0
11,B6,PSE,64,1,-429.0
11,B6,PVD,90,8,-19.0
11,B6,PWM,89,8,648.0
11,B6,RDU,230,32,1380.0
11,B6,RIC,163,21,331.0
11,B6,RNO,29,10,537.0
11,B6,ROC,118,17,247.0
11,B6,RSW,396,69,3298.0
11,B6,SAN,109,22,1628.0
11,B6,SAV,90,11,510.0
11,B6,SEA,138,39,2348.0
11,B6,SFO,490,86,4808.0
11,B6,SJC,50,15,705.0
11,B6,SJU,884,160,6348.0
11,B6,SLC,119,24,806.0
11,B6,SMF,83,6,275.0
11,B6,SRQ,90,23,1466.0
11,B6,STT,76,15,698.0
11,B6,STX,30,3,-93.0
11,B6,SWF,60,16,478.0
11,B6,SYR,119,9,-8.0
11,B6,TPA,465,74,3419.0
11,DL,ABE,33,1,-9.0
11,DL,ABQ,143,14,1747.0
11,DL,AGS,62,3,-39.0
11,DL,ALB,136,13,682.0
11,DL,ANC,110,16,918.0
11,DL,ATL,20183,2157,88680.0
11,DL,ATW,53,3,791.0
11,DL,AUS,286,40,3360.0
11,DL,AVL,55,7,380.0
11,DL,AVP,29,0,-28.0
11,DL,BDL,395,26,235.0
11,DL,BHM,294,23,849.0
11,DL,BIL,87,1,-201.0
11,DL,BIS,29,2,71.0
11,DL,BNA,458,44,1578.0
11,DL,BOI,51,3,315.0
11,DL,BOS,1150,104,3182.0
11,DL,BTR,22,2,72.0
11,DL,BUF,186,10,119.0
11,DL,BWI,590,47,1378.0
11,DL,BZN,55,1,513.0
11,DL,CAE,85,4,44.0
11,DL,CAK,112,10,349.0
11,DL,CHA,103,9,361.0
11,DL,CHO,30,0,-40.0
11,DL,CHS,352,12,326.0
11,DL,CLE,218,14,1070.0
11,DL,CLT,540,49,2161.0
11,DL,CMH,277,19,412.0
11,DL,COS,27,5,74.0
11,DL,CRW,30,1,-65.0
11,DL,CVG,507,29,690.0
11,DL,DAB,115,8,872.0
11,DL,DAL,129,19,1632.0
11,DL,DAY,114,8,235.0
11,DL,DCA,774,80,2021.0
11,DL,DEN,628,85,4006.0
11,DL,DFW,403,45,2197.0
11,DL,DLH,1,0,5.0
11,DL,DSM,85,6,1240.0
11,DL,DTW,4658,473,22300.0
11,DL,ECP,169,15,491.0
11,DL,ELP,78,5,35.0
11,DL,EVV,30,0,-79.0
11,DL,EWR,449,63,3754.0
11,DL,EYW,53,4,-89.0
11,DL,FAR,76,6,617.0
11,DL,FAY,59,5,124.0
11,DL,FLL,869,79,2414.0
11,DL,FNT,84,6,-210.0
11,DL,FSD,80,4,68.0
11,DL,GEG,109,16,1278.0
11,DL,GNV,53,4,123.0
11,DL,GPT,112,5,-221.0
11,DL,GRB,65,2,-141.0
11,DL,GRR,257,21,1066.0
11,DL,GSO,238,17,2043.0
11,DL,GSP,169,9,190.0
11,DL,HNL,225,11,25.0
11,DL,HOU,189,20,1568.0
11,DL,HSV,147,13,411.0
11,DL,IAD,211,23,1467.0
11,DL,IAH,222,19,948.0
11,DL,ICT,88,11,1614.0
11,DL,ILM,28,5,515.0
11,DL,IND,355,50,2409.0
11,DL,JAN,196,17,360.0
11,DL,JAX,393,28,572.0
11,DL,JFK,2182,263,11251.0
11,DL,KOA,30,5,740.0
11,DL,LAS,1012,93,4357.0
11,DL,LAX,2630,487,24728.0
11,DL,LEX,151,5,105.0
11,DL,LFT,30,2,132.0
11,DL,LGA,1983,209,8951.0
11,DL,LIH,30,4,436.0
11,DL,LIT,170,12,690.0
11,DL,MCI,523,47,2578.0
11,DL,MCO,1286,101,5117.0
11,DL,MDT,83,9,287.0
11,DL,MDW,222,26,2223.0
11,DL,MEM,368,31,1151.0
11,DL,MHT,60,5,499.0
11,DL,MIA,759,82,3860.0
11,DL,MKE,433,30,743.0
11,DL,MLB,111,11,1289.0
11,DL,MOB,50,4,-103.0
11,DL,MSN,292,11,-236.0
11,DL,MSO,29,2,501.0
11,DL,MSP,4770,518,22544.0
11,DL,MSY,643,81,6549.0
11,DL,MYR,85,5,147.0
11,DL,OAK,83,7,536.0
11,DL,OGG,77,13,694.0
11,DL,OKC,189,12,-23.0
11,DL,OMA,195,11,-70.0
11,DL,ONT,25,2,-55.0
11,DL,ORD,657,121,11100.0
11,DL,ORF,277,18,-148.0
11,DL,PBI,483,60,2428.0
11,DL,PDX,504,48,2646.0
11,DL,PHL,573,70,3228.0
11,DL,PHX,641,50,504.0
11,DL,PIT,315,27,775.0
11,DL,PNS,198,22,1425.0
11,DL,PSC,1,0,-5.0
11,DL,PVD,165,9,-61.0
11,DL,PWM,30,3,168.0
11,DL,RAP,30,3,627.0
11,DL,RDU,496,36,2290.0
11,DL,RIC,221,20,300.0
11,DL,RNO,83,1,-217.0
11,DL,ROA,32,2,277.0
11,DL,ROC,113,6,393.0
11,DL,RSW,397,31,448.0
11,DL,SAN,496,53,2718.0
11,DL,SAT,262,17,1085.0
11,DL,SAV,308,19,67.0
11,DL,SBN,3,1,13.0
11,DL,SDF,246,25,1023.0
11,DL,SEA,1259,176,8782.0
11,DL,SFO,1059,151,7038.0
11,DL,SGF,30,2,-95.0
11,DL,SHV,52,5,-17.0
11,DL,SJC,217,28,1808.0
11,DL,SJU,256,18,-129.0
11,DL,SLC,2892,258,6475.0
11,DL,SMF,200,30,1749.0
11,DL,SNA,213,16,908.0
11,DL,SRQ,174,11,377.0
11,DL,STL,481,41,1074.0
11,DL,STT,57,5,69.0
11,DL,SYR,85,6,148.0
11,DL,TLH,111,7,30.0
11,DL,TPA,874,74,1803.0
11,DL,TRI,58,1,-108.0
11,DL,TUL,114,9,626.0
11,DL,TUS,85,8,625.0
11,DL,TVC,33,2,128.0
11,DL,TYS,139,7,-118.0
11,DL,VPS,137,11,-13.0
11,DL,XNA,57,1,-45.0
11,EV,ABE,197,23,1057.0
11,EV,ABQ,7,0,-27.0
11,EV,ABY,81,14,927.0
11,EV,ACT,140,15,212.0
11,EV,AEX,217,27,1267.0
11,EV,AGS,151,21,1137.0
11,EV,ALB,57,12,364.0
11,EV,AMA,89,10,864.0
11,EV,ATL,4370,809,38149.0
11,EV,ATW,107,12,419.0
11,EV,AVL,123,20,1083.0
11,EV,AVP,125,16,1207.0
11,EV,AZO,8,1,22.0
11,EV,BDL,69,10,539.0
11,EV,BGM,28,3,949.0
11,EV,BGR,33,0,-158.0
11,EV,BHM,235,43,3093.0
11,EV,BMI,60,2,-226.0
11,EV,BNA,190,37,2022.0
11,EV,BOS,202,23,573.0
11,EV,BPT,77,18,1402.0
11,EV,BQK,81,11,852.0
11,EV,BRO,162,15,425.0
11,EV,BTR,586,83,4331.0
11,EV,BTV,108,25,1461.0
11,EV,BUF,191,37,1986.0
11,EV,BWI,65,13,1099.0
11,EV,CAE,354,58,3673.0
11,EV,CAK,233,26,1622.0
11,EV,CHA,235,46,3997.0
11,EV,CHO,48,8,409.0
11,EV,CHS,323,46,2153.0
11,EV,CID,131,13,477.0
11,EV,CLE,881,118,4390.0
11,EV,CLL,77,4,-133.0
11,EV,CLT,124,33,2938.0
11,EV,CMH,164,28,1238.0
11,EV,COS,7,1,184.0
11,EV,CRP,106,11,136.0
11,EV,CRW,143,15,697.0
11,EV,CSG,103,11,442.0
11,EV,CVG,252,47,2959.0
11,EV,CWA,55,9,125.0
11,EV,DAL,1,1,69.0
11,EV,DAY,109,20,774.0
11,EV,DCA,217,37,1377.0
11,EV,DFW,2459,488,24519.0
11,EV,DHN,112,17,474.0
11,EV,DSM,119,20,1718.0
11,EV,DTW,2047,253,10623.0
11,EV,ECP,61,5,287.0
11,EV,ELM,190,17,438.0
11,EV,ELP,67,5,-157.0
11,EV,ERI,54,5,318.0
11,EV,EVV,210,30,1744.0
11,EV,EWN,55,8,466.0
11,EV,EWR,2885,540,24784.0
11,EV,EYW,62,9,590.0
11,EV,FAR,96,18,1330.0
11,EV,FAY,105,15,1234.0
11,EV,FNT,79,11,560.0
11,EV,FSD,72,14,1313.0
11,EV,FSM,140,18,1046.0
11,EV,FWA,33,4,135.0
11,EV,GJT,23,1,-57.0
11,EV,GNV,116,15,215.0
11,EV,GPT,162,17,652.0
11,EV,GRB,165,18,1195.0
11,EV,GRK,264,31,1158.0
11,EV,GRR,100,21,625.0
11,EV,GSO,196,37,1684.0
11,EV,GSP,283,32,1160.0
11,EV,GTR,83,9,352.0
11,EV,HOB,49,4,6.0
11,EV,HOU,67,16,1504.0
11,EV,HPN,252,47,2787.0
11,EV,HRL,78,3,-301.0
11,EV,HSV,181,31,2083.0
11,EV,IAD,58,8,463.0
11,EV,IAH,4267,390,9073.0
11,EV,ICT,200,30,1368.0
11,EV,ILM,100,18,586.0
11,EV,IND,257,48,2566.0
11,EV,ISN,26,2,199.0
11,EV,JAN,345,48,1967.0
11,EV,JAX,147,18,1098.0
11,EV,JLN,58,4,44.0
11,EV,LAN,95,9,449.0
11,EV,LAW,72,9,164.0
11,EV,LBB,108,10,431.0
11,EV,LCH,97,2,-512.0
11,EV,LEX,178,18,928.0
11,EV,LFT,235,31,1132.0
11,EV,LGA,998,226,12914.0
11,EV,LIT,195,21,903.0
11,EV,LNK,98,11,44.0
11,EV,LRD,141,15,601.0
11,EV,MAF,117,15,740.0
11,EV,MBS,16,0,-92.0
11,EV,MCI,213,23,1241.0
11,EV,MCO,3,0,-24.0
11,EV,MDT,79,6,302.0
11,EV,MDW,73,7,110.0
11,EV,MEI,80,11,308.0
11,EV,MEM,366,53,3113.0
11,EV,MFE,13,3,-8.0
11,EV,MGM,193,28,1243.0
11,EV,MHT,120,22,1168.0
11,EV,MKE,279,38,1224.0
11,EV,MLI,109,17,1189.0
11,EV,MLU,265,31,2136.0
11,EV,MOB,261,33,1724.0
11,EV,MSN,89,11,297.0
11,EV,MSP,261,51,3174.0
11,EV,MSY,20,3,26.0
11,EV,MYR,1,0,-10.0
11,EV,OAJ,109,18,1300.0
11,EV,OKC,139,17,1416.0
11,EV,OMA,275,31,237.0
11,EV,ORD,3345,466,23958.0
11,EV,ORF,98,31,1698.0
11,EV,PBI,14,4,119.0
11,EV,PHF,112,26,1042.0
11,EV,PHL,6,1,0.0
11,EV,PIA,276,27,823.0
11,EV,PIB,50,3,-101.0
11,EV,PIT,85,11,196.0
11,EV,PNS,143,13,734.0
11,EV,PVD,78,15,769.0
11,EV,PWM,140,16,556.0
11,EV,RDU,152,22,1301.0
11,EV,RIC,458,93,5023.0
11,EV,ROA,172,32,1648.0
11,EV,ROC,165,28,1988.0
11,EV,ROW,4,3,115.0
11,EV,RST,56,4,303.0
11,EV,SAF,28,6,549.0
11,EV,SAT,44,6,24.0
11,EV,SAV,244,41,2217.0
11,EV,SBN,93,8,856.0
11,EV,SCE,57,7,348.0
11,EV,SDF,216,46,2182.0
11,EV,SGF,104,19,1337.0
11,EV,SHV,444,59,2827.0
11,EV,SLC,3,0,-12.0
11,EV,SPI,49,4,-106.0
11,EV,STL,255,49,2516.0
11,EV,SYR,187,26,1287.0
11,EV,TLH,142,18,463.0
11,EV,TRI,92,11,500.0
11,EV,TUL,257,36,1816.0
11,EV,TUS,14,3,23.0
11,EV,TVC,75,8,115.0
11,EV,TXK,76,15,1078.0
11,EV,TYR,173,20,373.0
11,EV,TYS,387,59,2039.0
11,EV,VLD,84,8,267.0
11,EV,VPS,250,32,1758.0
11,EV,XNA,218,34,2215.0
11,F9,ATL,422,129,10327.0
11,F9,AUS,90,32,4436.0
11,F9,BIS,13,1,12.0
11,F9,BNA,28,8,378.0
11,F9,BZN,17,3,155.0
11,F9,CID,13,4,94.0
11,F9,CLE,212,33,3274.0
11,F9,CLT,58,9,407.0
11,F9,CVG,150,6,-527.0
11,F9,DCA,90,11,49.0
11,F9,DEN,1914,423,21096.0
11,F9,DFW,116,25,1075.0
11,F9,DSM,17,2,174.0
11,F9,DTW,79,10,-52.0
11,F9,FLL,16,0,-117.0
11,F9,FSD,13,3,212.0
11,F9,GSO,17,4,469.0
11,F9,IAD,60,19,1276.0
11,F9,IAH,164,34,1580.0
11,F9,IND,90,11,7.0
11,F9,LAS,520,85,4374.0
11,F9,LAX,160,38,2024.0
11,F9,LGA,57,19,540.0
11,F9,MCI,29,5,24.0
11,F9,MCO,592,118,7123.0
11,F9,MEM,28,5,33.0
11,F9,MIA,207,43,1400.0
11,F9,MKE,60,8,312.0
11,F9,MSN,17,2,43.0
11,F9,MSO,13,1,-113.0
11,F9,MSP,110,19,537.0
11,F9,MSY,60,13,944.0
11,F9,OMA,17,2,182.0
11,F9,ORD,478,139,10730.0
11,F9,PDX,87,11,209.0
11,F9,PHL,312,87,4932.0
11,F9,PHX,135,31,1454.0
11,F9,RDU,58,4,309.0
11,F9,RSW,162,29,1100.0
11,F9,SAN,52,9,331.0
11,F9,SEA,68,16,597.0
11,F9,SFO,223,51,3159.0
11,F9,SLC,115,18,712.0
11,F9,SNA,58,13,254.0
11,F9,STL,90,9,831.0
11,F9,TPA,146,17,847.0
11,F9,TTN,264,37,2339.0
11,F9,TYS,13,1,46.0
11,F9,UST,17,4,279.0
11,HA,HNL,2605,102,-3570.0
11,HA,ITO,458,18,-1518.0
11,HA,JFK,26,0,-87.0
11,HA,KOA,586,19,-1906.0
11,HA,LAS,73,6,492.0
11,HA,LAX,120,7,114.0
11,HA,LIH,644,20,-2464.0
11,HA,OAK,59,3,-147.0
11,HA,OGG,1140,55,-2094.0
11,HA,PDX,30,1,-68.0
11,HA,PHX,30,2,177.0
11,HA,PPG,9,2,48.0
11,HA,SAN,30,2,187.0
11,HA,SEA,60,4,418.0
11,HA,SFO,59,4,-181.0
11,HA,SJC,60,4,-17.0
11,HA,SMF,30,1,235.0
11,MQ,ABI,186,19,902.0
11,MQ,ABQ,49,9,605.0
11,MQ,AEX,54,3,-158.0
11,MQ,ALO,51,7,524.0
11,MQ,AMA,33,5,261.0
11,MQ,ATL,23,8,457.0
11,MQ,AZO,104,9,-169.0
11,MQ,BDL,51,7,124.0
11,MQ,BHM,59,3,311.0
11,MQ,BIS,58,10,2143.0
11,MQ,BMI,156,17,111.0
11,MQ,BNA,284,40,2461.0
11,MQ,BPT,1,1,182.0
11,MQ,BTR,34,4,69.0
11,MQ,BUF,106,11,518.0
11,MQ,BWI,137,26,1059.0
11,MQ,CHA,27,6,315.0
11,MQ,CHO,22,8,586.0
11,MQ,CID,181,22,1908.0
11,MQ,CLE,187,28,960.0
11,MQ,CLL,134,11,-307.0
11,MQ,CLT,51,6,425.0
11,MQ,CMH,324,45,2039.0
11,MQ,CMI,201,22,815.0
11,MQ,COU,114,15,2006.0
11,MQ,CRP,91,13,314.0
11,MQ,CVG,392,35,1586.0
11,MQ,CWA,75,5,17.0
11,MQ,DAY,105,18,696.0
11,MQ,DBQ,77,10,497.0
11,MQ,DCA,2,0,3.0
11,MQ,DFW,3399,372,12193.0
11,MQ,DRO,84,7,128.0
11,MQ,DSM,151,20,1726.0
11,MQ,DTW,94,11,447.0
11,MQ,ELP,50,7,757.0
11,MQ,EVV,128,13,738.0
11,MQ,EWR,78,18,1474.0
11,MQ,EYW,56,13,968.0
11,MQ,FAR,112,9,239.0
11,MQ,FNT,78,7,107.0
11,MQ,FSD,53,8,751.0
11,MQ,FSM,26,1,-192.0
11,MQ,FWA,161,17,1490.0
11,MQ,GCK,57,4,-162.0
11,MQ,GGG,55,1,-154.0
11,MQ,GJT,85,7,204.0
11,MQ,GNV,53,5,767.0
11,MQ,GRB,105,9,348.0
11,MQ,GRI,55,7,415.0
11,MQ,GRK,65,5,-8.0
11,MQ,GRR,185,26,2305.0
11,MQ,GSO,7,0,-31.0
11,MQ,GSP,22,2,-1.0
11,MQ,HOU,116,12,413.0
11,MQ,HPN,78,13,1096.0
11,MQ,HSV,28,7,450.0
11,MQ,ICT,5,0,-36.0
11,MQ,IND,198,25,1276.0
11,MQ,JAN,83,12,1538.0
11,MQ,JAX,83,16,1488.0
11,MQ,JFK,136,14,363.0
11,MQ,LAW,31,4,-80.0
11,MQ,LBB,11,4,267.0
11,MQ,LCH,79,2,-458.0
11,MQ,LEX,77,11,188.0
11,MQ,LFT,111,9,944.0
11,MQ,LGA,217,59,2873.0
11,MQ,LIT,175,35,1890.0
11,MQ,LRD,52,3,-200.0
11,MQ,LSE,80,5,-189.0
11,MQ,MAF,23,5,65.0
11,MQ,MCI,39,13,802.0
11,MQ,MDT,76,12,649.0
11,MQ,MEM,104,12,717.0
11,MQ,MGM,81,14,694.0
11,MQ,MHK,139,13,451.0
11,MQ,MIA,326,45,2702.0
11,MQ,MKE,5,0,-14.0
11,MQ,MLI,156,18,1619.0
11,MQ,MOB,80,9,119.0
11,MQ,MQT,24,4,355.0
11,MQ,MSN,152,19,523.0
11,MQ,MSP,5,1,135.0
11,MQ,MSY,1,0,7.0
11,MQ,OKC,182,30,2757.0
11,MQ,OMA,70,8,138.0
11,MQ,ORD,5594,790,45057.0
11,MQ,PIA,128,16,947.0
11,MQ,PIT,111,16,630.0
11,MQ,PNS,25,3,33.0
11,MQ,RAP,58,9,525.0
11,MQ,RDU,14,0,-51.0
11,MQ,RIC,165,38,3156.0
11,MQ,ROC,79,8,181.0
11,MQ,ROW,76,12,685.0
11,MQ,RST,105,13,235.0
11,MQ,SAF,55,8,296.0
11,MQ,SAT,2,1,166.0
11,MQ,SDF,50,4,189.0
11,MQ,SGF,332,44,2556.0
11,MQ,SJT,139,11,220.0
11,MQ,SLC,37,7,747.0
11,MQ,SPS,90,8,855.0
11,MQ,STL,49,11,1000.0
11,MQ,SUX,50,6,942.0
11,MQ,SYR,106,15,769.0
11,MQ,TLH,3,1,60.0
11,MQ,TOL,78,10,586.0
11,MQ,TUL,52,10,1371.0
11,MQ,TVC,78,5,-115.0
11,MQ,TXK,4,0,-4.0
11,MQ,TYR,25,1,-46.0
11,MQ,XNA,344,64,6039.0
11,NK,ACY,277,30,804.0
11,NK,ATL,600,176,8108.0
11,NK,BOS,202,39,788.0
11,NK,BQN,13,4,81.0
11,NK,BWI,282,54,3304.0
11,NK,CLE,247,28,68.0
11,NK,DEN,296,60,3521.0
11,NK,DFW,705,104,3056.0
11,NK,DTW,657,120,5953.0
11,NK,FLL,1035,173,7522.0
11,NK,IAG,27,3,-78.0
11,NK,IAH,503,163,7692.0
11,NK,LAS,861,168,6470.0
11,NK,LAX,492,133,6646.0
11,NK,LBE,93,16,78.0
11,NK,LGA,323,63,3344.0
11,NK,MCI,129,24,1006.0
11,NK,MCO,444,84,3533.0
11,NK,MSP,315,61,2769.0
11,NK,MSY,168,21,284.0
11,NK,MYR,209,34,613.0
11,NK,OAK,167,24,1190.0
11,NK,ORD,872,206,11260.0
11,NK,PBG,23,3,-56.0
11,NK,PBI,38,6,137.0
11,NK,PDX,40,8,143.0
11,NK,PHL,131,15,217.0
11,NK,PHX,88,32,1685.0
11,NK,RSW,272,46,2451.0
11,NK,SAN,172,28,883.0
11,NK,SJU,30,4,274.0
11,NK,STT,22,5,576.0
11,NK,TPA,326,58,2430.0
11,OO,ABQ,226,27,522.0
11,OO,ABR,62,7,427.0
11,OO,ACV,130,21,556.0
11,OO,ALB,26,3,161.0
11,OO,AMA,5,0,26.0
11,OO,APN,49,2,-196.0
11,OO,ASE,32,9,488.0
11,OO,ATL,473,76,4441.0
11,OO,ATW,82,5,308.0
11,OO,AUS,251,66,5460.0
11,OO,AVL,30,2,195.0
11,OO,AZO,69,6,133.0
11,OO,BDL,46,6,149.0
11,OO,BFL,235,25,5.0
11,OO,BHM,158,26,1778.0
11,OO,BIL,96,4,-3.0
11,OO,BIS,196,19,59.0
11,OO,BJI,59,6,849.0
11,OO,BMI,1,1,17.0
11,OO,BNA,304,49,5546.0
11,OO,BOI,726,100,5241.0
11,OO,BOS,4,1,61.0
11,OO,BRD,49,3,55.0
11,OO,BRO,22,0,-82.0
11,OO,BTM,57,6,412.0
11,OO,BUF,27,2,-55.0
11,OO,BUR,365,49,1296.0
11,OO,BZN,121,7,45.0
11,OO,CAK,3,0,-5.0
11,OO,CDC,51,4,27.0
11,OO,CHA,29,3,95.0
11,OO,CHO,114,20,1055.0
11,OO,CHS,62,12,1176.0
11,OO,CID,152,25,1629.0
11,OO,CIU,57,10,723.0
11,OO,CLE,95,20,1070.0
11,OO,CLT,121,22,1614.0
11,OO,CMH,96,14,810.0
11,OO,CMX,58,6,304.0
11,OO,COD,32,2,221.0
11,OO,COS,444,67,4638.0
11,OO,CPR,132,12,369.0
11,OO,CRP,62,3,287.0
11,OO,CRW,36,9,561.0
11,OO,CVG,433,73,4204.0
11,OO,CWA,24,1,-60.0
11,OO,DAY,182,30,1355.0
11,OO,DCA,153,23,2028.0
11,OO,DEN,3746,689,33714.0
11,OO,DFW,332,53,4618.0
11,OO,DIK,56,2,-311.0
11,OO,DLH,185,36,2820.0
11,OO,DRO,63,4,-88.0
11,OO,DSM,103,18,888.0
11,OO,DTW,905,101,4856.0
11,OO,DVL,41,6,182.0
11,OO,EAU,58,6,279.0
11,OO,EKO,41,2,-119.0
11,OO,ELP,167,25,823.0
11,OO,ESC,48,5,176.0
11,OO,EUG,284,37,1353.0
11,OO,FAR,205,35,2377.0
11,OO,FAT,521,51,1163.0
11,OO,FCA,138,8,-1.0
11,OO,FLG,147,21,1295.0
11,OO,FNT,43,3,335.0
11,OO,FSD,213,41,4414.0
11,OO,FWA,288,43,2827.0
11,OO,GCC,85,9,73.0
11,OO,GEG,233,24,1538.0
11,OO,GFK,115,17,866.0
11,OO,GJT,154,8,-19.0
11,OO,GRB,90,14,371.0
11,OO,GRR,152,21,989.0
11,OO,GTF,161,12,-71.0
11,OO,GUC,2,1,149.0
11,OO,HIB,78,11,910.0
11,OO,HLN,140,11,492.0
11,OO,HRL,31,3,-7.0
11,OO,HYS,49,10,144.0
11,OO,IAD,20,5,254.0
11,OO,IAH,1809,339,16662.0
11,OO,ICT,215,47,5149.0
11,OO,IDA,190,8,-442.0
11,OO,ILM,15,2,-1.0
11,OO,IMT,52,4,98.0
11,OO,IND,26,5,91.0
11,OO,INL,49,4,436.0
11,OO,ISN,184,21,1645.0
11,OO,JAC,123,12,643.0
11,OO,JAX,49,5,803.0
11,OO,JMS,67,13,866.0
11,OO,JNU,24,6,915.0
11,OO,LAN,107,23,1788.0
11,OO,LAR,49,6,287.0
11,OO,LAS,176,26,644.0
11,OO,LAX,1941,226,9032.0
11,OO,LBB,56,19,1612.0
11,OO,LEX,71,9,615.0
11,OO,LFT,10,0,-47.0
11,OO,LGA,15,1,11.0
11,OO,LGB,108,10,229.0
11,OO,LIT,130,27,1307.0
11,OO,LNK,144,29,1433.0
11,OO,LSE,78,14,1195.0
11,OO,LWS,55,1,-41.0
11,OO,MAF,98,17,647.0
11,OO,MBS,122,12,325.0
11,OO,MCI,175,26,2494.0
11,OO,MDW,29,6,327.0
11,OO,MEM,133,22,1350.0
11,OO,MFE,44,3,-12.0
11,OO,MFR,228,23,224.0
11,OO,MGM,15,3,64.0
11,OO,MIA,5,1,89.0
11,OO,MKE,652,110,5444.0
11,OO,MKG,56,9,178.0
11,OO,MLI,24,5,142.0
11,OO,MLU,4,0,-14.0
11,OO,MOB,64,12,623.0
11,OO,MOT,186,23,2561.0
11,OO,MRY,226,21,36.0
11,OO,MSN,102,10,230.0
11,OO,MSO,84,10,242.0
11,OO,MSP,2682,380,17896.0
11,OO,MSY,25,3,-27.0
11,OO,MTJ,25,3,-75.0
11,OO,OAK,112,12,171.0
11,OO,OKC,288,66,4966.0
11,OO,OMA,215,34,2848.0
11,OO,ONT,414,61,1459.0
11,OO,ORD,3428,646,41618.0
11,OO,ORF,53,15,1530.0
11,OO,OTH,18,4,347.0
11,OO,PAH,54,6,117.0
11,OO,PBI,5,0,-44.0
11,OO,PDX,487,62,2971.0
11,OO,PHL,4,0,-2.0
11,OO,PHX,1264,120,2561.0
11,OO,PIA,25,5,118.0
11,OO,PIH,54,5,454.0
11,OO,PIT,47,8,345.0
11,OO,PLN,60,3,281.0
11,OO,PSC,288,30,1346.0
11,OO,PSP,470,48,1870.0
11,OO,PVD,6,2,49.0
11,OO,RAP,156,21,306.0
11,OO,RDD,58,6,158.0
11,OO,RDM,195,22,999.0
11,OO,RDU,65,6,825.0
11,OO,RHI,82,16,1042.0
11,OO,RIC,27,7,333.0
11,OO,RKS,51,4,413.0
11,OO,RNO,151,18,154.0
11,OO,RSW,1,0,2.0
11,OO,SAN,364,44,2171.0
11,OO,SAT,209,31,2003.0
11,OO,SAV,10,1,-2.0
11,OO,SBA,510,46,93.0
11,OO,SBN,282,38,3555.0
11,OO,SBP,214,20,-105.0
11,OO,SDF,32,6,257.0
11,OO,SEA,1326,194,9223.0
11,OO,SFO,3078,453,14473.0
11,OO,SGF,55,11,256.0
11,OO,SGU,171,23,901.0
11,OO,SHV,55,13,582.0
11,OO,SJC,231,19,597.0
11,OO,SLC,3869,345,9813.0
11,OO,SMF,465,41,299.0
11,OO,SMX,58,7,270.0
11,OO,SNA,227,20,177.0
11,OO,SPI,83,14,1104.0
11,OO,STL,167,15,754.0
11,OO,SUN,45,2,-35.0
11,OO,SYR,32,8,197.0
11,OO,TUL,152,30,1696.0
11,OO,TUS,562,57,1375.0
11,OO,TVC,3,1,149.0
11,OO,TWF,82,5,114.0
11,OO,TYS,37,8,810.0
11,OO,VPS,4,0,-2.0
11,OO,XNA,171,27,2301.0
11,OO,YUM,160,11,47.0
11,UA,ABQ,44,7,420.0
11,UA,ALB,55,4,214.0
11,UA,ANC,59,8,1427.0
11,UA,ATL,323,64,3905.0
11,UA,AUS,424,113,8784.0
11,UA,BDL,76,10,568.0
11,UA,BIL,68,5,-36.0
11,UA,BNA,67,6,70.0
11,UA,BOI,47,7,1053.0
11,UA,BOS,1050,135,6593.0
11,UA,BQN,30,10,519.0
11,UA,BTV,32,2,16.0
11,UA,BUF,31,7,522.0
11,UA,BWI,286,27,1310.0
11,UA,BZN,57,8,289.0
11,UA,CHS,1,0,8.0
11,UA,CLE,504,68,4713.0
11,UA,CLT,55,9,466.0
11,UA,CMH,96,15,1099.0
11,UA,DCA,424,36,1839.0
11,UA,DEN,4377,791,47853.0
11,UA,DFW,303,51,3286.0
11,UA,DSM,53,11,807.0
11,UA,DTW,112,13,1351.0
11,UA,EWR,3865,827,55135.0
11,UA,FLL,483,61,2030.0
11,UA,FSD,4,0,-5.0
11,UA,GEG,55,8,194.0
11,UA,GRR,34,9,411.0
11,UA,GUM,30,3,43.0
11,UA,HNL,432,75,9942.0
11,UA,IAD,1617,189,9784.0
11,UA,IAH,4863,1007,69515.0
11,UA,ICT,50,11,576.0
11,UA,IND,137,16,2181.0
11,UA,ITO,21,2,88.0
11,UA,JAC,3,0,-19.0
11,UA,JAX,21,3,201.0
11,UA,KOA,96,12,1613.0
11,UA,LAS,966,123,5597.0
11,UA,LAX,2203,275,16600.0
11,UA,LGA,687,97,7322.0
11,UA,LIH,59,7,306.0
11,UA,MCI,75,5,300.0
11,UA,MCO,1003,139,6875.0
11,UA,MDT,54,9,288.0
11,UA,MEM,42,10,626.0
11,UA,MFE,53,3,31.0
11,UA,MIA,313,49,3181.0
11,UA,MSN,77,17,931.0
11,UA,MSP,286,36,3033.0
11,UA,MSY,500,74,5289.0
11,UA,OGG,155,25,642.0
11,UA,OKC,66,12,970.0
11,UA,OMA,83,15,434.0
11,UA,ORD,5536,1168,86778.0
11,UA,ORF,30,7,514.0
11,UA,PBI,177,29,1791.0
11,UA,PDX,521,60,3518.0
11,UA,PHL,343,50,3464.0
11,UA,PHX,579,83,5015.0
11,UA,PIT,198,31,2265.0
11,UA,PSP,72,12,558.0
11,UA,PVD,4,0,-28.0
11,UA,RDU,181,29,1917.0
11,UA,RIC,31,4,321.0
11,UA,RNO,55,10,291.0
11,UA,ROC,56,8,487.0
11,UA,RSW,223,18,361.0
11,UA,SAN,710,103,7437.0
11,UA,SAT,269,35,2216.0
11,UA,SEA,664,87,6558.0
11,UA,SFO,4016,688,47039.0
11,UA,SJC,122,12,462.0
11,UA,SJU,152,38,1771.0
11,UA,SLC,151,27,1642.0
11,UA,SMF,212,21,1267.0
11,UA,SNA,460,54,4111.0
11,UA,SRQ,32,3,-56.0
11,UA,STL,44,13,953.0
11,UA,STT,16,5,138.0
11,UA,TPA,520,58,2492.0
11,UA,TUL,37,6,867.0
11,UA,TUS,22,6,225.0
11,VX,AUS,159,17,728.0
11,VX,BOS,117,7,-156.0
11,VX,DAL,516,87,3688.0
11,VX,DCA,113,14,627.0
11,VX,EWR,167,19,560.0
11,VX,FLL,143,16,434.0
11,VX,HNL,29,1,402.0
11,VX,IAD,144,4,-280.0
11,VX,JFK,354,26,219.0
11,VX,LAS,323,64,2838.0
11,VX,LAX,1094,171,7234.0
11,VX,LGA,105,14,249.0
11,VX,MCO,30,3,17.0
11,VX,ORD,138,32,1833.0
11,VX,PDX,29,1,-27.0
11,VX,PSP,24,1,-49.0
11,VX,SAN,166,30,1176.0
11,VX,SEA,189,32,1513.0
11,VX,SFO,1517,210,9811.0
11,WN,ABQ,947,178,8505.0
11,WN,ALB,357,23,499.0
11,WN,AMA,132,17,1350.0
11,WN,ATL,3467,602,25647.0
11,WN,AUS,1633,357,22610.0
11,WN,BDL,552,55,3312.0
11,WN,BHM,359,42,1825.0
11,WN,BNA,2412,350,14133.0
11,WN,BOI,259,36,1350.0
11,WN,BOS,981,160,7918.0
11,WN,BUF,488,50,1373.0
11,WN,BUR,1206,162,7097.0
11,WN,BWI,5757,1037,47266.0
11,WN,CAK,194,15,275.0
11,WN,CHS,216,28,1620.0
11,WN,CLE,401,38,1075.0
11,WN,CLT,178,28,1394.0
11,WN,CMH,961,96,2889.0
11,WN,CRP,110,17,750.0
11,WN,DAL,4997,1133,53781.0
11,WN,DAY,115,12,526.0
11,WN,DCA,1272,173,7396.0
11,WN,DEN,4996,961,45369.0
11,WN,DSM,85,7,484.0
11,WN,DTW,562,75,3643.0
11,WN,ECP,114,10,31.0
11,WN,ELP,570,89,4716.0
11,WN,EWR,474,89,4690.0
11,WN,FLL,1652,182,7123.0
11,WN,FNT,141,10,196.0
11,WN,GEG,252,34,1313.0
11,WN,GRR,149,13,1158.0
11,WN,GSP,135,30,1305.0
11,WN,HOU,4236,799,40250.0
11,WN,HRL,165,28,1369.0
11,WN,IAD,177,21,1164.0
11,WN,ICT,138,21,928.0
11,WN,IND,981,103,3917.0
11,WN,ISP,392,66,2976.0
11,WN,JAX,360,53,2470.0
11,WN,LAS,6011,1266,58581.0
11,WN,LAX,3385,881,41420.0
11,WN,LBB,207,39,1504.0
11,WN,LGA,916,213,12133.0
11,WN,LIT,203,31,1139.0
11,WN,MAF,268,34,1735.0
11,WN,MCI,1820,225,8923.0
11,WN,MCO,3334,423,19132.0
11,WN,MDW,6448,1089,54946.0
11,WN,MEM,266,35,1336.0
11,WN,MHT,378,43,1218.0
11,WN,MKE,1102,103,3280.0
11,WN,MSP,610,83,4537.0
11,WN,MSY,1518,164,5878.0
11,WN,OAK,3023,681,32776.0
11,WN,OKC,519,82,3298.0
11,WN,OMA,459,58,2554.0
11,WN,ONT,868,142,6666.0
11,WN,ORF,196,32,1492.0
11,WN,PBI,245,52,2458.0
11,WN,PDX,1078,159,7000.0
11,WN,PHL,808,123,7235.0
11,WN,PHX,4664,901,40647.0
11,WN,PIT,777,93,3610.0
11,WN,PNS,89,15,774.0
11,WN,PVD,531,41,1824.0
11,WN,PWM,88,12,370.0
11,WN,RDU,916,113,4509.0
11,WN,RIC,118,25,2053.0
11,WN,RNO,528,70,3066.0
11,WN,ROC,147,14,209.0
11,WN,RSW,573,61,2288.0
11,WN,SAN,2651,534,26320.0
11,WN,SAT,1185,158,5850.0
11,WN,SDF,338,46,1878.0
11,WN,SEA,1048,215,12169.0
11,WN,SFO,1231,174,6468.0
11,WN,SJC,1925,388,19495.0
11,WN,SJU,322,22,431.0
11,WN,SLC,765,133,5437.0
11,WN,SMF,1801,265,11635.0
11,WN,SNA,1698,275,12638.0
11,WN,STL,2396,421,18500.0
11,WN,TPA,2301,261,9909.0
11,WN,TUL,370,76,3101.0
11,WN,TUS,378,67,2157.0
12,AA,ABQ,133,16,2148.0
12,AA,ALB,82,9,173.0
12,AA,ANC,30,5,532.0
12,AA,ATL,921,112,6926.0
12,AA,AUS,720,89,5151.0
12,AA,BDL,244,30,1734.0
12,AA,BNA,417,49,2759.0
12,AA,BOI,62,7,38.0
12,AA,BOS,2168,262,12188.0
12,AA,BUF,103,9,209.0
12,AA,BWI,532,60,3004.0
12,AA,CHS,36,3,-52.0
12,AA,CLE,189,23,846.0
12,AA,CLT,8078,1477,75491.0
12,AA,CMH,207,22,668.0
12,AA,COS,85,5,27.0
12,AA,DAY,57,11,399.0
12,AA,DCA,2371,392,20954.0
12,AA,DEN,800,143,7645.0
12,AA,DFW,11689,2163,119750.0
12,AA,DSM,104,16,2124.0
12,AA,DTW,539,64,3307.0
12,AA,EGE,129,36,4391.0
12,AA,ELP,134,18,841.0
12,AA,EWR,657,122,5550.0
12,AA,FAT,59,18,732.0
12,AA,FLL,802,103,3407.0
12,AA,GEG,46,4,52.0
12,AA,GSO,29,3,9.0
12,AA,GUC,19,4,185.0
12,AA,HDN,22,4,261.0
12,AA,HNL,260,23,367.0
12,AA,IAD,214,34,1783.0
12,AA,IAH,730,82,5090.0
12,AA,ILM,49,4,-78.0
12,AA,IND,380,56,2682.0
12,AA,JAC,56,18,3269.0
12,AA,JAX,312,37,696.0
12,AA,JFK,1579,298,20117.0
12,AA,KOA,62,8,345.0
12,AA,LAS,1174,140,6505.0
12,AA,LAX,3343,585,31571.0
12,AA,LBB,16,2,343.0
12,AA,LGA,1939,223,8583.0
12,AA,LIH,72,3,-416.0
12,AA,MCI,412,57,2197.0
12,AA,MCO,1648,268,14432.0
12,AA,MDT,19,1,-11.0
12,AA,MEM,119,13,981.0
12,AA,MFE,74,5,48.0
12,AA,MIA,4670,1121,64892.0
12,AA,MKE,134,16,401.0
12,AA,MSP,614,82,6486.0
12,AA,MSY,449,55,2774.0
12,AA,MTJ,16,8,360.0
12,AA,OAK,60,6,51.0
12,AA,OGG,165,35,2012.0
12,AA,OKC,109,11,-85.0
12,AA,OMA,135,5,-232.0
12,AA,ONT,240,28,1038.0
12,AA,ORD,4790,940,58702.0
12,AA,ORF,163,21,1062.0
12,AA,PBI,508,91,4067.0
12,AA,PDX,319,37,3450.0
12,AA,PHL,3555,683,34622.0
12,AA,PHX,5166,860,36433.0
12,AA,PIT,483,35,1344.0
12,AA,PSP,118,9,-165.0
12,AA,PVD,189,16,313.0
12,AA,PWM,29,0,-85.0
12,AA,RDU,710,119,7221.0
12,AA,RIC,206,24,581.0
12,AA,RNO,189,40,1580.0
12,AA,ROC,58,3,120.0
12,AA,RSW,481,77,3404.0
12,AA,SAN,767,94,6303.0
12,AA,SAT,448,46,2177.0
12,AA,SDF,28,6,352.0
12,AA,SEA,697,100,5169.0
12,AA,SFO,1354,306,22088.0
12,AA,SJC,342,35,1216.0
12,AA,SJU,575,98,6935.0
12,AA,SLC,380,61,3722.0
12,AA,SMF,293,46,3128.0
12,AA,SNA,496,66,3464.0
12,AA,STL,655,72,3970.0
12,AA,STT,172,29,2295.0
12,AA,STX,51,7,100.0
12,AA,SYR,51,3,134.0
12,AA,TPA,1045,134,5402.0
12,AA,TUL,196,30,1484.0
12,AA,TUS,256,33,1369.0
12,AS,ABQ,31,0,-196.0
12,AS,ADK,6,2,-81.0
12,AS,ADQ,26,2,-175.0
12,AS,ANC,1007,74,-286.0
12,AS,ATL,59,13,446.0
12,AS,AUS,31,2,-83.0
12,AS,BET,75,14,353.0
12,AS,BLI,101,13,83.0
12,AS,BNA,30,6,240.0
12,AS,BOS,115,14,421.0
12,AS,BRW,77,7,63.0
12,AS,BUR,89,5,-549.0
12,AS,BWI,61,8,368.0
12,AS,CDV,58,4,-908.0
12,AS,CHS,17,1,-7.0
12,AS,DCA,124,20,302.0
12,AS,DEN,121,15,621.0
12,AS,DFW,107,20,641.0
12,AS,DTW,31,3,159.0
12,AS,EWR,62,10,241.0
12,AS,FAI,169,21,943.0
12,AS,FLL,31,9,289.0
12,AS,GEG,144,16,566.0
12,AS,HNL,226,17,-152.0
12,AS,IAD,31,3,28.0
12,AS,IAH,30,4,-2.0
12,AS,JFK,31,6,1006.0
12,AS,JNU,286,32,-63.0
12,AS,KOA,158,12,-460.0
12,AS,KTN,183,21,296.0
12,AS,LAS,379,16,-1424.0
12,AS,LAX,807,67,787.0
12,AS,LIH,124,6,-958.0
12,AS,MCI,31,5,125.0
12,AS,MCO,56,11,401.0
12,AS,MSP,46,8,293.0
12,AS,MSY,31,2,-47.0
12,AS,OAK,182,8,-676.0
12,AS,OGG,282,23,-451.0
12,AS,OME,54,6,-59.0
12,AS,ONT,75,7,22.0
12,AS,ORD,146,24,1564.0
12,AS,OTZ,58,5,-8.0
12,AS,PDX,1233,133,5653.0
12,AS,PHL,31,11,567.0
12,AS,PHX,214,14,-168.0
12,AS,PSG,60,7,-238.0
12,AS,PSP,159,17,160.0
12,AS,RDU,31,5,338.0
12,AS,SAN,462,37,-27.0
12,AS,SAT,31,5,6.0
12,AS,SCC,76,4,-462.0
12,AS,SEA,4516,548,19707.0
12,AS,SFO,433,108,8025.0
12,AS,SIT,91,11,-204.0
12,AS,SJC,371,33,-413.0
12,AS,SLC,182,18,529.0
12,AS,SMF,176,9,-599.0
12,AS,SNA,301,35,990.0
12,AS,STL,31,9,149.0
12,AS,TPA,31,1,-73.0
12,AS,TUS,31,2,-87.0
12,AS,WRG,58,5,-59.0
12,AS,YAK,60,6,-773.0
12,B6,ABQ,27,12,605.0
12,B6,ALB,44,10,551.0
12,B6,AUS,200,46,3076.0
12,B6,BDL,341,79,5114.0
12,B6,BOS,3361,748,50002.0
12,B6,BQN,95,23,997.0
12,B6,BTV,91,17,2207.0
12,B6,BUF,344,67,3764.0
12,B6,BUR,31,16,641.0
12,B6,BWI,206,29,1448.0
12,B6,CHS,174,49,3003.0
12,B6,CLE,85,10,252.0
12,B6,CLT,105,37,2011.0
12,B6,DCA,887,191,12243.0
12,B6,DEN,85,23,1172.0
12,B6,DFW,46,13,1361.0
12,B6,DTW,118,17,433.0
12,B6,EWR,618,214,14247.0
12,B6,FLL,2050,647,37373.0
12,B6,HOU,62,24,1236.0
12,B6,HPN,335,99,8051.0
12,B6,IAD,170,33,2327.0
12,B6,JAX,306,76,3908.0
12,B6,JFK,3810,1178,74348.0
12,B6,LAS,361,136,10119.0
12,B6,LAX,385,102,5994.0
12,B6,LGA,554,179,11547.0
12,B6,LGB,647,187,10998.0
12,B6,MCO,1792,544,34543.0
12,B6,MSY,105,35,2173.0
12,B6,OAK,122,44,2025.0
12,B6,ORD,154,50,5164.0
12,B6,ORH,58,16,1190.0
12,B6,PBI,761,316,22437.0
12,B6,PDX,91,14,570.0
12,B6,PHL,173,52,3825.0
12,B6,PHX,60,23,1456.0
12,B6,PIT,114,20,1283.0
12,B6,PSE,82,17,433.0
12,B6,PVD,93,26,1899.0
12,B6,PWM,79,18,680.0
12,B6,RDU,216,53,3150.0
12,B6,RIC,154,24,1257.0
12,B6,RNO,31,13,704.0
12,B6,ROC,106,19,542.0
12,B6,RSW,487,158,9880.0
12,B6,SAN,116,31,2182.0
12,B6,SAV,93,30,1869.0
12,B6,SEA,151,58,3669.0
12,B6,SFO,488,176,13368.0
12,B6,SJC,55,28,1666.0
12,B6,SJU,1028,348,17651.0
12,B6,SLC,124,50,2435.0
12,B6,SMF,88,21,1272.0
12,B6,SRQ,93,36,1801.0
12,B6,STT,93,36,2126.0
12,B6,STX,31,7,96.0
12,B6,SWF,65,8,1147.0
12,B6,SYR,119,23,2220.0
12,B6,TPA,517,120,6816.0
12,DL,ABE,19,1,-4.0
12,DL,ABQ,127,26,1441.0
12,DL,AGS,37,0,-76.0
12,DL,ALB,130,16,1144.0
12,DL,ANC,117,11,89.0
12,DL,ATL,19227,3222,204704.0
12,DL,ATW,51,6,599.0
12,DL,AUS,273,44,3597.0
12,DL,AVL,47,7,1086.0
12,DL,AVP,29,3,1089.0
12,DL,BDL,343,42,1996.0
12,DL,BGR,11,3,67.0
12,DL,BHM,214,29,2435.0
12,DL,BIL,66,6,416.0
12,DL,BIS,27,5,159.0
12,DL,BNA,407,44,3198.0
12,DL,BOI,57,8,178.0
12,DL,BOS,1060,181,18452.0
12,DL,BTR,18,5,1154.0
12,DL,BUF,223,23,1537.0
12,DL,BWI,535,77,5318.0
12,DL,BZN,68,15,2247.0
12,DL,CAE,84,8,464.0
12,DL,CAK,105,13,1753.0
12,DL,CHA,49,8,1252.0
12,DL,CHO,31,6,830.0
12,DL,CHS,295,32,1520.0
12,DL,CLE,175,17,1272.0
12,DL,CLT,435,78,4812.0
12,DL,CMH,270,44,2426.0
12,DL,COS,28,4,110.0
12,DL,CRW,18,0,-43.0
12,DL,CVG,514,63,4449.0
12,DL,DAB,127,19,1608.0
12,DL,DAL,117,20,1923.0
12,DL,DAY,117,21,1712.0
12,DL,DCA,732,118,8705.0
12,DL,DEN,667,139,9044.0
12,DL,DFW,424,74,8416.0
12,DL,DLH,18,4,283.0
12,DL,DSM,52,1,256.0
12,DL,DTW,4392,639,34983.0
12,DL,ECP,131,14,924.0
12,DL,EGE,12,2,152.0
12,DL,ELP,67,14,1071.0
12,DL,EVV,31,6,697.0
12,DL,EWR,417,80,5318.0
12,DL,EYW,85,11,1484.0
12,DL,FAR,76,10,511.0
12,DL,FAY,46,4,278.0
12,DL,FLL,1084,183,12664.0
12,DL,FNT,85,10,1097.0
12,DL,FSD,65,7,1062.0
12,DL,GEG,108,11,993.0
12,DL,GNV,34,4,388.0
12,DL,GPT,100,10,339.0
12,DL,GRB,38,4,-37.0
12,DL,GRR,225,24,1573.0
12,DL,GSO,163,18,1354.0
12,DL,GSP,128,15,781.0
12,DL,HDN,13,3,381.0
12,DL,HNL,292,27,1873.0
12,DL,HOU,157,27,1729.0
12,DL,HSV,156,22,1412.0
12,DL,IAD,210,19,1306.0
12,DL,IAH,222,55,5465.0
12,DL,ICT,85,14,643.0
12,DL,ILM,31,3,70.0
12,DL,IND,381,66,4256.0
12,DL,JAC,66,16,1706.0
12,DL,JAN,131,15,1316.0
12,DL,JAX,392,59,5293.0
12,DL,JFK,2267,439,22791.0
12,DL,JNU,30,11,984.0
12,DL,KOA,44,3,648.0
12,DL,LAS,980,116,6905.0
12,DL,LAX,2529,734,44296.0
12,DL,LEX,88,11,964.0
12,DL,LFT,31,4,274.0
12,DL,LGA,2328,487,32633.0
12,DL,LIH,31,4,589.0
12,DL,LIT,160,19,1240.0
12,DL,MCI,437,69,5485.0
12,DL,MCO,1476,225,12830.0
12,DL,MDT,57,6,374.0
12,DL,MDW,175,21,1805.0
12,DL,MEM,331,40,2713.0
12,DL,MHT,29,2,266.0
12,DL,MIA,889,210,13606.0
12,DL,MKE,431,58,3145.0
12,DL,MLB,105,19,2317.0
12,DL,MOB,19,2,237.0
12,DL,MSN,220,17,674.0
12,DL,MSO,40,2,40.0
12,DL,MSP,4705,665,33743.0
12,DL,MSY,640,103,4578.0
12,DL,MTJ,12,5,502.0
12,DL,MYR,39,4,115.0
12,DL,OAK,88,15,923.0
12,DL,OGG,82,14,952.0
12,DL,OKC,160,15,2394.0
12,DL,OMA,180,21,1454.0
12,DL,ONT,41,3,9.0
12,DL,ORD,572,120,8323.0
12,DL,ORF,206,31,1840.0
12,DL,PBI,593,99,7036.0
12,DL,PDX,536,80,6316.0
12,DL,PHL,530,119,8114.0
12,DL,PHX,690,92,4531.0
12,DL,PIT,336,47,2146.0
12,DL,PNS,203,30,1862.0
12,DL,PSP,12,1,-1.0
12,DL,PVD,138,18,1503.0
12,DL,PWM,29,2,142.0
12,DL,RAP,19,2,173.0
12,DL,RDU,458,60,3666.0
12,DL,RIC,213,28,1961.0
12,DL,RNO,86,14,381.0
12,DL,ROA,31,3,446.0
12,DL,ROC,125,18,1550.0
12,DL,RSW,602,81,4778.0
12,DL,SAN,545,61,3376.0
12,DL,SAT,241,33,1933.0
12,DL,SAV,261,33,2446.0
12,DL,SDF,209,21,1931.0
12,DL,SEA,1308,236,11553.0
12,DL,SFO,991,277,19460.0
12,DL,SGF,31,4,962.0
12,DL,SJC,186,29,2021.0
12,DL,SJU,293,35,3116.0
12,DL,SLC,2909,438,20739.0
12,DL,SMF,167,23,1229.0
12,DL,SNA,212,28,1602.0
12,DL,SRQ,205,24,1710.0
12,DL,STL,399,59,4302.0
12,DL,STT,86,16,1972.0
12,DL,STX,4,2,89.0
12,DL,SYR,88,11,929.0
12,DL,TLH,89,8,896.0
12,DL,TPA,974,159,10765.0
12,DL,TRI,49,3,152.0
12,DL,TUL,95,5,182.0
12,DL,TUS,70,13,511.0
12,DL,TVC,1,0,11.0
12,DL,TYS,88,9,561.0
12,DL,VPS,119,15,1038.0
12,DL,XNA,44,1,48.0
12,EV,ABE,131,17,1136.0
12,EV,ABQ,15,3,357.0
12,EV,ABY,76,15,686.0
12,EV,ACT,144,10,31.0
12,EV,AEX,222,41,3635.0
12,EV,AGS,179,29,1902.0
12,EV,ALB,73,14,249.0
12,EV,AMA,59,4,329.0
12,EV,ATL,5226,1165,75524.0
12,EV,ATW,131,23,1159.0
12,EV,AUS,6,0,-9.0
12,EV,AVL,122,33,2018.0
12,EV,AVP,85,10,629.0
12,EV,AZO,67,9,203.0
12,EV,BDL,77,16,957.0
12,EV,BGR,13,3,510.0
12,EV,BHM,239,54,3843.0
12,EV,BMI,72,14,1550.0
12,EV,BNA,218,42,1872.0
12,EV,BOS,150,17,1102.0
12,EV,BPT,84,16,2161.0
12,EV,BQK,83,13,961.0
12,EV,BRO,165,10,-299.0
12,EV,BTR,537,105,7232.0
12,EV,BTV,241,45,2361.0
12,EV,BUF,161,21,666.0
12,EV,BWI,59,12,582.0
12,EV,CAE,336,67,5289.0
12,EV,CAK,166,21,884.0
12,EV,CHA,289,55,3602.0
12,EV,CHO,33,4,448.0
12,EV,CHS,243,42,2573.0
12,EV,CID,130,14,1514.0
12,EV,CLE,801,109,6223.0
12,EV,CLL,56,6,215.0
12,EV,CLT,117,17,1195.0
12,EV,CMH,175,36,1954.0
12,EV,COS,17,4,758.0
12,EV,CRP,117,14,-201.0
12,EV,CRW,189,30,2246.0
12,EV,CSG,74,13,1207.0
12,EV,CVG,181,39,2514.0
12,EV,CWA,55,7,116.0
12,EV,DAB,2,1,73.0
12,EV,DAL,22,10,909.0
12,EV,DAY,136,32,1650.0
12,EV,DCA,296,51,2646.0
12,EV,DFW,2641,453,25233.0
12,EV,DHN,113,24,1286.0
12,EV,DSM,119,24,1593.0
12,EV,DTW,1564,248,12607.0
12,EV,ECP,76,10,292.0
12,EV,ELM,170,18,1341.0
12,EV,ELP,62,1,-289.0
12,EV,ERI,54,4,417.0
12,EV,EVV,186,19,626.0
12,EV,EWN,54,6,119.0
12,EV,EWR,2924,634,31302.0
12,EV,EYW,59,9,529.0
12,EV,FAR,126,31,2991.0
12,EV,FAY,104,24,2308.0
12,EV,FNT,79,12,1003.0
12,EV,FSD,85,18,778.0
12,EV,FSM,145,18,1244.0
12,EV,GJT,20,3,221.0
12,EV,GNV,158,29,1901.0
12,EV,GPT,158,17,1116.0
12,EV,GRB,89,7,-12.0
12,EV,GRK,255,36,2944.0
12,EV,GRR,164,26,1696.0
12,EV,GSO,237,49,2100.0
12,EV,GSP,295,47,2198.0
12,EV,GTR,76,12,980.0
12,EV,HOB,45,4,147.0
12,EV,HOU,65,15,1237.0
12,EV,HPN,182,40,2432.0
12,EV,HRL,97,7,-63.0
12,EV,HSV,179,23,1043.0
12,EV,IAD,69,16,948.0
12,EV,IAH,4081,452,13914.0
12,EV,ICT,188,28,1098.0
12,EV,ILM,103,16,991.0
12,EV,IND,284,69,3519.0
12,EV,ISN,26,4,73.0
12,EV,JAN,382,57,3004.0
12,EV,JAX,179,38,2338.0
12,EV,JLN,61,5,322.0
12,EV,LAN,71,9,983.0
12,EV,LAW,85,7,-173.0
12,EV,LBB,91,12,289.0
12,EV,LCH,87,6,-354.0
12,EV,LEX,266,35,1522.0
12,EV,LFT,220,29,1649.0
12,EV,LGA,717,140,9056.0
12,EV,LIT,176,25,1157.0
12,EV,LNK,92,16,1616.0
12,EV,LRD,142,21,1051.0
12,EV,MAF,144,23,548.0
12,EV,MCI,183,31,1898.0
12,EV,MCO,6,0,-16.0
12,EV,MDT,73,9,833.0
12,EV,MDW,87,13,793.0
12,EV,MEI,84,14,316.0
12,EV,MEM,226,39,1920.0
12,EV,MFE,44,0,-264.0
12,EV,MGM,200,46,3894.0
12,EV,MHT,125,16,836.0
12,EV,MKE,165,30,1411.0
12,EV,MLB,24,10,490.0
12,EV,MLI,68,17,1126.0
12,EV,MLU,251,30,1213.0
12,EV,MOB,345,49,2436.0
12,EV,MSN,119,24,779.0
12,EV,MSP,473,113,9679.0
12,EV,MSY,26,0,-155.0
12,EV,MYR,46,12,929.0
12,EV,OAJ,96,22,2570.0
12,EV,OKC,131,18,584.0
12,EV,OMA,308,76,5306.0
12,EV,ORD,3562,602,23472.0
12,EV,ORF,220,56,3431.0
12,EV,PBI,1,0,-7.0
12,EV,PHF,103,17,1222.0
12,EV,PHL,17,5,300.0
12,EV,PIA,244,42,2912.0
12,EV,PIB,54,7,499.0
12,EV,PIT,79,16,891.0
12,EV,PNS,170,27,1798.0
12,EV,PVD,109,21,1045.0
12,EV,PWM,181,40,2251.0
12,EV,RAP,10,5,627.0
12,EV,RDU,211,45,3177.0
12,EV,RIC,486,113,7805.0
12,EV,ROA,159,34,3066.0
12,EV,ROC,110,20,920.0
12,EV,ROW,2,1,75.0
12,EV,RST,36,7,624.0
12,EV,RSW,2,0,-11.0
12,EV,SAF,30,7,1026.0
12,EV,SAT,52,9,821.0
12,EV,SAV,199,36,1760.0
12,EV,SBN,74,11,922.0
12,EV,SCE,65,6,882.0
12,EV,SDF,147,33,1701.0
12,EV,SGF,110,28,2554.0
12,EV,SHV,479,55,3843.0
12,EV,SPI,56,6,74.0
12,EV,STL,268,65,3930.0
12,EV,SYR,213,35,1524.0
12,EV,TLH,159,30,2141.0
12,EV,TRI,127,16,662.0
12,EV,TUL,277,44,2233.0
12,EV,TUS,29,8,584.0
12,EV,TVC,98,15,421.0
12,EV,TXK,86,14,69.0
12,EV,TYR,173,14,-212.0
12,EV,TYS,432,78,6458.0
12,EV,VLD,83,12,1186.0
12,EV,VPS,288,54,3158.0
12,EV,XNA,227,39,2873.0
12,F9,ATL,430,117,8298.0
12,F9,AUS,93,26,1463.0
12,F9,BIS,13,1,-46.0
12,F9,BNA,28,8,396.0
12,F9,BZN,17,4,51.0
12,F9,CID,13,4,83.0
12,F9,CLE,217,35,4282.0
12,F9,CLT,59,16,1023.0
12,F9,CVG,155,24,1014.0
12,F9,DCA,93,15,1196.0
12,F9,DEN,1984,538,34737.0
12,F9,DFW,119,22,1739.0
12,F9,DSM,17,2,59.0
12,F9,DTW,90,13,750.0
12,F9,FLL,16,3,95.0
12,F9,FSD,14,6,618.0
12,F9,GSO,17,4,111.0
12,F9,IAD,62,9,540.0
12,F9,IAH,168,48,3531.0
12,F9,IND,81,10,375.0
12,F9,LAS,552,114,8498.0
12,F9,LAX,185,49,2763.0
12,F9,LGA,58,21,1970.0
12,F9,MCI,31,6,444.0
12,F9,MCO,660,127,6823.0
12,F9,MEM,27,5,228.0
12,F9,MIA,198,47,4079.0
12,F9,MKE,75,21,1708.0
12,F9,MSN,16,3,58.0
12,F9,MSO,13,3,137.0
12,F9,MSP,105,28,1905.0
12,F9,MSY,62,18,1876.0
12,F9,OMA,17,5,643.0
12,F9,ORD,483,127,7603.0
12,F9,PBI,19,10,674.0
12,F9,PDX,76,12,1309.0
12,F9,PHL,305,104,5986.0
12,F9,PHX,121,39,2290.0
12,F9,RDU,59,10,381.0
12,F9,RSW,194,38,1444.0
12,F9,SAN,55,9,409.0
12,F9,SEA,57,11,463.0
12,F9,SFO,245,97,9186.0
12,F9,SLC,114,18,957.0
12,F9,SNA,58,10,589.0
12,F9,STL,118,19,1003.0
12,F9,TPA,143,29,1105.0
12,F9,TTN,272,55,3605.0
12,F9,TYS,14,4,345.0
12,F9,UST,17,3,186.0
12,HA,HNL,2686,87,-3863.0
12,HA,ITO,478,20,-799.0
12,HA,JFK,29,4,105.0
12,HA,KOA,598,19,-1527.0
12,HA,LAS,75,5,18.0
12,HA,LAX,144,19,1483.0
12,HA,LIH,676,26,-1768.0
12,HA,OAK,62,8,1323.0
12,HA,OGG,1188,66,-58.0
12,HA,PDX,31,3,130.0
12,HA,PHX,31,1,44.0
12,HA,PPG,10,1,713.0
12,HA,SAN,31,3,119.0
12,HA,SEA,62,9,877.0
12,HA,SFO,62,6,244.0
12,HA,SJC,61,4,25.0
12,HA,SMF,31,1,143.0
12,MQ,ABI,196,24,971.0
12,MQ,ABQ,53,12,856.0
12,MQ,ACT,5,0,-22.0
12,MQ,AEX,57,8,283.0
12,MQ,ALO,55,3,-122.0
12,MQ,AMA,45,3,193.0
12,MQ,ASE,63,30,5743.0
12,MQ,AZO,97,10,432.0
12,MQ,BDL,37,6,681.0
12,MQ,BHM,121,19,1444.0
12,MQ,BIS,60,8,399.0
12,MQ,BMI,143,17,270.0
12,MQ,BNA,246,39,1941.0
12,MQ,BTR,29,4,235.0
12,MQ,BUF,133,10,-155.0
12,MQ,BWI,139,26,865.0
12,MQ,CHA,30,8,324.0
12,MQ,CID,157,17,227.0
12,MQ,CLE,129,20,388.0
12,MQ,CLL,131,8,-420.0
12,MQ,CLT,64,13,834.0
12,MQ,CMH,292,31,631.0
12,MQ,CMI,201,28,2305.0
12,MQ,COU,122,11,1525.0
12,MQ,CRP,42,6,471.0
12,MQ,CVG,376,48,2998.0
12,MQ,CWA,67,4,270.0
12,MQ,DAY,101,15,322.0
12,MQ,DBQ,81,10,810.0
12,MQ,DFW,3708,536,23910.0
12,MQ,DRO,57,17,869.0
12,MQ,DSM,169,19,726.0
12,MQ,DTW,136,19,760.0
12,MQ,ELP,73,14,1821.0
12,MQ,EVV,127,22,1896.0
12,MQ,EWR,123,35,2222.0
12,MQ,EYW,61,10,389.0
12,MQ,FAR,147,16,255.0
12,MQ,FNT,83,13,900.0
12,MQ,FSD,56,7,188.0
12,MQ,FSM,28,0,-200.0
12,MQ,FWA,170,23,684.0
12,MQ,GCK,59,4,666.0
12,MQ,GGG,60,11,1213.0
12,MQ,GJT,92,20,1128.0
12,MQ,GNV,57,7,83.0
12,MQ,GRB,114,12,618.0
12,MQ,GRI,59,6,47.0
12,MQ,GRK,72,6,-117.0
12,MQ,GRR,197,24,493.0
12,MQ,GSP,28,6,242.0
12,MQ,HOU,75,8,2.0
12,MQ,HPN,68,13,857.0
12,MQ,HSV,43,16,1475.0
12,MQ,IAH,25,6,231.0
12,MQ,ICT,14,2,208.0
12,MQ,IND,197,31,1106.0
12,MQ,JAN,88,16,897.0
12,MQ,JAX,130,16,392.0
12,MQ,JFK,105,20,931.0
12,MQ,LAW,31,2,34.0
12,MQ,LAX,11,6,1090.0
12,MQ,LBB,38,8,234.0
12,MQ,LCH,83,7,528.0
12,MQ,LEX,66,9,333.0
12,MQ,LFT,104,6,96.0
12,MQ,LIT,264,51,3251.0
12,MQ,LRD,44,4,99.0
12,MQ,LSE,100,6,-298.0
12,MQ,MAF,27,6,772.0
12,MQ,MCI,72,13,887.0
12,MQ,MDT,82,10,215.0
12,MQ,MEM,61,12,327.0
12,MQ,MGM,87,11,778.0
12,MQ,MHK,149,13,300.0
12,MQ,MIA,391,50,1980.0
12,MQ,MKE,28,7,455.0
12,MQ,MLI,161,26,1698.0
12,MQ,MOB,85,13,501.0
12,MQ,MQT,26,5,357.0
12,MQ,MSN,163,17,446.0
12,MQ,MSP,32,8,353.0
12,MQ,OKC,221,39,2176.0
12,MQ,OMA,161,31,1551.0
12,MQ,ORD,5833,858,39613.0
12,MQ,PIA,131,13,562.0
12,MQ,PIT,60,9,1207.0
12,MQ,PNS,14,4,273.0
12,MQ,RAP,31,2,-17.0
12,MQ,RDU,2,0,-10.0
12,MQ,RIC,104,21,931.0
12,MQ,ROC,85,9,912.0
12,MQ,ROW,71,4,286.0
12,MQ,RST,126,17,395.0
12,MQ,SAF,54,4,-235.0
12,MQ,SAT,28,8,360.0
12,MQ,SDF,60,13,702.0
12,MQ,SGF,356,53,2479.0
12,MQ,SJT,144,11,667.0
12,MQ,SLC,26,3,146.0
12,MQ,SPS,86,9,463.0
12,MQ,STL,52,8,351.0
12,MQ,SUX,56,12,642.0
12,MQ,SYR,111,13,590.0
12,MQ,TLH,14,2,15.0
12,MQ,TOL,82,6,-104.0
12,MQ,TUL,40,6,308.0
12,MQ,TVC,82,8,290.0
12,MQ,TYR,14,1,-84.0
12,MQ,XNA,346,62,2842.0
12,NK,ACY,298,33,885.0
12,NK,ATL,595,242,15542.0
12,NK,BOS,184,56,3435.0
12,NK,BQN,13,7,239.0
12,NK,BWI,268,66,4265.0
12,NK,CLE,239,63,3723.0
12,NK,DEN,294,78,3945.0
12,NK,DFW,697,158,8840.0
12,NK,DTW,721,166,7283.0
12,NK,FLL,1138,291,17043.0
12,NK,IAG,31,5,-160.0
12,NK,IAH,455,132,6667.0
12,NK,LAS,869,239,13791.0
12,NK,LAX,538,173,9356.0
12,NK,LBE,87,15,607.0
12,NK,LGA,325,83,4417.0
12,NK,MCI,91,27,1761.0
12,NK,MCO,514,152,7551.0
12,NK,MSP,337,72,3027.0
12,NK,MSY,181,37,1635.0
12,NK,MYR,150,33,2398.0
12,NK,OAK,183,43,2363.0
12,NK,ORD,853,240,11647.0
12,NK,PBG,31,9,579.0
12,NK,PBI,61,17,799.0
12,NK,PDX,41,16,887.0
12,NK,PHL,118,28,2054.0
12,NK,PHX,119,41,1628.0
12,NK,RSW,363,87,3268.0
12,NK,SAN,185,44,1838.0
12,NK,SJU,71,33,2278.0
12,NK,STT,31,8,536.0
12,NK,TPA,408,113,6099.0
12,OO,ABQ,200,46,3045.0
12,OO,ABR,61,11,1202.0
12,OO,ACV,114,33,2229.0
12,OO,ALB,21,3,87.0
12,OO,AMA,3,1,26.0
12,OO,APN,50,5,549.0
12,OO,ASE,328,159,13690.0
12,OO,ATL,416,94,11597.0
12,OO,ATW,41,12,507.0
12,OO,AUS,280,71,4386.0
12,OO,AVL,30,1,-61.0
12,OO,AZO,48,5,161.0
12,OO,BDL,32,10,717.0
12,OO,BFL,225,41,2558.0
12,OO,BGM,62,7,636.0
12,OO,BHM,103,34,1708.0
12,OO,BIL,138,20,1118.0
12,OO,BIS,199,23,815.0
12,OO,BJI,62,5,224.0
12,OO,BMI,30,5,111.0
12,OO,BNA,308,61,4499.0
12,OO,BOI,738,149,11133.0
12,OO,BOS,6,0,-24.0
12,OO,BRD,52,0,-226.0
12,OO,BRO,19,0,-110.0
12,OO,BTM,56,14,1854.0
12,OO,BTR,13,3,328.0
12,OO,BUF,17,7,570.0
12,OO,BUR,368,74,4728.0
12,OO,BZN,144,21,1221.0
12,OO,CAK,3,0,-26.0
12,OO,CDC,54,14,738.0
12,OO,CHO,120,28,2365.0
12,OO,CHS,75,12,872.0
12,OO,CID,231,40,2693.0
12,OO,CIU,59,8,254.0
12,OO,CLE,62,10,511.0
12,OO,CLT,113,39,1955.0
12,OO,CMH,74,14,838.0
12,OO,CMX,58,9,1183.0
12,OO,COD,33,8,409.0
12,OO,COS,480,78,6174.0
12,OO,CPR,96,13,491.0
12,OO,CRP,50,7,632.0
12,OO,CRW,3,0,-12.0
12,OO,CVG,384,86,6347.0
12,OO,CWA,1,0,-5.0
12,OO,DAY,162,32,2287.0
12,OO,DCA,140,29,986.0
12,OO,DEN,3943,901,47408.0
12,OO,DFW,299,75,6863.0
12,OO,DLH,158,27,1004.0
12,OO,DRO,130,26,1209.0
12,OO,DSM,161,33,1457.0
12,OO,DTW,1255,186,11879.0
12,OO,DVL,44,5,167.0
12,OO,EAU,59,6,186.0
12,OO,EKO,50,7,66.0
12,OO,ELP,93,15,693.0
12,OO,ESC,53,4,488.0
12,OO,EUG,292,72,5563.0
12,OO,FAR,180,23,931.0
12,OO,FAT,478,75,5592.0
12,OO,FCA,143,21,844.0
12,OO,FLG,148,20,627.0
12,OO,FSD,136,24,1338.0
12,OO,FWA,268,40,2760.0
12,OO,GCC,89,15,355.0
12,OO,GEG,252,51,2728.0
12,OO,GFK,110,12,710.0
12,OO,GJT,178,20,900.0
12,OO,GRB,115,15,741.0
12,OO,GRR,69,16,1288.0
12,OO,GSO,3,1,79.0
12,OO,GSP,23,2,35.0
12,OO,GTF,164,21,2138.0
12,OO,GUC,15,0,-62.0
12,OO,HDN,62,19,1232.0
12,OO,HIB,84,10,72.0
12,OO,HLN,117,13,752.0
12,OO,HRL,1,0,4.0
12,OO,HYS,50,6,128.0
12,OO,IAD,34,6,662.0
12,OO,IAH,1493,337,18769.0
12,OO,ICT,224,47,3393.0
12,OO,IDA,202,14,64.0
12,OO,IMT,57,7,206.0
12,OO,IND,25,9,977.0
12,OO,INL,53,8,287.0
12,OO,ISN,161,17,1129.0
12,OO,ITH,20,6,408.0
12,OO,JAC,108,23,1446.0
12,OO,JAX,18,3,238.0
12,OO,JMS,67,8,72.0
12,OO,JNU,1,1,343.0
12,OO,LAN,132,20,1587.0
12,OO,LAR,50,9,262.0
12,OO,LAS,163,23,2025.0
12,OO,LAX,1962,475,26911.0
12,OO,LBB,52,10,1285.0
12,OO,LEX,33,5,323.0
12,OO,LFT,37,6,204.0
12,OO,LGA,10,1,99.0
12,OO,LGB,109,11,1010.0
12,OO,LIT,58,18,2242.0
12,OO,LNK,122,21,1309.0
12,OO,LSE,81,8,1220.0
12,OO,LWS,59,6,389.0
12,OO,MAF,83,13,396.0
12,OO,MBS,142,29,2903.0
12,OO,MCI,151,33,2175.0
12,OO,MDW,64,23,1580.0
12,OO,MEM,102,19,1451.0
12,OO,MFE,20,2,36.0
12,OO,MFR,238,69,5064.0
12,OO,MIA,4,0,0.0
12,OO,MKE,576,117,7901.0
12,OO,MKG,57,16,1122.0
12,OO,MLI,37,5,536.0
12,OO,MMH,10,7,529.0
12,OO,MOB,1,0,2.0
12,OO,MOT,158,22,1447.0
12,OO,MQT,18,4,516.0
12,OO,MRY,212,26,1190.0
12,OO,MSN,131,30,1884.0
12,OO,MSO,121,22,1033.0
12,OO,MSP,2504,410,21513.0
12,OO,MSY,27,13,879.0
12,OO,MTJ,71,16,798.0
12,OO,OAK,144,30,1779.0
12,OO,OKC,255,64,2952.0
12,OO,OMA,173,38,2479.0
12,OO,ONT,296,66,6075.0
12,OO,ORD,3045,767,43014.0
12,OO,ORF,34,9,702.0
12,OO,OTH,13,4,874.0
12,OO,PAH,56,8,409.0
12,OO,PDX,495,61,2888.0
12,OO,PHL,2,1,71.0
12,OO,PHX,1449,233,11010.0
12,OO,PIA,73,14,602.0
12,OO,PIH,56,8,82.0
12,OO,PIT,57,10,449.0
12,OO,PLN,60,9,1052.0
12,OO,PSC,291,44,2371.0
12,OO,PSP,451,92,4935.0
12,OO,PVD,1,0,-9.0
12,OO,RAP,155,29,2220.0
12,OO,RDD,56,10,499.0
12,OO,RDM,203,30,2706.0
12,OO,RDU,70,16,2191.0
12,OO,RHI,87,10,347.0
12,OO,RIC,13,3,299.0
12,OO,RKS,56,7,1479.0
12,OO,RNO,167,52,2946.0
12,OO,RSW,4,3,446.0
12,OO,SAN,352,70,4315.0
12,OO,SAT,247,62,3739.0
12,OO,SBA,437,83,4631.0
12,OO,SBN,306,52,5027.0
12,OO,SBP,211,47,2832.0
12,OO,SDF,47,12,375.0
12,OO,SEA,1492,351,20719.0
12,OO,SFO,3069,949,63000.0
12,OO,SGF,46,11,443.0
12,OO,SGU,159,26,909.0
12,OO,SHV,65,15,973.0
12,OO,SJC,218,33,1136.0
12,OO,SLC,4032,695,37828.0
12,OO,SMF,378,92,5392.0
12,OO,SMX,55,10,684.0
12,OO,SNA,229,55,3143.0
12,OO,SPI,88,23,3870.0
12,OO,STL,194,49,3271.0
12,OO,SUN,64,14,804.0
12,OO,SYR,19,3,245.0
12,OO,TUL,136,25,2320.0
12,OO,TUS,545,101,5942.0
12,OO,TVC,6,1,51.0
12,OO,TWF,70,18,962.0
12,OO,TYS,13,5,624.0
12,OO,VPS,1,0,-2.0
12,OO,XNA,138,28,1859.0
12,OO,YUM,174,13,-268.0
12,UA,ABQ,31,5,1036.0
12,UA,ALB,51,4,51.0
12,UA,ANC,87,24,1882.0
12,UA,ATL,291,96,7522.0
12,UA,AUS,407,76,5420.0
12,UA,BDL,52,9,786.0
12,UA,BIL,63,12,1147.0
12,UA,BNA,44,5,524.0
12,UA,BOI,58,10,1222.0
12,UA,BOS,910,231,16641.0
12,UA,BQN,30,6,388.0
12,UA,BTV,26,4,75.0
12,UA,BUF,16,3,211.0
12,UA,BWI,247,32,1402.0
12,UA,BZN,93,24,3236.0
12,UA,CLE,495,79,6947.0
12,UA,CLT,67,13,1225.0
12,UA,CMH,75,11,721.0
12,UA,CVG,3,1,907.0
12,UA,DCA,302,33,3080.0
12,UA,DEN,4539,1124,86709.0
12,UA,DFW,309,61,5379.0
12,UA,DSM,59,16,1094.0
12,UA,DTW,111,26,2194.0
12,UA,EGE,31,18,1665.0
12,UA,EWR,3996,1090,79046.0
12,UA,FLL,580,94,5927.0
12,UA,GEG,54,6,300.0
12,UA,GRR,19,3,371.0
12,UA,GUC,13,4,259.0
12,UA,GUM,31,0,-34.0
12,UA,HDN,23,6,499.0
12,UA,HNL,486,64,4268.0
12,UA,IAD,1667,276,18367.0
12,UA,IAH,5078,1408,99519.0
12,UA,ICT,64,10,823.0
12,UA,IND,109,26,1291.0
12,UA,ITO,26,0,-129.0
12,UA,JAC,119,36,3470.0
12,UA,JAX,14,5,283.0
12,UA,KOA,124,19,1393.0
12,UA,LAS,764,132,10650.0
12,UA,LAX,2325,469,33341.0
12,UA,LGA,663,126,9699.0
12,UA,LIH,91,12,850.0
12,UA,MCI,61,11,560.0
12,UA,MCO,1110,210,15887.0
12,UA,MDT,28,2,-26.0
12,UA,MEM,53,12,1636.0
12,UA,MFE,48,6,93.0
12,UA,MIA,424,113,7379.0
12,UA,MSN,68,10,1011.0
12,UA,MSP,245,51,3788.0
12,UA,MSY,370,63,5187.0
12,UA,MTJ,23,5,129.0
12,UA,OGG,229,36,3343.0
12,UA,OKC,60,13,853.0
12,UA,OMA,81,18,2343.0
12,UA,ORD,5129,1381,100734.0
12,UA,ORF,27,1,-10.0
12,UA,PBI,213,56,5274.0
12,UA,PDX,535,113,8306.0
12,UA,PHL,338,95,7643.0
12,UA,PHX,532,82,6112.0
12,UA,PIT,173,25,1251.0
12,UA,PSP,89,24,2086.0
12,UA,RDU,154,33,3327.0
12,UA,RIC,26,5,212.0
12,UA,RNO,60,14,951.0
12,UA,ROC,38,4,60.0
12,UA,RSW,268,43,2490.0
12,UA,SAN,703,140,11504.0
12,UA,SAT,276,40,3414.0
12,UA,SEA,725,152,14319.0
12,UA,SFO,4018,1185,98737.0
12,UA,SJC,79,10,645.0
12,UA,SJU,255,83,4922.0
12,UA,SLC,172,43,3800.0
12,UA,SMF,193,24,1956.0
12,UA,SNA,445,87,6366.0
12,UA,SRQ,58,16,855.0
12,UA,STL,40,11,1114.0
12,UA,STT,53,8,463.0
12,UA,TPA,560,98,7521.0
12,UA,TUL,24,3,44.0
12,UA,TUS,31,6,619.0
12,VX,AUS,60,12,1166.0
12,VX,BOS,110,24,1552.0
12,VX,DAL,491,134,9176.0
12,VX,DCA,116,17,1353.0
12,VX,EWR,174,46,3332.0
12,VX,FLL,139,45,2220.0
12,VX,HNL,30,3,327.0
12,VX,IAD,133,19,1780.0
12,VX,JFK,372,70,5061.0
12,VX,LAS,408,125,8341.0
12,VX,LAX,1132,316,18888.0
12,VX,LGA,117,19,926.0
12,VX,MCO,31,6,579.0
12,VX,OGG,29,4,129.0
12,VX,ORD,142,53,3719.0
12,VX,PDX,30,3,200.0
12,VX,PSP,34,15,1292.0
12,VX,SAN,169,61,4363.0
12,VX,SEA,197,77,5325.0
12,VX,SFO,1576,446,31079.0
12,WN,ABQ,978,281,15859.0
12,WN,ALB,364,50,3323.0
12,WN,AMA,133,25,1538.0
12,WN,ATL,3583,936,55407.0
12,WN,AUS,1776,338,22153.0
12,WN,BDL,564,96,5541.0
12,WN,BHM,361,78,5297.0
12,WN,BNA,2475,564,27886.0
12,WN,BOI,269,64,3163.0
12,WN,BOS,978,200,13396.0
12,WN,BUF,506,74,3646.0
12,WN,BUR,1226,234,10258.0
12,WN,BWI,5869,1580,79909.0
12,WN,CAK,216,24,1148.0
12,WN,CHS,215,35,2101.0
12,WN,CLE,407,63,2209.0
12,WN,CLT,181,50,2857.0
12,WN,CMH,977,182,10552.0
12,WN,CRP,113,28,1942.0
12,WN,DAL,5138,1345,77370.0
12,WN,DAY,117,17,1007.0
12,WN,DCA,1297,235,14981.0
12,WN,DEN,5148,1370,72221.0
12,WN,DSM,83,14,828.0
12,WN,DTW,572,102,5959.0
12,WN,ECP,117,13,464.0
12,WN,ELP,582,118,7629.0
12,WN,EWR,488,123,7845.0
12,WN,FLL,1695,307,16439.0
12,WN,FNT,143,23,1409.0
12,WN,GEG,265,60,2699.0
12,WN,GRR,147,21,1218.0
12,WN,GSP,140,33,1251.0
12,WN,HOU,4374,1079,57553.0
12,WN,HRL,173,28,1299.0
12,WN,IAD,182,22,1570.0
12,WN,ICT,137,24,1093.0
12,WN,IND,1001,165,8384.0
12,WN,ISP,399,79,5505.0
12,WN,JAX,362,67,2828.0
12,WN,LAS,6270,1791,87459.0
12,WN,LAX,3488,1275,65986.0
12,WN,LBB,194,23,1454.0
12,WN,LGA,939,242,18774.0
12,WN,LIT,206,34,1748.0
12,WN,MAF,264,40,1759.0
12,WN,MCI,1878,371,20345.0
12,WN,MCO,3426,657,33925.0
12,WN,MDW,6434,1673,90277.0
12,WN,MEM,282,54,3037.0
12,WN,MHT,383,65,2279.0
12,WN,MKE,1129,182,10567.0
12,WN,MSP,635,125,6523.0
12,WN,MSY,1561,309,18097.0
12,WN,OAK,3095,1054,50968.0
12,WN,OKC,537,100,5441.0
12,WN,OMA,470,102,4638.0
12,WN,ONT,893,189,9176.0
12,WN,ORF,190,39,2290.0
12,WN,PBI,251,76,5695.0
12,WN,PDX,1107,307,14933.0
12,WN,PHL,819,213,13923.0
12,WN,PHX,4833,1254,62548.0
12,WN,PIT,771,135,6724.0
12,WN,PNS,91,20,1534.0
12,WN,PVD,543,71,4311.0
12,WN,PWM,91,18,656.0
12,WN,RDU,942,213,11451.0
12,WN,RIC,121,28,1811.0
12,WN,RNO,542,139,6159.0
12,WN,ROC,154,25,1375.0
12,WN,RSW,579,114,5843.0
12,WN,SAN,2759,738,35621.0
12,WN,SAT,1230,215,11197.0
12,WN,SDF,338,65,3515.0
12,WN,SEA,1100,292,15738.0
12,WN,SFO,1222,357,26280.0
12,WN,SJC,1965,559,28071.0
12,WN,SJU,345,34,730.0
12,WN,SLC,798,198,10760.0
12,WN,SMF,1859,368,18665.0
12,WN,SNA,1771,393,20431.0
12,WN,STL,2488,652,37740.0
12,WN,TPA,2351,432,22508.0
12,WN,TUL,377,74,4562.0
12,WN,TUS,382,64,2272.0
